Time (s),Voltage (V)
0.0,-0.008356697011981867
0.001,0.002731446339844281
0.002,-0.004660649228039817
0.003,-0.0009646014440977679
0.004,-0.0009646014440977679
0.005,-0.008356697011981867
0.006,0.002731446339844281
0.007,-0.0009646014440977679
0.008,0.024907733043496576
0.009,-0.015748792579865965
0.01,-0.004660649228039817
0.011,-0.0009646014440977679
0.012,-0.02683693593169211
0.013,-0.012052744795923914
0.014,-0.004660649228039817
0.015,-0.012052744795923914
0.016,0.010123541907728378
0.017,-0.03422903149957621
0.018,-0.0009646014440977679
0.019,-0.004660649228039817
0.02,-0.004660649228039817
0.021,-0.02314088814775006
0.022,-0.008356697011981867
0.023,-0.004660649228039817
0.024,0.00642749412378633
0.025,-0.019444840363808013
0.026,-0.012052744795923914
0.027,-0.015748792579865965
0.028,-0.019444840363808013
0.029,-0.015748792579865965
0.03,-0.008356697011981867
0.031,-0.012052744795923914
0.032,-0.019444840363808013
0.033,-0.008356697011981867
0.034,-0.012052744795923914
0.035,-0.008356697011981867
0.036,-0.02683693593169211
0.037,-0.012052744795923914
0.038,-0.015748792579865965
0.039,-0.004660649228039817
0.04,-0.03422903149957621
0.041,-0.0009646014440977679
0.042,-0.03792507928351826
0.043,-0.02683693593169211
0.044,-0.019444840363808013
0.045,-0.004660649228039817
0.046,-0.02683693593169211
0.047,-0.004660649228039817
0.048,-0.03053298371563416
0.049,-0.03422903149957621
0.05,-0.008356697011981867
0.051,-0.0009646014440977679
0.052,0.013819589691670428
0.053,-0.0009646014440977679
0.054,0.010123541907728378
0.055,-0.012052744795923914
0.056,-0.008356697011981867
0.057,0.010123541907728378
0.058,-0.004660649228039817
0.059,-0.012052744795923914
0.06,-0.02683693593169211
0.061,-0.004660649228039817
0.062,-0.008356697011981867
0.063,-0.004660649228039817
0.064,-0.02314088814775006
0.065,0.00642749412378633
0.066,-0.012052744795923914
0.067,-0.008356697011981867
0.068,-0.015748792579865965
0.069,-0.02683693593169211
0.07,-0.0009646014440977679
0.071,-0.008356697011981867
0.072,-0.008356697011981867
0.073,-0.012052744795923914
0.074,-0.008356697011981867
0.075,-0.008356697011981867
0.076,-0.0009646014440977679
0.077,-0.015748792579865965
0.078,0.021211685259554525
0.079,-0.008356697011981867
0.08,-0.004660649228039817
0.081,0.010123541907728378
0.082,0.010123541907728378
0.083,-0.004660649228039817
0.084,-0.019444840363808013
0.085,-0.012052744795923914
0.086,-0.0009646014440977679
0.087,-0.0009646014440977679
0.088,0.00642749412378633
0.089,0.002731446339844281
0.09,-0.004660649228039817
0.091,-0.015748792579865965
0.092,-0.004660649228039817
0.093,-0.008356697011981867
0.094,-0.008356697011981867
0.095,0.013819589691670428
0.096,-0.015748792579865965
0.097,-0.004660649228039817
0.098,-0.008356697011981867
0.099,-0.008356697011981867
0.1,0.010123541907728378
0.101,-0.015748792579865965
0.102,-0.015748792579865965
0.103,-0.02314088814775006
0.104,0.013819589691670428
0.105,-0.02683693593169211
0.106,-0.004660649228039817
0.107,-0.012052744795923914
0.108,-0.0009646014440977679
0.109,0.00642749412378633
0.11,0.00642749412378633
0.111,-0.03053298371563416
0.112,0.00642749412378633
0.113,-0.008356697011981867
0.114,-0.019444840363808013
0.115,-0.012052744795923914
0.116,0.002731446339844281
0.117,-0.03792507928351826
0.118,-0.012052744795923914
0.119,0.00642749412378633
0.12,-0.008356697011981867
0.121,-0.008356697011981867
0.122,-0.03053298371563416
0.123,-0.015748792579865965
0.124,0.021211685259554525
0.125,-0.03053298371563416
0.126,-0.02683693593169211
0.127,-0.02314088814775006
0.128,0.00642749412378633
0.129,-0.004660649228039817
0.13,-0.015748792579865965
0.131,-0.03053298371563416
0.132,-0.008356697011981867
0.133,-0.02314088814775006
0.134,-0.008356697011981867
0.135,-0.004660649228039817
0.136,-0.0009646014440977679
0.137,0.002731446339844281
0.138,-0.012052744795923914
0.139,-0.004660649228039817
0.14,-0.012052744795923914
0.141,-0.019444840363808013
0.142,-0.008356697011981867
0.143,0.00642749412378633
0.144,-0.0009646014440977679
0.145,-0.02314088814775006
0.146,-0.02314088814775006
0.147,-0.012052744795923914
0.148,0.010123541907728378
0.149,0.002731446339844281
0.15,-0.004660649228039817
0.151,-0.02314088814775006
0.152,-0.008356697011981867
0.153,-0.004660649228039817
0.154,0.00642749412378633
0.155,-0.012052744795923914
0.156,0.021211685259554525
0.157,-0.02683693593169211
0.158,-0.012052744795923914
0.159,-0.012052744795923914
0.16,0.002731446339844281
0.161,-0.015748792579865965
0.162,0.010123541907728378
0.163,-0.004660649228039817
0.164,-0.008356697011981867
0.165,-0.02683693593169211
0.166,-0.02314088814775006
0.167,-0.015748792579865965
0.168,-0.004660649228039817
0.169,0.002731446339844281
0.17,0.002731446339844281
0.171,-0.012052744795923914
0.172,-0.004660649228039817
0.173,0.00642749412378633
0.174,-0.015748792579865965
0.175,-0.0009646014440977679
0.176,-0.0009646014440977679
0.177,-0.012052744795923914
0.178,0.021211685259554525
0.179,0.00642749412378633
0.18,-0.0009646014440977679
0.181,-0.02683693593169211
0.182,-0.03792507928351826
0.183,-0.0009646014440977679
0.184,0.002731446339844281
0.185,-0.012052744795923914
0.186,-0.008356697011981867
0.187,-0.03053298371563416
0.188,0.00642749412378633
0.189,-0.0009646014440977679
0.19,-0.008356697011981867
0.191,-0.012052744795923914
0.192,-0.015748792579865965
0.193,-0.008356697011981867
0.194,-0.02314088814775006
0.195,-0.015748792579865965
0.196,-0.004660649228039817
0.197,0.002731446339844281
0.198,-0.012052744795923914
0.199,-0.015748792579865965
0.2,-0.0009646014440977679
0.201,0.010123541907728378
0.202,-0.012052744795923914
0.203,-0.02683693593169211
0.204,-0.0009646014440977679
0.205,-0.03053298371563416
0.206,0.002731446339844281
0.207,-0.0009646014440977679
0.208,-0.03053298371563416
0.209,0.002731446339844281
0.21,0.00642749412378633
0.211,-0.015748792579865965
0.212,-0.015748792579865965
0.213,0.002731446339844281
0.214,-0.0009646014440977679
0.215,-0.015748792579865965
0.216,0.010123541907728378
0.217,0.010123541907728378
0.218,0.010123541907728378
0.219,-0.015748792579865965
0.22,-0.015748792579865965
0.221,-0.02314088814775006
0.222,0.013819589691670428
0.223,0.002731446339844281
0.224,-0.008356697011981867
0.225,0.002731446339844281
0.226,-0.015748792579865965
0.227,-0.03422903149957621
0.228,-0.012052744795923914
0.229,-0.02314088814775006
0.23,-0.008356697011981867
0.231,-0.008356697011981867
0.232,-0.008356697011981867
0.233,-0.004660649228039817
0.234,-0.004660649228039817
0.235,-0.0009646014440977679
0.236,-0.004660649228039817
0.237,-0.0009646014440977679
0.238,-0.008356697011981867
0.239,-0.0009646014440977679
0.24,0.013819589691670428
0.241,-0.012052744795923914
0.242,-0.03422903149957621
0.243,0.002731446339844281
0.244,-0.012052744795923914
0.245,-0.015748792579865965
0.246,-0.0009646014440977679
0.247,-0.004660649228039817
0.248,0.024907733043496576
0.249,-0.03053298371563416
0.25,0.017515637475612477
0.251,-0.008356697011981867
0.252,-0.015748792579865965
0.253,-0.008356697011981867
0.254,-0.008356697011981867
0.255,-0.015748792579865965
0.256,0.013819589691670428
0.257,0.002731446339844281
0.258,-0.019444840363808013
0.259,0.021211685259554525
0.26,0.002731446339844281
0.261,-0.008356697011981867
0.262,-0.004660649228039817
0.263,0.002731446339844281
0.264,-0.03053298371563416
0.265,-0.012052744795923914
0.266,-0.0009646014440977679
0.267,-0.012052744795923914
0.268,-0.015748792579865965
0.269,-0.012052744795923914
0.27,-0.012052744795923914
0.271,-0.02683693593169211
0.272,0.021211685259554525
0.273,-0.008356697011981867
0.274,-0.019444840363808013
0.275,0.00642749412378633
0.276,0.010123541907728378
0.277,-0.012052744795923914
0.278,-0.03792507928351826
0.279,0.002731446339844281
0.28,-0.019444840363808013
0.281,0.002731446339844281
0.282,0.002731446339844281
0.283,-0.015748792579865965
0.284,-0.03053298371563416
0.285,-0.012052744795923914
0.286,0.017515637475612477
0.287,-0.0009646014440977679
0.288,-0.015748792579865965
0.289,-0.004660649228039817
0.29,-0.015748792579865965
0.291,-0.019444840363808013
0.292,-0.015748792579865965
0.293,-0.004660649228039817
0.294,-0.0009646014440977679
0.295,-0.004660649228039817
0.296,-0.008356697011981867
0.297,-0.012052744795923914
0.298,0.002731446339844281
0.299,-0.015748792579865965
0.3,-0.015748792579865965
0.301,0.00642749412378633
0.302,0.013819589691670428
0.303,-0.004660649228039817
0.304,-0.015748792579865965
0.305,-0.02314088814775006
0.306,-0.015748792579865965
0.307,-0.0009646014440977679
0.308,-0.019444840363808013
0.309,-0.008356697011981867
0.31,-0.008356697011981867
0.311,0.00642749412378633
0.312,-0.03422903149957621
0.313,-0.015748792579865965
0.314,-0.004660649228039817
0.315,-0.004660649228039817
0.316,0.00642749412378633
0.317,-0.008356697011981867
0.318,0.002731446339844281
0.319,-0.0009646014440977679
0.32,-0.0009646014440977679
0.321,-0.015748792579865965
0.322,0.002731446339844281
0.323,-0.004660649228039817
0.324,0.002731446339844281
0.325,0.002731446339844281
0.326,0.002731446339844281
0.327,-0.004660649228039817
0.328,-0.008356697011981867
0.329,0.017515637475612477
0.33,-0.012052744795923914
0.331,-0.0009646014440977679
0.332,-0.004660649228039817
0.333,-0.0009646014440977679
0.334,-0.0009646014440977679
0.335,-0.015748792579865965
0.336,0.00642749412378633
0.337,0.013819589691670428
0.338,-0.02683693593169211
0.339,-0.004660649228039817
0.34,-0.004660649228039817
0.341,-0.015748792579865965
0.342,-0.012052744795923914
0.343,-0.012052744795923914
0.344,0.002731446339844281
0.345,0.013819589691670428
0.346,0.017515637475612477
0.347,-0.008356697011981867
0.348,-0.004660649228039817
0.349,-0.02314088814775006
0.35,-0.008356697011981867
0.351,-0.008356697011981867
0.352,-0.0009646014440977679
0.353,-0.02314088814775006
0.354,0.002731446339844281
0.355,0.010123541907728378
0.356,-0.019444840363808013
0.357,-0.004660649228039817
0.358,0.017515637475612477
0.359,-0.02683693593169211
0.36,-0.004660649228039817
0.361,-0.02683693593169211
0.362,0.002731446339844281
0.363,0.013819589691670428
0.364,-0.02314088814775006
0.365,-0.004660649228039817
0.366,-0.004660649228039817
0.367,-0.019444840363808013
0.368,-0.02314088814775006
0.369,-0.02683693593169211
0.37,0.002731446339844281
0.371,-0.004660649228039817
0.372,0.002731446339844281
0.373,-0.004660649228039817
0.374,-0.02683693593169211
0.375,0.002731446339844281
0.376,-0.012052744795923914
0.377,-0.004660649228039817
0.378,-0.015748792579865965
0.379,-0.004660649228039817
0.38,-0.012052744795923914
0.381,-0.015748792579865965
0.382,-0.019444840363808013
0.383,-0.0009646014440977679
0.384,-0.004660649228039817
0.385,-0.0009646014440977679
0.386,-0.008356697011981867
0.387,-0.019444840363808013
0.388,-0.008356697011981867
0.389,-0.012052744795923914
0.39,-0.015748792579865965
0.391,-0.0009646014440977679
0.392,-0.02314088814775006
0.393,-0.004660649228039817
0.394,-0.008356697011981867
0.395,-0.0009646014440977679
0.396,-0.012052744795923914
0.397,-0.02314088814775006
0.398,0.002731446339844281
0.399,-0.019444840363808013
0.4,-0.02683693593169211
0.401,-0.015748792579865965
0.402,-0.015748792579865965
0.403,-0.004660649228039817
0.404,-0.015748792579865965
0.405,0.010123541907728378
0.406,-0.008356697011981867
0.407,-0.012052744795923914
0.408,-0.012052744795923914
0.409,-0.008356697011981867
0.41,-0.008356697011981867
0.411,-0.02314088814775006
0.412,0.002731446339844281
0.413,-0.012052744795923914
0.414,-0.015748792579865965
0.415,-0.015748792579865965
0.416,0.002731446339844281
0.417,0.028603780827438623
0.418,-0.0009646014440977679
0.419,0.002731446339844281
0.42,0.002731446339844281
0.421,-0.0009646014440977679
0.422,0.002731446339844281
0.423,0.010123541907728378
0.424,-0.03792507928351826
0.425,-0.008356697011981867
0.426,-0.02683693593169211
0.427,-0.004660649228039817
0.428,0.013819589691670428
0.429,-0.02314088814775006
0.43,-0.008356697011981867
0.431,-0.019444840363808013
0.432,-0.008356697011981867
0.433,-0.0009646014440977679
0.434,0.002731446339844281
0.435,-0.03053298371563416
0.436,-0.019444840363808013
0.437,0.00642749412378633
0.438,-0.004660649228039817
0.439,-0.03422903149957621
0.44,-0.008356697011981867
0.441,-0.019444840363808013
0.442,0.002731446339844281
0.443,-0.012052744795923914
0.444,-0.015748792579865965
0.445,-0.008356697011981867
0.446,-0.012052744795923914
0.447,-0.019444840363808013
0.448,-0.019444840363808013
0.449,0.00642749412378633
0.45,-0.02314088814775006
0.451,0.010123541907728378
0.452,-0.019444840363808013
0.453,-0.0009646014440977679
0.454,0.024907733043496576
0.455,-0.019444840363808013
0.456,0.00642749412378633
0.457,-0.012052744795923914
0.458,-0.008356697011981867
0.459,-0.004660649228039817
0.46,0.00642749412378633
0.461,-0.0009646014440977679
0.462,-0.004660649228039817
0.463,-0.0009646014440977679
0.464,0.017515637475612477
0.465,-0.015748792579865965
0.466,-0.0009646014440977679
0.467,-0.02314088814775006
0.468,0.002731446339844281
0.469,-0.004660649228039817
0.47,-0.012052744795923914
0.471,-0.004660649228039817
0.472,-0.019444840363808013
0.473,-0.004660649228039817
0.474,-0.015748792579865965
0.475,-0.02683693593169211
0.476,-0.004660649228039817
0.477,-0.015748792579865965
0.478,0.002731446339844281
0.479,-0.012052744795923914
0.48,-0.012052744795923914
0.481,-0.015748792579865965
0.482,0.00642749412378633
0.483,-0.02683693593169211
0.484,-0.008356697011981867
0.485,-0.012052744795923914
0.486,-0.004660649228039817
0.487,-0.008356697011981867
0.488,0.00642749412378633
0.489,-0.0009646014440977679
0.49,0.010123541907728378
0.491,0.002731446339844281
0.492,-0.008356697011981867
0.493,-0.02683693593169211
0.494,0.013819589691670428
0.495,-0.0009646014440977679
0.496,-0.008356697011981867
0.497,-0.015748792579865965
0.498,-0.0009646014440977679
0.499,-0.02683693593169211
0.5,0.00642749412378633
0.501,-0.02683693593169211
0.502,-0.02314088814775006
0.503,-0.012052744795923914
0.504,-0.019444840363808013
0.505,0.002731446339844281
0.506,0.017515637475612477
0.507,-0.019444840363808013
0.508,-0.0009646014440977679
0.509,0.002731446339844281
0.51,0.010123541907728378
0.511,-0.03422903149957621
0.512,-0.008356697011981867
0.513,0.010123541907728378
0.514,0.013819589691670428
0.515,-0.015748792579865965
0.516,-0.015748792579865965
0.517,-0.03053298371563416
0.518,-0.02314088814775006
0.519,-0.02683693593169211
0.52,-0.015748792579865965
0.521,0.002731446339844281
0.522,0.00642749412378633
0.523,-0.004660649228039817
0.524,-0.004660649228039817
0.525,-0.008356697011981867
0.526,-0.0009646014440977679
0.527,-0.012052744795923914
0.528,-0.008356697011981867
0.529,-0.012052744795923914
0.53,-0.015748792579865965
0.531,-0.015748792579865965
0.532,-0.02683693593169211
0.533,-0.004660649228039817
0.534,-0.008356697011981867
0.535,0.010123541907728378
0.536,-0.012052744795923914
0.537,0.002731446339844281
0.538,0.017515637475612477
0.539,-0.012052744795923914
0.54,-0.02683693593169211
0.541,-0.015748792579865965
0.542,0.010123541907728378
0.543,-0.004660649228039817
0.544,0.002731446339844281
0.545,0.00642749412378633
0.546,-0.019444840363808013
0.547,-0.008356697011981867
0.548,0.00642749412378633
0.549,-0.008356697011981867
0.55,-0.02683693593169211
0.551,-0.012052744795923914
0.552,-0.02683693593169211
0.553,-0.012052744795923914
0.554,-0.015748792579865965
0.555,-0.02683693593169211
0.556,-0.008356697011981867
0.557,-0.008356697011981867
0.558,-0.0009646014440977679
0.559,0.002731446339844281
0.56,-0.0009646014440977679
0.561,-0.008356697011981867
0.562,-0.012052744795923914
0.563,-0.008356697011981867
0.564,-0.008356697011981867
0.565,-0.0009646014440977679
0.566,0.002731446339844281
0.567,-0.008356697011981867
0.568,-0.004660649228039817
0.569,-0.015748792579865965
0.57,-0.02314088814775006
0.571,-0.008356697011981867
0.572,-0.0009646014440977679
0.573,-0.019444840363808013
0.574,-0.02314088814775006
0.575,-0.03053298371563416
0.576,0.002731446339844281
0.577,0.00642749412378633
0.578,-0.015748792579865965
0.579,-0.03422903149957621
0.58,-0.02683693593169211
0.581,-0.004660649228039817
0.582,-0.02314088814775006
0.583,0.010123541907728378
0.584,-0.019444840363808013
0.585,-0.03053298371563416
0.586,-0.015748792579865965
0.587,-0.012052744795923914
0.588,0.00642749412378633
0.589,-0.012052744795923914
0.59,-0.012052744795923914
0.591,-0.02314088814775006
0.592,0.002731446339844281
0.593,-0.019444840363808013
0.594,0.002731446339844281
0.595,-0.015748792579865965
0.596,-0.0009646014440977679
0.597,0.010123541907728378
0.598,-0.012052744795923914
0.599,-0.008356697011981867
0.6,-0.012052744795923914
0.601,0.002731446339844281
0.602,0.002731446339844281
0.603,0.00642749412378633
0.604,-0.02314088814775006
0.605,-0.004660649228039817
0.606,0.00642749412378633
0.607,-0.012052744795923914
0.608,-0.0009646014440977679
0.609,-0.0009646014440977679
0.61,-0.004660649228039817
0.611,-0.004660649228039817
0.612,-0.02683693593169211
0.613,0.002731446339844281
0.614,0.002731446339844281
0.615,-0.0009646014440977679
0.616,-0.019444840363808013
0.617,-0.004660649228039817
0.618,-0.008356697011981867
0.619,0.021211685259554525
0.62,-0.04162112706746031
0.621,-0.019444840363808013
0.622,-0.008356697011981867
0.623,-0.019444840363808013
0.624,-0.0009646014440977679
0.625,-0.02314088814775006
0.626,0.021211685259554525
0.627,-0.008356697011981867
0.628,-0.012052744795923914
0.629,-0.019444840363808013
0.63,-0.02683693593169211
0.631,-0.0009646014440977679
0.632,0.03229982861138067
0.633,0.010123541907728378
0.634,-0.015748792579865965
0.635,-0.004660649228039817
0.636,-0.004660649228039817
0.637,-0.015748792579865965
0.638,0.010123541907728378
0.639,-0.008356697011981867
0.64,-0.008356697011981867
0.641,0.010123541907728378
0.642,0.002731446339844281
0.643,-0.0009646014440977679
0.644,-0.008356697011981867
0.645,0.013819589691670428
0.646,-0.012052744795923914
0.647,-0.012052744795923914
0.648,-0.015748792579865965
0.649,0.028603780827438623
0.65,-0.015748792579865965
0.651,-0.012052744795923914
0.652,-0.008356697011981867
0.653,-0.015748792579865965
0.654,0.010123541907728378
0.655,0.00642749412378633
0.656,0.010123541907728378
0.657,0.00642749412378633
0.658,-0.0009646014440977679
0.659,0.017515637475612477
0.66,-0.015748792579865965
0.661,0.010123541907728378
0.662,-0.004660649228039817
0.663,-0.008356697011981867
0.664,-0.02314088814775006
0.665,-0.0009646014440977679
0.666,-0.008356697011981867
0.667,0.017515637475612477
0.668,-0.004660649228039817
0.669,-0.008356697011981867
0.67,-0.008356697011981867
0.671,-0.004660649228039817
0.672,-0.008356697011981867
0.673,-0.02314088814775006
0.674,-0.008356697011981867
0.675,-0.0009646014440977679
0.676,0.021211685259554525
0.677,-0.008356697011981867
0.678,-0.008356697011981867
0.679,-0.008356697011981867
0.68,0.017515637475612477
0.681,0.017515637475612477
0.682,0.002731446339844281
0.683,-0.004660649228039817
0.684,0.010123541907728378
0.685,-0.0009646014440977679
0.686,0.028603780827438623
0.687,-0.02683693593169211
0.688,-0.02314088814775006
0.689,-0.004660649228039817
0.69,-0.008356697011981867
0.691,0.010123541907728378
0.692,-0.019444840363808013
0.693,-0.019444840363808013
0.694,-0.012052744795923914
0.695,0.00642749412378633
0.696,-0.004660649228039817
0.697,-0.015748792579865965
0.698,0.00642749412378633
0.699,-0.015748792579865965
0.7,0.017515637475612477
0.701,-0.0009646014440977679
0.702,-0.0009646014440977679
0.703,-0.008356697011981867
0.704,0.00642749412378633
0.705,-0.02683693593169211
0.706,-0.004660649228039817
0.707,-0.004660649228039817
0.708,-0.03053298371563416
0.709,0.00642749412378633
0.71,-0.02314088814775006
0.711,0.017515637475612477
0.712,-0.004660649228039817
0.713,-0.02314088814775006
0.714,-0.004660649228039817
0.715,-0.0009646014440977679
0.716,0.00642749412378633
0.717,-0.015748792579865965
0.718,-0.012052744795923914
0.719,0.00642749412378633
0.72,0.002731446339844281
0.721,-0.015748792579865965
0.722,0.00642749412378633
0.723,-0.0009646014440977679
0.724,0.002731446339844281
0.725,-0.015748792579865965
0.726,-0.02314088814775006
0.727,-0.004660649228039817
0.728,-0.0009646014440977679
0.729,-0.0009646014440977679
0.73,-0.012052744795923914
0.731,0.002731446339844281
0.732,-0.015748792579865965
0.733,-0.008356697011981867
0.734,0.00642749412378633
0.735,-0.02314088814775006
0.736,0.002731446339844281
0.737,-0.012052744795923914
0.738,-0.004660649228039817
0.739,-0.008356697011981867
0.74,-0.008356697011981867
0.741,-0.015748792579865965
0.742,-0.019444840363808013
0.743,-0.008356697011981867
0.744,-0.008356697011981867
0.745,0.002731446339844281
0.746,-0.008356697011981867
0.747,0.00642749412378633
0.748,-0.012052744795923914
0.749,-0.015748792579865965
0.75,-0.008356697011981867
0.751,-0.012052744795923914
0.752,-0.0009646014440977679
0.753,-0.019444840363808013
0.754,-0.0009646014440977679
0.755,-0.02683693593169211
0.756,0.00642749412378633
0.757,-0.019444840363808013
0.758,0.002731446339844281
0.759,-0.019444840363808013
0.76,-0.015748792579865965
0.761,0.00642749412378633
0.762,-0.03792507928351826
0.763,0.010123541907728378
0.764,-0.004660649228039817
0.765,0.00642749412378633
0.766,-0.008356697011981867
0.767,-0.008356697011981867
0.768,0.00642749412378633
0.769,0.00642749412378633
0.77,0.00642749412378633
0.771,0.013819589691670428
0.772,0.010123541907728378
0.773,0.00642749412378633
0.774,0.002731446339844281
0.775,-0.008356697011981867
0.776,-0.004660649228039817
0.777,-0.012052744795923914
0.778,0.00642749412378633
0.779,0.00642749412378633
0.78,-0.008356697011981867
0.781,-0.004660649228039817
0.782,-0.0009646014440977679
0.783,-0.02314088814775006
0.784,0.010123541907728378
0.785,-0.004660649228039817
0.786,0.024907733043496576
0.787,0.013819589691670428
0.788,-0.012052744795923914
0.789,0.002731446339844281
0.79,-0.02683693593169211
0.791,-0.008356697011981867
0.792,-0.015748792579865965
0.793,0.00642749412378633
0.794,0.002731446339844281
0.795,-0.0009646014440977679
0.796,-0.008356697011981867
0.797,0.013819589691670428
0.798,0.017515637475612477
0.799,-0.004660649228039817
0.8,-0.012052744795923914
0.801,-0.0009646014440977679
0.802,0.010123541907728378
0.803,-0.008356697011981867
0.804,-0.008356697011981867
0.805,-0.004660649228039817
0.806,-0.012052744795923914
0.807,-0.004660649228039817
0.808,0.002731446339844281
0.809,-0.02314088814775006
0.81,-0.015748792579865965
0.811,-0.004660649228039817
0.812,-0.004660649228039817
0.813,-0.008356697011981867
0.814,0.002731446339844281
0.815,-0.004660649228039817
0.816,-0.0009646014440977679
0.817,-0.012052744795923914
0.818,-0.004660649228039817
0.819,-0.004660649228039817
0.82,0.00642749412378633
0.821,0.017515637475612477
0.822,-0.015748792579865965
0.823,0.010123541907728378
0.824,-0.015748792579865965
0.825,-0.019444840363808013
0.826,-0.019444840363808013
0.827,-0.015748792579865965
0.828,-0.004660649228039817
0.829,-0.012052744795923914
0.83,0.00642749412378633
0.831,0.00642749412378633
0.832,0.00642749412378633
0.833,0.017515637475612477
0.834,-0.02314088814775006
0.835,-0.004660649228039817
0.836,0.010123541907728378
0.837,0.00642749412378633
0.838,-0.012052744795923914
0.839,-0.019444840363808013
0.84,-0.015748792579865965
0.841,-0.008356697011981867
0.842,0.00642749412378633
0.843,-0.008356697011981867
0.844,-0.019444840363808013
0.845,-0.008356697011981867
0.846,-0.0009646014440977679
0.847,-0.015748792579865965
0.848,-0.008356697011981867
0.849,-0.012052744795923914
0.85,-0.004660649228039817
0.851,-0.012052744795923914
0.852,-0.012052744795923914
0.853,-0.0009646014440977679
0.854,-0.03053298371563416
0.855,-0.008356697011981867
0.856,0.002731446339844281
0.857,0.002731446339844281
0.858,-0.004660649228039817
0.859,-0.019444840363808013
0.86,-0.0009646014440977679
0.861,-0.012052744795923914
0.862,-0.02314088814775006
0.863,-0.004660649228039817
0.864,-0.004660649228039817
0.865,0.002731446339844281
0.866,-0.02683693593169211
0.867,-0.012052744795923914
0.868,-0.015748792579865965
0.869,0.010123541907728378
0.87,-0.0009646014440977679
0.871,-0.008356697011981867
0.872,-0.02683693593169211
0.873,-0.0009646014440977679
0.874,-0.0009646014440977679
0.875,-0.004660649228039817
0.876,-0.019444840363808013
0.877,-0.015748792579865965
0.878,-0.015748792579865965
0.879,0.00642749412378633
0.88,0.013819589691670428
0.881,-0.008356697011981867
0.882,-0.015748792579865965
0.883,-0.0009646014440977679
0.884,-0.008356697011981867
0.885,0.002731446339844281
0.886,-0.015748792579865965
0.887,-0.02683693593169211
0.888,-0.0009646014440977679
0.889,-0.0009646014440977679
0.89,-0.015748792579865965
0.891,-0.019444840363808013
0.892,-0.02314088814775006
0.893,-0.0009646014440977679
0.894,-0.0009646014440977679
0.895,-0.03053298371563416
0.896,-0.012052744795923914
0.897,-0.012052744795923914
0.898,-0.02314088814775006
0.899,-0.004660649228039817
0.9,-0.012052744795923914
0.901,-0.019444840363808013
0.902,-0.03792507928351826
0.903,-0.015748792579865965
0.904,0.010123541907728378
0.905,-0.03422903149957621
0.906,-0.015748792579865965
0.907,-0.008356697011981867
0.908,-0.004660649228039817
0.909,0.010123541907728378
0.91,-0.049013222635344404
0.911,-0.0009646014440977679
0.912,-0.012052744795923914
0.913,-0.019444840363808013
0.914,0.010123541907728378
0.915,-0.015748792579865965
0.916,-0.008356697011981867
0.917,-0.0009646014440977679
0.918,-0.012052744795923914
0.919,-0.03053298371563416
0.92,0.017515637475612477
0.921,0.013819589691670428
0.922,0.017515637475612477
0.923,-0.004660649228039817
0.924,-0.004660649228039817
0.925,-0.012052744795923914
0.926,-0.02314088814775006
0.927,-0.0009646014440977679
0.928,0.00642749412378633
0.929,0.002731446339844281
0.93,0.010123541907728378
0.931,-0.0009646014440977679
0.932,0.00642749412378633
0.933,-0.004660649228039817
0.934,-0.012052744795923914
0.935,-0.019444840363808013
0.936,-0.012052744795923914
0.937,0.010123541907728378
0.938,0.024907733043496576
0.939,-0.004660649228039817
0.94,-0.004660649228039817
0.941,-0.008356697011981867
0.942,-0.0009646014440977679
0.943,0.002731446339844281
0.944,-0.02314088814775006
0.945,-0.012052744795923914
0.946,-0.012052744795923914
0.947,-0.008356697011981867
0.948,-0.015748792579865965
0.949,-0.008356697011981867
0.95,-0.019444840363808013
0.951,0.010123541907728378
0.952,-0.019444840363808013
0.953,0.002731446339844281
0.954,-0.012052744795923914
0.955,0.00642749412378633
0.956,-0.02683693593169211
0.957,-0.012052744795923914
0.958,-0.004660649228039817
0.959,0.00642749412378633
0.96,-0.008356697011981867
0.961,-0.004660649228039817
0.962,0.002731446339844281
0.963,-0.008356697011981867
0.964,-0.0009646014440977679
0.965,-0.019444840363808013
0.966,0.00642749412378633
0.967,-0.008356697011981867
0.968,-0.015748792579865965
0.969,-0.03422903149957621
0.97,-0.03053298371563416
0.971,-0.015748792579865965
0.972,-0.0009646014440977679
0.973,0.017515637475612477
0.974,-0.008356697011981867
0.975,-0.03053298371563416
0.976,-0.0009646014440977679
0.977,-0.02314088814775006
0.978,-0.02314088814775006
0.979,-0.008356697011981867
0.98,-0.019444840363808013
0.981,-0.0009646014440977679
0.982,-0.004660649228039817
0.983,-0.008356697011981867
0.984,0.002731446339844281
0.985,-0.015748792579865965
0.986,-0.008356697011981867
0.987,0.002731446339844281
0.988,-0.015748792579865965
0.989,-0.004660649228039817
0.99,-0.02314088814775006
0.991,-0.004660649228039817
0.992,-0.012052744795923914
0.993,-0.004660649228039817
0.994,0.002731446339844281
0.995,-0.015748792579865965
0.996,0.00642749412378633
0.997,-0.0009646014440977679
0.998,-0.0009646014440977679
0.999,0.010123541907728378
1.0,-0.0009646014440977679
1.001,-0.004660649228039817
1.002,-0.0009646014440977679
1.003,-0.008356697011981867
1.004,-0.004660649228039817
1.005,0.010123541907728378
1.006,-0.008356697011981867
1.007,-0.012052744795923914
1.008,-0.019444840363808013
1.009,-0.02314088814775006
1.01,-0.004660649228039817
1.011,-0.019444840363808013
1.012,-0.02683693593169211
1.013,0.00642749412378633
1.014,0.002731446339844281
1.015,-0.004660649228039817
1.016,0.017515637475612477
1.017,-0.012052744795923914
1.018,0.013819589691670428
1.019,-0.012052744795923914
1.02,-0.02314088814775006
1.021,-0.015748792579865965
1.022,-0.012052744795923914
1.023,-0.02683693593169211
1.024,-0.004660649228039817
1.025,-0.015748792579865965
1.026,-0.004660649228039817
1.027,-0.004660649228039817
1.028,0.017515637475612477
1.029,-0.019444840363808013
1.03,-0.008356697011981867
1.031,-0.0009646014440977679
1.032,-0.008356697011981867
1.033,0.002731446339844281
1.034,-0.008356697011981867
1.035,-0.004660649228039817
1.036,-0.0009646014440977679
1.037,0.002731446339844281
1.038,-0.015748792579865965
1.039,-0.004660649228039817
1.04,-0.019444840363808013
1.041,-0.019444840363808013
1.042,-0.02314088814775006
1.043,-0.008356697011981867
1.044,-0.03053298371563416
1.045,-0.008356697011981867
1.046,0.010123541907728378
1.047,-0.019444840363808013
1.048,-0.004660649228039817
1.049,-0.015748792579865965
1.05,0.002731446339844281
1.051,-0.019444840363808013
1.052,-0.008356697011981867
1.053,0.002731446339844281
1.054,-0.0009646014440977679
1.055,0.002731446339844281
1.056,-0.004660649228039817
1.057,-0.012052744795923914
1.058,-0.012052744795923914
1.059,-0.008356697011981867
1.06,0.024907733043496576
1.061,-0.04162112706746031
1.062,0.00642749412378633
1.063,-0.012052744795923914
1.064,0.00642749412378633
1.065,-0.008356697011981867
1.066,-0.008356697011981867
1.067,-0.008356697011981867
1.068,0.00642749412378633
1.069,-0.015748792579865965
1.07,-0.0009646014440977679
1.071,0.002731446339844281
1.072,-0.004660649228039817
1.073,-0.008356697011981867
1.074,-0.02314088814775006
1.075,-0.008356697011981867
1.076,-0.012052744795923914
1.077,0.002731446339844281
1.078,0.00642749412378633
1.079,-0.004660649228039817
1.08,-0.012052744795923914
1.081,-0.015748792579865965
1.082,-0.015748792579865965
1.083,-0.008356697011981867
1.084,-0.004660649228039817
1.085,-0.02683693593169211
1.086,-0.02314088814775006
1.087,-0.008356697011981867
1.088,-0.012052744795923914
1.089,-0.0009646014440977679
1.09,-0.012052744795923914
1.091,-0.015748792579865965
1.092,-0.02314088814775006
1.093,-0.02314088814775006
1.094,-0.004660649228039817
1.095,-0.012052744795923914
1.096,-0.02683693593169211
1.097,-0.004660649228039817
1.098,-0.02683693593169211
1.099,-0.004660649228039817
1.1,-0.008356697011981867
1.101,0.013819589691670428
1.102,-0.0009646014440977679
1.103,-0.004660649228039817
1.104,-0.02314088814775006
1.105,0.010123541907728378
1.106,-0.019444840363808013
1.107,-0.0009646014440977679
1.108,0.00642749412378633
1.109,-0.0009646014440977679
1.11,-0.012052744795923914
1.111,-0.02683693593169211
1.112,-0.012052744795923914
1.113,-0.004660649228039817
1.114,-0.015748792579865965
1.115,-0.03053298371563416
1.116,-0.015748792579865965
1.117,-0.008356697011981867
1.118,-0.015748792579865965
1.119,-0.0009646014440977679
1.12,-0.004660649228039817
1.121,-0.008356697011981867
1.122,0.00642749412378633
1.123,-0.008356697011981867
1.124,-0.019444840363808013
1.125,-0.012052744795923914
1.126,-0.0009646014440977679
1.127,-0.0009646014440977679
1.128,-0.004660649228039817
1.129,-0.03422903149957621
1.13,0.00642749412378633
1.131,-0.004660649228039817
1.132,-0.004660649228039817
1.133,0.010123541907728378
1.134,-0.008356697011981867
1.135,-0.012052744795923914
1.136,-0.02683693593169211
1.137,-0.008356697011981867
1.138,-0.015748792579865965
1.139,-0.019444840363808013
1.14,-0.008356697011981867
1.141,0.002731446339844281
1.142,-0.008356697011981867
1.143,-0.015748792579865965
1.144,-0.0009646014440977679
1.145,0.010123541907728378
1.146,0.002731446339844281
1.147,-0.008356697011981867
1.148,0.002731446339844281
1.149,-0.008356697011981867
1.15,-0.004660649228039817
1.151,-0.008356697011981867
1.152,-0.0009646014440977679
1.153,-0.019444840363808013
1.154,0.002731446339844281
1.155,0.017515637475612477
1.156,-0.012052744795923914
1.157,-0.008356697011981867
1.158,0.00642749412378633
1.159,0.002731446339844281
1.16,-0.004660649228039817
1.161,-0.012052744795923914
1.162,-0.0009646014440977679
1.163,-0.0009646014440977679
1.164,-0.015748792579865965
1.165,-0.0009646014440977679
1.166,-0.015748792579865965
1.167,0.002731446339844281
1.168,0.013819589691670428
1.169,-0.019444840363808013
1.17,-0.012052744795923914
1.171,0.002731446339844281
1.172,0.002731446339844281
1.173,-0.008356697011981867
1.174,-0.0009646014440977679
1.175,-0.019444840363808013
1.176,-0.0009646014440977679
1.177,-0.012052744795923914
1.178,-0.012052744795923914
1.179,-0.015748792579865965
1.18,-0.015748792579865965
1.181,-0.015748792579865965
1.182,0.024907733043496576
1.183,-0.0009646014440977679
1.184,0.002731446339844281
1.185,-0.012052744795923914
1.186,-0.0009646014440977679
1.187,-0.0009646014440977679
1.188,-0.015748792579865965
1.189,0.00642749412378633
1.19,-0.03053298371563416
1.191,-0.019444840363808013
1.192,-0.004660649228039817
1.193,-0.015748792579865965
1.194,0.00642749412378633
1.195,-0.015748792579865965
1.196,0.002731446339844281
1.197,-0.012052744795923914
1.198,0.00642749412378633
1.199,-0.015748792579865965
1.2,-0.02683693593169211
1.201,-0.004660649228039817
1.202,-0.008356697011981867
1.203,-0.004660649228039817
1.204,-0.012052744795923914
1.205,0.002731446339844281
1.206,0.00642749412378633
1.207,-0.008356697011981867
1.208,-0.02314088814775006
1.209,-0.008356697011981867
1.21,-0.0009646014440977679
1.211,0.024907733043496576
1.212,0.010123541907728378
1.213,-0.012052744795923914
1.214,0.002731446339844281
1.215,-0.008356697011981867
1.216,-0.008356697011981867
1.217,0.017515637475612477
1.218,-0.019444840363808013
1.219,0.002731446339844281
1.22,-0.015748792579865965
1.221,-0.02314088814775006
1.222,-0.012052744795923914
1.223,-0.015748792579865965
1.224,-0.02314088814775006
1.225,-0.02683693593169211
1.226,-0.03053298371563416
1.227,-0.015748792579865965
1.228,-0.019444840363808013
1.229,0.021211685259554525
1.23,0.017515637475612477
1.231,0.00642749412378633
1.232,-0.012052744795923914
1.233,-0.015748792579865965
1.234,-0.008356697011981867
1.235,0.002731446339844281
1.236,-0.03422903149957621
1.237,-0.03053298371563416
1.238,-0.004660649228039817
1.239,-0.0009646014440977679
1.24,-0.0009646014440977679
1.241,0.00642749412378633
1.242,0.002731446339844281
1.243,-0.019444840363808013
1.244,-0.008356697011981867
1.245,-0.012052744795923914
1.246,0.028603780827438623
1.247,-0.015748792579865965
1.248,0.002731446339844281
1.249,0.024907733043496576
1.25,-0.008356697011981867
1.251,-0.008356697011981867
1.252,0.010123541907728378
1.253,-0.0009646014440977679
1.254,-0.008356697011981867
1.255,-0.008356697011981867
1.256,-0.015748792579865965
1.257,-0.015748792579865965
1.258,0.002731446339844281
1.259,-0.0009646014440977679
1.26,-0.015748792579865965
1.261,-0.008356697011981867
1.262,-0.03053298371563416
1.263,-0.004660649228039817
1.264,-0.008356697011981867
1.265,-0.015748792579865965
1.266,-0.019444840363808013
1.267,0.010123541907728378
1.268,0.013819589691670428
1.269,-0.008356697011981867
1.27,-0.004660649228039817
1.271,0.00642749412378633
1.272,-0.004660649228039817
1.273,-0.0009646014440977679
1.274,0.00642749412378633
1.275,-0.008356697011981867
1.276,-0.004660649228039817
1.277,-0.008356697011981867
1.278,-0.008356697011981867
1.279,-0.004660649228039817
1.28,0.002731446339844281
1.281,0.010123541907728378
1.282,-0.0009646014440977679
1.283,0.002731446339844281
1.284,-0.0009646014440977679
1.285,-0.004660649228039817
1.286,-0.004660649228039817
1.287,-0.019444840363808013
1.288,-0.019444840363808013
1.289,-0.02314088814775006
1.29,0.010123541907728378
1.291,-0.004660649228039817
1.292,-0.004660649228039817
1.293,-0.008356697011981867
1.294,-0.004660649228039817
1.295,-0.008356697011981867
1.296,-0.004660649228039817
1.297,-0.015748792579865965
1.298,-0.012052744795923914
1.299,-0.015748792579865965
1.3,-0.012052744795923914
1.301,-0.008356697011981867
1.302,-0.015748792579865965
1.303,-0.008356697011981867
1.304,-0.015748792579865965
1.305,-0.004660649228039817
1.306,-0.008356697011981867
1.307,0.00642749412378633
1.308,-0.008356697011981867
1.309,-0.008356697011981867
1.31,0.00642749412378633
1.311,-0.019444840363808013
1.312,-0.012052744795923914
1.313,-0.004660649228039817
1.314,0.00642749412378633
1.315,-0.015748792579865965
1.316,-0.004660649228039817
1.317,-0.008356697011981867
1.318,-0.015748792579865965
1.319,-0.015748792579865965
1.32,0.002731446339844281
1.321,0.002731446339844281
1.322,-0.0009646014440977679
1.323,-0.004660649228039817
1.324,-0.02683693593169211
1.325,-0.012052744795923914
1.326,0.002731446339844281
1.327,-0.008356697011981867
1.328,0.00642749412378633
1.329,-0.012052744795923914
1.33,-0.02683693593169211
1.331,0.002731446339844281
1.332,-0.008356697011981867
1.333,-0.0009646014440977679
1.334,0.00642749412378633
1.335,0.013819589691670428
1.336,0.00642749412378633
1.337,-0.008356697011981867
1.338,-0.02683693593169211
1.339,0.00642749412378633
1.34,-0.015748792579865965
1.341,0.002731446339844281
1.342,-0.015748792579865965
1.343,-0.008356697011981867
1.344,0.00642749412378633
1.345,-0.015748792579865965
1.346,-0.015748792579865965
1.347,-0.008356697011981867
1.348,-0.02683693593169211
1.349,-0.008356697011981867
1.35,-0.004660649228039817
1.351,-0.012052744795923914
1.352,-0.015748792579865965
1.353,-0.004660649228039817
1.354,-0.0009646014440977679
1.355,0.002731446339844281
1.356,0.002731446339844281
1.357,-0.015748792579865965
1.358,-0.012052744795923914
1.359,-0.012052744795923914
1.36,-0.012052744795923914
1.361,0.017515637475612477
1.362,0.00642749412378633
1.363,0.010123541907728378
1.364,-0.02683693593169211
1.365,-0.004660649228039817
1.366,-0.02683693593169211
1.367,-0.019444840363808013
1.368,-0.0009646014440977679
1.369,-0.008356697011981867
1.37,-0.004660649228039817
1.371,-0.019444840363808013
1.372,-0.004660649228039817
1.373,-0.008356697011981867
1.374,-0.02314088814775006
1.375,-0.02314088814775006
1.376,-0.019444840363808013
1.377,-0.019444840363808013
1.378,-0.0009646014440977679
1.379,-0.008356697011981867
1.38,-0.012052744795923914
1.381,0.002731446339844281
1.382,-0.004660649228039817
1.383,0.002731446339844281
1.384,-0.015748792579865965
1.385,0.00642749412378633
1.386,-0.0009646014440977679
1.387,-0.008356697011981867
1.388,0.002731446339844281
1.389,0.00642749412378633
1.39,-0.019444840363808013
1.391,-0.008356697011981867
1.392,-0.015748792579865965
1.393,-0.008356697011981867
1.394,-0.004660649228039817
1.395,-0.019444840363808013
1.396,-0.019444840363808013
1.397,-0.02314088814775006
1.398,-0.008356697011981867
1.399,-0.0009646014440977679
1.4,-0.019444840363808013
1.401,-0.019444840363808013
1.402,-0.004660649228039817
1.403,-0.004660649228039817
1.404,0.002731446339844281
1.405,-0.02683693593169211
1.406,0.002731446339844281
1.407,-0.02314088814775006
1.408,-0.015748792579865965
1.409,-0.012052744795923914
1.41,-0.049013222635344404
1.411,0.00642749412378633
1.412,-0.015748792579865965
1.413,-0.02314088814775006
1.414,-0.015748792579865965
1.415,-0.004660649228039817
1.416,-0.008356697011981867
1.417,-0.012052744795923914
1.418,0.017515637475612477
1.419,-0.008356697011981867
1.42,-0.019444840363808013
1.421,-0.008356697011981867
1.422,-0.015748792579865965
1.423,-0.012052744795923914
1.424,0.010123541907728378
1.425,-0.015748792579865965
1.426,0.002731446339844281
1.427,0.00642749412378633
1.428,-0.015748792579865965
1.429,0.00642749412378633
1.43,-0.02314088814775006
1.431,-0.004660649228039817
1.432,-0.012052744795923914
1.433,-0.0009646014440977679
1.434,-0.004660649228039817
1.435,-0.04162112706746031
1.436,0.010123541907728378
1.437,-0.008356697011981867
1.438,-0.008356697011981867
1.439,-0.012052744795923914
1.44,-0.019444840363808013
1.441,-0.02683693593169211
1.442,-0.02314088814775006
1.443,0.002731446339844281
1.444,-0.0009646014440977679
1.445,-0.0009646014440977679
1.446,-0.012052744795923914
1.447,0.010123541907728378
1.448,0.002731446339844281
1.449,0.002731446339844281
1.45,-0.0009646014440977679
1.451,-0.012052744795923914
1.452,-0.012052744795923914
1.453,0.002731446339844281
1.454,-0.015748792579865965
1.455,-0.015748792579865965
1.456,-0.0009646014440977679
1.457,-0.004660649228039817
1.458,0.002731446339844281
1.459,-0.0009646014440977679
1.46,-0.015748792579865965
1.461,-0.008356697011981867
1.462,0.021211685259554525
1.463,-0.012052744795923914
1.464,-0.012052744795923914
1.465,-0.019444840363808013
1.466,-0.004660649228039817
1.467,-0.015748792579865965
1.468,-0.004660649228039817
1.469,-0.03053298371563416
1.47,0.002731446339844281
1.471,-0.008356697011981867
1.472,-0.015748792579865965
1.473,-0.02314088814775006
1.474,-0.008356697011981867
1.475,-0.015748792579865965
1.476,-0.015748792579865965
1.477,0.00642749412378633
1.478,-0.0009646014440977679
1.479,-0.004660649228039817
1.48,-0.019444840363808013
1.481,-0.012052744795923914
1.482,-0.012052744795923914
1.483,-0.008356697011981867
1.484,0.017515637475612477
1.485,-0.004660649228039817
1.486,-0.0009646014440977679
1.487,-0.0009646014440977679
1.488,-0.008356697011981867
1.489,0.002731446339844281
1.49,-0.0009646014440977679
1.491,0.00642749412378633
1.492,0.002731446339844281
1.493,0.002731446339844281
1.494,-0.0009646014440977679
1.495,-0.008356697011981867
1.496,-0.0009646014440977679
1.497,-0.008356697011981867
1.498,-0.008356697011981867
1.499,-0.0009646014440977679
1.5,0.00642749412378633
1.501,-0.0009646014440977679
1.502,-0.008356697011981867
1.503,-0.02683693593169211
1.504,-0.0009646014440977679
1.505,-0.0009646014440977679
1.506,-0.008356697011981867
1.507,-0.0009646014440977679
1.508,-0.008356697011981867
1.509,0.010123541907728378
1.51,-0.008356697011981867
1.511,-0.012052744795923914
1.512,-0.0009646014440977679
1.513,-0.02314088814775006
1.514,-0.0009646014440977679
1.515,-0.03792507928351826
1.516,-0.004660649228039817
1.517,-0.004660649228039817
1.518,-0.008356697011981867
1.519,-0.008356697011981867
1.52,-0.012052744795923914
1.521,0.00642749412378633
1.522,0.002731446339844281
1.523,-0.008356697011981867
1.524,-0.0009646014440977679
1.525,-0.015748792579865965
1.526,-0.004660649228039817
1.527,0.002731446339844281
1.528,-0.019444840363808013
1.529,-0.008356697011981867
1.53,0.00642749412378633
1.531,-0.004660649228039817
1.532,-0.015748792579865965
1.533,-0.008356697011981867
1.534,-0.02683693593169211
1.535,-0.015748792579865965
1.536,-0.02683693593169211
1.537,-0.012052744795923914
1.538,-0.012052744795923914
1.539,-0.008356697011981867
1.54,-0.02683693593169211
1.541,-0.004660649228039817
1.542,-0.004660649228039817
1.543,-0.008356697011981867
1.544,-0.02314088814775006
1.545,-0.015748792579865965
1.546,-0.015748792579865965
1.547,-0.015748792579865965
1.548,0.002731446339844281
1.549,-0.012052744795923914
1.55,-0.008356697011981867
1.551,0.002731446339844281
1.552,0.010123541907728378
1.553,0.002731446339844281
1.554,-0.008356697011981867
1.555,-0.02314088814775006
1.556,-0.012052744795923914
1.557,-0.004660649228039817
1.558,0.002731446339844281
1.559,-0.015748792579865965
1.56,-0.015748792579865965
1.561,-0.004660649228039817
1.562,-0.008356697011981867
1.563,-0.004660649228039817
1.564,-0.019444840363808013
1.565,-0.012052744795923914
1.566,-0.004660649228039817
1.567,0.002731446339844281
1.568,-0.0009646014440977679
1.569,-0.02683693593169211
1.57,0.002731446339844281
1.571,0.00642749412378633
1.572,-0.012052744795923914
1.573,-0.012052744795923914
1.574,-0.0009646014440977679
1.575,-0.008356697011981867
1.576,-0.0009646014440977679
1.577,-0.0009646014440977679
1.578,-0.004660649228039817
1.579,-0.008356697011981867
1.58,-0.0009646014440977679
1.581,-0.012052744795923914
1.582,-0.004660649228039817
1.583,-0.012052744795923914
1.584,0.002731446339844281
1.585,0.00642749412378633
1.586,-0.0009646014440977679
1.587,-0.019444840363808013
1.588,-0.008356697011981867
1.589,0.010123541907728378
1.59,-0.008356697011981867
1.591,-0.012052744795923914
1.592,-0.004660649228039817
1.593,-0.012052744795923914
1.594,-0.004660649228039817
1.595,-0.004660649228039817
1.596,-0.008356697011981867
1.597,-0.015748792579865965
1.598,-0.03792507928351826
1.599,0.00642749412378633
1.6,-0.015748792579865965
1.601,-0.012052744795923914
1.602,-0.004660649228039817
1.603,-0.004660649228039817
1.604,0.00642749412378633
1.605,-0.015748792579865965
1.606,-0.008356697011981867
1.607,0.010123541907728378
1.608,-0.0009646014440977679
1.609,-0.02314088814775006
1.61,0.010123541907728378
1.611,0.002731446339844281
1.612,-0.012052744795923914
1.613,-0.0009646014440977679
1.614,-0.012052744795923914
1.615,0.00642749412378633
1.616,-0.012052744795923914
1.617,-0.012052744795923914
1.618,-0.008356697011981867
1.619,-0.02314088814775006
1.62,-0.004660649228039817
1.621,-0.008356697011981867
1.622,-0.004660649228039817
1.623,-0.004660649228039817
1.624,-0.012052744795923914
1.625,-0.0009646014440977679
1.626,-0.004660649228039817
1.627,-0.019444840363808013
1.628,-0.004660649228039817
1.629,0.002731446339844281
1.63,0.024907733043496576
1.631,0.010123541907728378
1.632,-0.004660649228039817
1.633,0.013819589691670428
1.634,-0.02314088814775006
1.635,-0.0009646014440977679
1.636,-0.004660649228039817
1.637,0.002731446339844281
1.638,-0.02683693593169211
1.639,-0.0009646014440977679
1.64,0.010123541907728378
1.641,-0.03792507928351826
1.642,-0.015748792579865965
1.643,-0.02314088814775006
1.644,-0.02314088814775006
1.645,-0.008356697011981867
1.646,-0.03053298371563416
1.647,-0.02683693593169211
1.648,-0.02314088814775006
1.649,-0.008356697011981867
1.65,-0.02683693593169211
1.651,0.002731446339844281
1.652,0.002731446339844281
1.653,-0.004660649228039817
1.654,-0.019444840363808013
1.655,-0.019444840363808013
1.656,-0.0009646014440977679
1.657,0.002731446339844281
1.658,-0.019444840363808013
1.659,0.021211685259554525
1.66,-0.008356697011981867
1.661,-0.004660649228039817
1.662,0.010123541907728378
1.663,-0.012052744795923914
1.664,-0.008356697011981867
1.665,-0.0009646014440977679
1.666,-0.012052744795923914
1.667,0.010123541907728378
1.668,-0.02314088814775006
1.669,-0.012052744795923914
1.67,-0.004660649228039817
1.671,-0.008356697011981867
1.672,-0.0009646014440977679
1.673,-0.019444840363808013
1.674,-0.0009646014440977679
1.675,-0.004660649228039817
1.676,0.00642749412378633
1.677,0.002731446339844281
1.678,-0.008356697011981867
1.679,-0.008356697011981867
1.68,-0.015748792579865965
1.681,-0.02683693593169211
1.682,0.00642749412378633
1.683,0.021211685259554525
1.684,-0.02314088814775006
1.685,-0.0009646014440977679
1.686,-0.0009646014440977679
1.687,-0.02314088814775006
1.688,-0.019444840363808013
1.689,0.002731446339844281
1.69,0.017515637475612477
1.691,-0.008356697011981867
1.692,-0.015748792579865965
1.693,-0.02683693593169211
1.694,0.002731446339844281
1.695,-0.0009646014440977679
1.696,-0.004660649228039817
1.697,-0.015748792579865965
1.698,-0.019444840363808013
1.699,-0.015748792579865965
1.7,-0.008356697011981867
1.701,0.002731446339844281
1.702,0.00642749412378633
1.703,-0.008356697011981867
1.704,-0.015748792579865965
1.705,-0.019444840363808013
1.706,0.00642749412378633
1.707,-0.012052744795923914
1.708,-0.012052744795923914
1.709,0.002731446339844281
1.71,-0.008356697011981867
1.711,-0.015748792579865965
1.712,0.010123541907728378
1.713,-0.0009646014440977679
1.714,0.002731446339844281
1.715,-0.004660649228039817
1.716,0.002731446339844281
1.717,-0.03053298371563416
1.718,-0.0009646014440977679
1.719,0.002731446339844281
1.72,0.013819589691670428
1.721,0.024907733043496576
1.722,-0.015748792579865965
1.723,-0.004660649228039817
1.724,-0.008356697011981867
1.725,-0.015748792579865965
1.726,0.00642749412378633
1.727,0.00642749412378633
1.728,-0.008356697011981867
1.729,0.028603780827438623
1.73,-0.015748792579865965
1.731,-0.004660649228039817
1.732,-0.008356697011981867
1.733,0.013819589691670428
1.734,-0.004660649228039817
1.735,-0.004660649228039817
1.736,0.010123541907728378
1.737,-0.02314088814775006
1.738,-0.008356697011981867
1.739,-0.008356697011981867
1.74,0.010123541907728378
1.741,-0.008356697011981867
1.742,-0.004660649228039817
1.743,-0.012052744795923914
1.744,0.013819589691670428
1.745,-0.02683693593169211
1.746,0.00642749412378633
1.747,0.017515637475612477
1.748,-0.0009646014440977679
1.749,0.002731446339844281
1.75,-0.0009646014440977679
1.751,-0.015748792579865965
1.752,-0.012052744795923914
1.753,-0.0009646014440977679
1.754,-0.015748792579865965
1.755,-0.015748792579865965
1.756,-0.015748792579865965
1.757,-0.008356697011981867
1.758,-0.004660649228039817
1.759,-0.03053298371563416
1.76,-0.019444840363808013
1.761,-0.03053298371563416
1.762,0.002731446339844281
1.763,-0.02683693593169211
1.764,-0.008356697011981867
1.765,-0.015748792579865965
1.766,-0.0009646014440977679
1.767,-0.012052744795923914
1.768,-0.015748792579865965
1.769,-0.0009646014440977679
1.77,-0.004660649228039817
1.771,-0.0009646014440977679
1.772,-0.015748792579865965
1.773,-0.0009646014440977679
1.774,-0.008356697011981867
1.775,0.017515637475612477
1.776,-0.0009646014440977679
1.777,-0.03422903149957621
1.778,-0.008356697011981867
1.779,-0.008356697011981867
1.78,0.010123541907728378
1.781,0.010123541907728378
1.782,-0.019444840363808013
1.783,-0.015748792579865965
1.784,-0.004660649228039817
1.785,-0.0009646014440977679
1.786,-0.02314088814775006
1.787,0.002731446339844281
1.788,-0.015748792579865965
1.789,0.00642749412378633
1.79,-0.015748792579865965
1.791,-0.004660649228039817
1.792,-0.012052744795923914
1.793,-0.004660649228039817
1.794,0.010123541907728378
1.795,0.00642749412378633
1.796,-0.0009646014440977679
1.797,0.002731446339844281
1.798,0.002731446339844281
1.799,0.00642749412378633
1.8,0.002731446339844281
1.801,0.013819589691670428
1.802,-0.0009646014440977679
1.803,-0.019444840363808013
1.804,-0.008356697011981867
1.805,-0.008356697011981867
1.806,-0.008356697011981867
1.807,-0.0009646014440977679
1.808,-0.02683693593169211
1.809,-0.04531717485140235
1.81,0.00642749412378633
1.811,-0.008356697011981867
1.812,-0.02314088814775006
1.813,-0.015748792579865965
1.814,-0.02314088814775006
1.815,-0.015748792579865965
1.816,-0.004660649228039817
1.817,-0.0009646014440977679
1.818,-0.004660649228039817
1.819,-0.0009646014440977679
1.82,-0.012052744795923914
1.821,-0.004660649228039817
1.822,-0.012052744795923914
1.823,-0.015748792579865965
1.824,-0.03053298371563416
1.825,-0.008356697011981867
1.826,0.013819589691670428
1.827,-0.015748792579865965
1.828,-0.0009646014440977679
1.829,-0.004660649228039817
1.83,-0.004660649228039817
1.831,-0.004660649228039817
1.832,-0.03422903149957621
1.833,-0.008356697011981867
1.834,-0.008356697011981867
1.835,-0.004660649228039817
1.836,0.024907733043496576
1.837,-0.004660649228039817
1.838,-0.0009646014440977679
1.839,-0.02683693593169211
1.84,-0.008356697011981867
1.841,-0.008356697011981867
1.842,0.00642749412378633
1.843,0.002731446339844281
1.844,-0.02683693593169211
1.845,-0.019444840363808013
1.846,0.010123541907728378
1.847,0.010123541907728378
1.848,-0.008356697011981867
1.849,-0.02314088814775006
1.85,0.00642749412378633
1.851,0.00642749412378633
1.852,-0.0009646014440977679
1.853,-0.004660649228039817
1.854,-0.015748792579865965
1.855,-0.015748792579865965
1.856,0.010123541907728378
1.857,-0.0009646014440977679
1.858,-0.03792507928351826
1.859,-0.019444840363808013
1.86,-0.012052744795923914
1.861,-0.02314088814775006
1.862,-0.0009646014440977679
1.863,-0.015748792579865965
1.864,-0.008356697011981867
1.865,-0.008356697011981867
1.866,-0.012052744795923914
1.867,0.002731446339844281
1.868,-0.004660649228039817
1.869,-0.03422903149957621
1.87,-0.0009646014440977679
1.871,-0.008356697011981867
1.872,-0.004660649228039817
1.873,-0.03053298371563416
1.874,-0.019444840363808013
1.875,-0.004660649228039817
1.876,-0.008356697011981867
1.877,-0.012052744795923914
1.878,-0.012052744795923914
1.879,-0.019444840363808013
1.88,0.013819589691670428
1.881,-0.012052744795923914
1.882,-0.02683693593169211
1.883,-0.019444840363808013
1.884,-0.02314088814775006
1.885,-0.02683693593169211
1.886,-0.02314088814775006
1.887,-0.0009646014440977679
1.888,-0.019444840363808013
1.889,-0.019444840363808013
1.89,-0.004660649228039817
1.891,-0.008356697011981867
1.892,0.010123541907728378
1.893,-0.008356697011981867
1.894,0.002731446339844281
1.895,-0.019444840363808013
1.896,-0.008356697011981867
1.897,-0.0009646014440977679
1.898,-0.019444840363808013
1.899,0.002731446339844281
1.9,-0.02314088814775006
1.901,-0.004660649228039817
1.902,-0.03053298371563416
1.903,-0.0009646014440977679
1.904,0.002731446339844281
1.905,-0.008356697011981867
1.906,-0.015748792579865965
1.907,-0.0009646014440977679
1.908,-0.0009646014440977679
1.909,0.002731446339844281
1.91,-0.019444840363808013
1.911,-0.019444840363808013
1.912,-0.0009646014440977679
1.913,-0.02314088814775006
1.914,-0.004660649228039817
1.915,-0.008356697011981867
1.916,-0.012052744795923914
1.917,-0.03792507928351826
1.918,-0.008356697011981867
1.919,-0.008356697011981867
1.92,-0.0009646014440977679
1.921,-0.015748792579865965
1.922,0.002731446339844281
1.923,0.010123541907728378
1.924,-0.019444840363808013
1.925,0.00642749412378633
1.926,-0.0009646014440977679
1.927,-0.004660649228039817
1.928,-0.004660649228039817
1.929,-0.012052744795923914
1.93,-0.012052744795923914
1.931,-0.008356697011981867
1.932,-0.019444840363808013
1.933,-0.015748792579865965
1.934,-0.004660649228039817
1.935,0.013819589691670428
1.936,-0.008356697011981867
1.937,0.013819589691670428
1.938,-0.0009646014440977679
1.939,0.002731446339844281
1.94,-0.015748792579865965
1.941,0.021211685259554525
1.942,0.00642749412378633
1.943,0.010123541907728378
1.944,-0.0009646014440977679
1.945,-0.012052744795923914
1.946,-0.015748792579865965
1.947,0.002731446339844281
1.948,0.013819589691670428
1.949,0.002731446339844281
1.95,-0.0009646014440977679
1.951,0.013819589691670428
1.952,-0.008356697011981867
1.953,-0.008356697011981867
1.954,-0.015748792579865965
1.955,0.017515637475612477
1.956,-0.0009646014440977679
1.957,-0.008356697011981867
1.958,0.00642749412378633
1.959,-0.004660649228039817
1.96,0.010123541907728378
1.961,-0.019444840363808013
1.962,-0.02683693593169211
1.963,-0.004660649228039817
1.964,-0.008356697011981867
1.965,-0.004660649228039817
1.966,-0.02683693593169211
1.967,-0.0009646014440977679
1.968,-0.0009646014440977679
1.969,-0.0009646014440977679
1.97,-0.019444840363808013
1.971,0.002731446339844281
1.972,-0.0009646014440977679
1.973,-0.008356697011981867
1.974,-0.008356697011981867
1.975,-0.0009646014440977679
1.976,-0.015748792579865965
1.977,-0.004660649228039817
1.978,-0.019444840363808013
1.979,-0.015748792579865965
1.98,-0.012052744795923914
1.981,-0.012052744795923914
1.982,-0.019444840363808013
1.983,-0.004660649228039817
1.984,-0.015748792579865965
1.985,-0.02314088814775006
1.986,-0.012052744795923914
1.987,-0.019444840363808013
1.988,0.002731446339844281
1.989,-0.019444840363808013
1.99,-0.008356697011981867
1.991,0.00642749412378633
1.992,0.002731446339844281
1.993,-0.02314088814775006
1.994,-0.008356697011981867
1.995,-0.0009646014440977679
1.996,-0.015748792579865965
1.997,-0.015748792579865965
1.998,-0.008356697011981867
1.999,-0.004660649228039817
2.0,-0.004660649228039817
2.001,-0.0009646014440977679
2.002,-0.03422903149957621
2.003,-0.004660649228039817
2.004,0.00642749412378633
2.005,-0.004660649228039817
2.006,0.010123541907728378
2.007,-0.008356697011981867
2.008,-0.004660649228039817
2.009,-0.008356697011981867
2.01,-0.012052744795923914
2.011,0.00642749412378633
2.012,-0.019444840363808013
2.013,-0.015748792579865965
2.014,-0.02314088814775006
2.015,-0.019444840363808013
2.016,-0.012052744795923914
2.017,-0.019444840363808013
2.018,-0.008356697011981867
2.019,-0.008356697011981867
2.02,-0.0009646014440977679
2.021,-0.004660649228039817
2.022,-0.0009646014440977679
2.023,-0.012052744795923914
2.024,-0.015748792579865965
2.025,-0.008356697011981867
2.026,-0.008356697011981867
2.027,0.002731446339844281
2.028,-0.0009646014440977679
2.029,-0.0009646014440977679
2.03,0.010123541907728378
2.031,-0.012052744795923914
2.032,0.021211685259554525
2.033,0.010123541907728378
2.034,0.002731446339844281
2.035,0.010123541907728378
2.036,-0.008356697011981867
2.037,0.013819589691670428
2.038,-0.004660649228039817
2.039,0.010123541907728378
2.04,-0.004660649228039817
2.041,-0.02683693593169211
2.042,-0.008356697011981867
2.043,0.002731446339844281
2.044,-0.03053298371563416
2.045,-0.019444840363808013
2.046,-0.019444840363808013
2.047,-0.0009646014440977679
2.048,-0.008356697011981867
2.049,0.002731446339844281
2.05,-0.008356697011981867
2.051,0.002731446339844281
2.052,-0.004660649228039817
2.053,-0.019444840363808013
2.054,0.002731446339844281
2.055,0.013819589691670428
2.056,0.021211685259554525
2.057,-0.004660649228039817
2.058,-0.0009646014440977679
2.059,-0.004660649228039817
2.06,-0.012052744795923914
2.061,-0.02314088814775006
2.062,0.00642749412378633
2.063,-0.0009646014440977679
2.064,-0.0009646014440977679
2.065,-0.008356697011981867
2.066,-0.008356697011981867
2.067,-0.02683693593169211
2.068,-0.0009646014440977679
2.069,-0.03792507928351826
2.07,-0.015748792579865965
2.071,-0.012052744795923914
2.072,-0.012052744795923914
2.073,-0.008356697011981867
2.074,-0.008356697011981867
2.075,0.010123541907728378
2.076,-0.019444840363808013
2.077,-0.008356697011981867
2.078,-0.019444840363808013
2.079,-0.015748792579865965
2.08,-0.004660649228039817
2.081,-0.02683693593169211
2.082,-0.008356697011981867
2.083,-0.008356697011981867
2.084,-0.008356697011981867
2.085,-0.004660649228039817
2.086,-0.004660649228039817
2.087,-0.02683693593169211
2.088,-0.012052744795923914
2.089,-0.03792507928351826
2.09,-0.008356697011981867
2.091,-0.008356697011981867
2.092,-0.015748792579865965
2.093,0.002731446339844281
2.094,-0.019444840363808013
2.095,-0.008356697011981867
2.096,-0.019444840363808013
2.097,-0.02314088814775006
2.098,-0.012052744795923914
2.099,-0.019444840363808013
2.1,0.00642749412378633
2.101,0.010123541907728378
2.102,0.013819589691670428
2.103,-0.012052744795923914
2.104,-0.008356697011981867
2.105,-0.008356697011981867
2.106,-0.004660649228039817
2.107,0.002731446339844281
2.108,-0.012052744795923914
2.109,-0.019444840363808013
2.11,-0.0009646014440977679
2.111,0.010123541907728378
2.112,0.002731446339844281
2.113,-0.012052744795923914
2.114,-0.008356697011981867
2.115,-0.0009646014440977679
2.116,-0.008356697011981867
2.117,-0.0009646014440977679
2.118,0.002731446339844281
2.119,0.00642749412378633
2.12,0.002731446339844281
2.121,-0.02314088814775006
2.122,0.021211685259554525
2.123,-0.02683693593169211
2.124,0.010123541907728378
2.125,-0.008356697011981867
2.126,-0.008356697011981867
2.127,0.00642749412378633
2.128,-0.03053298371563416
2.129,-0.004660649228039817
2.13,-0.015748792579865965
2.131,-0.012052744795923914
2.132,-0.03422903149957621
2.133,-0.019444840363808013
2.134,-0.004660649228039817
2.135,-0.012052744795923914
2.136,-0.004660649228039817
2.137,0.00642749412378633
2.138,-0.008356697011981867
2.139,-0.0009646014440977679
2.14,-0.012052744795923914
2.141,-0.008356697011981867
2.142,0.002731446339844281
2.143,-0.008356697011981867
2.144,-0.008356697011981867
2.145,-0.004660649228039817
2.146,-0.004660649228039817
2.147,-0.02314088814775006
2.148,-0.0009646014440977679
2.149,-0.02683693593169211
2.15,0.002731446339844281
2.151,-0.008356697011981867
2.152,0.00642749412378633
2.153,-0.0009646014440977679
2.154,-0.008356697011981867
2.155,-0.004660649228039817
2.156,-0.012052744795923914
2.157,-0.019444840363808013
2.158,-0.012052744795923914
2.159,-0.019444840363808013
2.16,-0.019444840363808013
2.161,-0.004660649228039817
2.162,-0.008356697011981867
2.163,-0.0009646014440977679
2.164,-0.008356697011981867
2.165,-0.015748792579865965
2.166,0.002731446339844281
2.167,0.010123541907728378
2.168,-0.008356697011981867
2.169,0.002731446339844281
2.17,-0.02683693593169211
2.171,0.002731446339844281
2.172,-0.02683693593169211
2.173,-0.019444840363808013
2.174,-0.012052744795923914
2.175,-0.012052744795923914
2.176,-0.004660649228039817
2.177,-0.0009646014440977679
2.178,-0.004660649228039817
2.179,-0.02314088814775006
2.18,-0.0009646014440977679
2.181,-0.004660649228039817
2.182,-0.015748792579865965
2.183,0.002731446339844281
2.184,-0.008356697011981867
2.185,-0.015748792579865965
2.186,-0.012052744795923914
2.187,-0.008356697011981867
2.188,-0.012052744795923914
2.189,-0.004660649228039817
2.19,-0.015748792579865965
2.191,0.002731446339844281
2.192,-0.03053298371563416
2.193,-0.02683693593169211
2.194,0.002731446339844281
2.195,0.002731446339844281
2.196,-0.0009646014440977679
2.197,-0.012052744795923914
2.198,-0.02683693593169211
2.199,-0.004660649228039817
2.2,-0.012052744795923914
2.201,-0.012052744795923914
2.202,-0.0009646014440977679
2.203,-0.008356697011981867
2.204,-0.004660649228039817
2.205,-0.012052744795923914
2.206,-0.008356697011981867
2.207,-0.02314088814775006
2.208,-0.015748792579865965
2.209,0.002731446339844281
2.21,-0.008356697011981867
2.211,-0.02683693593169211
2.212,-0.03053298371563416
2.213,-0.004660649228039817
2.214,0.002731446339844281
2.215,-0.004660649228039817
2.216,-0.008356697011981867
2.217,-0.004660649228039817
2.218,-0.004660649228039817
2.219,-0.02314088814775006
2.22,-0.012052744795923914
2.221,-0.004660649228039817
2.222,-0.0009646014440977679
2.223,-0.019444840363808013
2.224,0.002731446339844281
2.225,-0.015748792579865965
2.226,-0.0009646014440977679
2.227,-0.008356697011981867
2.228,-0.004660649228039817
2.229,-0.019444840363808013
2.23,0.010123541907728378
2.231,-0.004660649228039817
2.232,0.002731446339844281
2.233,-0.008356697011981867
2.234,0.017515637475612477
2.235,-0.008356697011981867
2.236,0.002731446339844281
2.237,-0.012052744795923914
2.238,-0.008356697011981867
2.239,-0.004660649228039817
2.24,-0.0009646014440977679
2.241,0.002731446339844281
2.242,-0.02314088814775006
2.243,-0.012052744795923914
2.244,-0.008356697011981867
2.245,-0.012052744795923914
2.246,-0.02314088814775006
2.247,-0.004660649228039817
2.248,-0.004660649228039817
2.249,-0.02314088814775006
2.25,0.002731446339844281
2.251,0.002731446339844281
2.252,-0.019444840363808013
2.253,0.00642749412378633
2.254,-0.012052744795923914
2.255,-0.0009646014440977679
2.256,0.013819589691670428
2.257,0.002731446339844281
2.258,-0.015748792579865965
2.259,-0.012052744795923914
2.26,0.010123541907728378
2.261,-0.015748792579865965
2.262,-0.015748792579865965
2.263,0.013819589691670428
2.264,-0.015748792579865965
2.265,-0.004660649228039817
2.266,0.021211685259554525
2.267,-0.004660649228039817
2.268,-0.008356697011981867
2.269,-0.019444840363808013
2.27,-0.0009646014440977679
2.271,-0.0009646014440977679
2.272,-0.019444840363808013
2.273,0.002731446339844281
2.274,-0.02314088814775006
2.275,-0.008356697011981867
2.276,-0.0009646014440977679
2.277,-0.019444840363808013
2.278,-0.004660649228039817
2.279,-0.0009646014440977679
2.28,-0.02314088814775006
2.281,0.013819589691670428
2.282,-0.015748792579865965
2.283,-0.004660649228039817
2.284,-0.004660649228039817
2.285,-0.02683693593169211
2.286,0.002731446339844281
2.287,-0.02683693593169211
2.288,-0.008356697011981867
2.289,-0.03422903149957621
2.29,-0.015748792579865965
2.291,-0.0009646014440977679
2.292,-0.03422903149957621
2.293,-0.0009646014440977679
2.294,0.013819589691670428
2.295,-0.008356697011981867
2.296,-0.012052744795923914
2.297,-0.0009646014440977679
2.298,-0.008356697011981867
2.299,0.00642749412378633
2.3,-0.0009646014440977679
2.301,-0.015748792579865965
2.302,-0.008356697011981867
2.303,-0.015748792579865965
2.304,-0.0009646014440977679
2.305,-0.004660649228039817
2.306,0.010123541907728378
2.307,-0.02683693593169211
2.308,-0.03053298371563416
2.309,-0.008356697011981867
2.31,0.002731446339844281
2.311,-0.012052744795923914
2.312,-0.02683693593169211
2.313,0.00642749412378633
2.314,-0.012052744795923914
2.315,0.010123541907728378
2.316,-0.03422903149957621
2.317,0.002731446339844281
2.318,0.021211685259554525
2.319,0.002731446339844281
2.32,0.002731446339844281
2.321,-0.0009646014440977679
2.322,-0.02683693593169211
2.323,-0.004660649228039817
2.324,0.002731446339844281
2.325,-0.0009646014440977679
2.326,-0.015748792579865965
2.327,-0.012052744795923914
2.328,0.00642749412378633
2.329,-0.004660649228039817
2.33,-0.015748792579865965
2.331,-0.008356697011981867
2.332,0.002731446339844281
2.333,-0.019444840363808013
2.334,0.002731446339844281
2.335,-0.008356697011981867
2.336,-0.012052744795923914
2.337,0.002731446339844281
2.338,0.010123541907728378
2.339,-0.004660649228039817
2.34,-0.008356697011981867
2.341,-0.008356697011981867
2.342,-0.008356697011981867
2.343,-0.0009646014440977679
2.344,-0.02683693593169211
2.345,-0.004660649228039817
2.346,0.013819589691670428
2.347,-0.004660649228039817
2.348,0.00642749412378633
2.349,-0.019444840363808013
2.35,-0.004660649228039817
2.351,-0.015748792579865965
2.352,0.021211685259554525
2.353,0.002731446339844281
2.354,-0.019444840363808013
2.355,-0.004660649228039817
2.356,-0.004660649228039817
2.357,0.002731446339844281
2.358,-0.0009646014440977679
2.359,0.002731446339844281
2.36,-0.019444840363808013
2.361,0.002731446339844281
2.362,0.00642749412378633
2.363,-0.03053298371563416
2.364,-0.02683693593169211
2.365,-0.02314088814775006
2.366,0.013819589691670428
2.367,-0.019444840363808013
2.368,-0.008356697011981867
2.369,-0.03792507928351826
2.37,-0.012052744795923914
2.371,-0.015748792579865965
2.372,-0.004660649228039817
2.373,-0.019444840363808013
2.374,-0.03422903149957621
2.375,-0.015748792579865965
2.376,-0.008356697011981867
2.377,-0.004660649228039817
2.378,-0.008356697011981867
2.379,-0.008356697011981867
2.38,0.00642749412378633
2.381,0.002731446339844281
2.382,-0.004660649228039817
2.383,0.013819589691670428
2.384,-0.019444840363808013
2.385,0.024907733043496576
2.386,-0.004660649228039817
2.387,0.002731446339844281
2.388,-0.012052744795923914
2.389,-0.015748792579865965
2.39,-0.0009646014440977679
2.391,0.017515637475612477
2.392,-0.008356697011981867
2.393,-0.02314088814775006
2.394,-0.012052744795923914
2.395,-0.0009646014440977679
2.396,0.010123541907728378
2.397,0.002731446339844281
2.398,-0.04162112706746031
2.399,-0.0009646014440977679
2.4,0.010123541907728378
2.401,0.013819589691670428
2.402,-0.03422903149957621
2.403,-0.02683693593169211
2.404,-0.008356697011981867
2.405,-0.015748792579865965
2.406,-0.015748792579865965
2.407,0.013819589691670428
2.408,-0.004660649228039817
2.409,0.00642749412378633
2.41,-0.004660649228039817
2.411,0.013819589691670428
2.412,-0.004660649228039817
2.413,-0.03053298371563416
2.414,-0.004660649228039817
2.415,-0.012052744795923914
2.416,-0.012052744795923914
2.417,-0.004660649228039817
2.418,-0.012052744795923914
2.419,0.002731446339844281
2.42,-0.015748792579865965
2.421,0.002731446339844281
2.422,0.010123541907728378
2.423,0.002731446339844281
2.424,-0.02683693593169211
2.425,0.002731446339844281
2.426,-0.012052744795923914
2.427,-0.004660649228039817
2.428,-0.0009646014440977679
2.429,-0.004660649228039817
2.43,-0.012052744795923914
2.431,0.002731446339844281
2.432,-0.015748792579865965
2.433,-0.012052744795923914
2.434,0.002731446339844281
2.435,-0.02683693593169211
2.436,-0.012052744795923914
2.437,0.013819589691670428
2.438,-0.012052744795923914
2.439,-0.03053298371563416
2.44,-0.0009646014440977679
2.441,0.021211685259554525
2.442,0.010123541907728378
2.443,-0.008356697011981867
2.444,0.00642749412378633
2.445,0.002731446339844281
2.446,-0.004660649228039817
2.447,-0.008356697011981867
2.448,0.017515637475612477
2.449,0.002731446339844281
2.45,-0.008356697011981867
2.451,0.021211685259554525
2.452,0.013819589691670428
2.453,0.00642749412378633
2.454,-0.008356697011981867
2.455,-0.008356697011981867
2.456,-0.015748792579865965
2.457,-0.015748792579865965
2.458,0.010123541907728378
2.459,0.002731446339844281
2.46,-0.019444840363808013
2.461,-0.015748792579865965
2.462,-0.004660649228039817
2.463,0.002731446339844281
2.464,-0.004660649228039817
2.465,-0.0009646014440977679
2.466,-0.04162112706746031
2.467,-0.012052744795923914
2.468,0.00642749412378633
2.469,-0.0009646014440977679
2.47,-0.008356697011981867
2.471,-0.008356697011981867
2.472,-0.004660649228039817
2.473,-0.0009646014440977679
2.474,-0.008356697011981867
2.475,-0.008356697011981867
2.476,-0.0009646014440977679
2.477,-0.0009646014440977679
2.478,-0.008356697011981867
2.479,-0.0009646014440977679
2.48,-0.02314088814775006
2.481,-0.012052744795923914
2.482,-0.008356697011981867
2.483,-0.019444840363808013
2.484,-0.004660649228039817
2.485,-0.019444840363808013
2.486,-0.012052744795923914
2.487,-0.0009646014440977679
2.488,-0.02314088814775006
2.489,-0.015748792579865965
2.49,-0.012052744795923914
2.491,-0.02314088814775006
2.492,0.010123541907728378
2.493,0.013819589691670428
2.494,-0.008356697011981867
2.495,0.00642749412378633
2.496,0.00642749412378633
2.497,0.010123541907728378
2.498,0.00642749412378633
2.499,-0.012052744795923914
2.5,-0.015748792579865965
2.501,-0.004660649228039817
2.502,-0.012052744795923914
2.503,-0.004660649228039817
2.504,0.00642749412378633
2.505,-0.008356697011981867
2.506,-0.02314088814775006
2.507,-0.015748792579865965
2.508,0.002731446339844281
2.509,-0.012052744795923914
2.51,0.002731446339844281
2.511,0.00642749412378633
2.512,-0.004660649228039817
2.513,0.013819589691670428
2.514,0.010123541907728378
2.515,-0.004660649228039817
2.516,0.002731446339844281
2.517,0.00642749412378633
2.518,0.013819589691670428
2.519,-0.004660649228039817
2.52,-0.008356697011981867
2.521,0.002731446339844281
2.522,0.002731446339844281
2.523,0.002731446339844281
2.524,-0.008356697011981867
2.525,-0.004660649228039817
2.526,-0.004660649228039817
2.527,-0.03053298371563416
2.528,-0.008356697011981867
2.529,-0.012052744795923914
2.53,-0.008356697011981867
2.531,-0.008356697011981867
2.532,-0.012052744795923914
2.533,-0.02314088814775006
2.534,-0.015748792579865965
2.535,0.00642749412378633
2.536,-0.004660649228039817
2.537,-0.015748792579865965
2.538,0.002731446339844281
2.539,0.002731446339844281
2.54,-0.004660649228039817
2.541,-0.015748792579865965
2.542,-0.008356697011981867
2.543,0.00642749412378633
2.544,-0.004660649228039817
2.545,0.002731446339844281
2.546,-0.02314088814775006
2.547,-0.0009646014440977679
2.548,-0.0009646014440977679
2.549,0.010123541907728378
2.55,0.00642749412378633
2.551,-0.015748792579865965
2.552,0.010123541907728378
2.553,-0.02314088814775006
2.554,-0.015748792579865965
2.555,0.002731446339844281
2.556,-0.012052744795923914
2.557,-0.012052744795923914
2.558,-0.012052744795923914
2.559,0.00642749412378633
2.56,-0.03053298371563416
2.561,0.010123541907728378
2.562,-0.008356697011981867
2.563,-0.008356697011981867
2.564,0.00642749412378633
2.565,-0.004660649228039817
2.566,-0.019444840363808013
2.567,-0.0009646014440977679
2.568,-0.012052744795923914
2.569,0.00642749412378633
2.57,-0.008356697011981867
2.571,0.010123541907728378
2.572,-0.012052744795923914
2.573,-0.012052744795923914
2.574,-0.008356697011981867
2.575,-0.008356697011981867
2.576,-0.0009646014440977679
2.577,-0.008356697011981867
2.578,-0.004660649228039817
2.579,0.002731446339844281
2.58,-0.015748792579865965
2.581,-0.015748792579865965
2.582,-0.008356697011981867
2.583,-0.03053298371563416
2.584,-0.015748792579865965
2.585,-0.004660649228039817
2.586,-0.019444840363808013
2.587,-0.019444840363808013
2.588,-0.004660649228039817
2.589,0.002731446339844281
2.59,0.00642749412378633
2.591,-0.015748792579865965
2.592,-0.015748792579865965
2.593,-0.03792507928351826
2.594,-0.008356697011981867
2.595,-0.012052744795923914
2.596,-0.004660649228039817
2.597,0.010123541907728378
2.598,-0.015748792579865965
2.599,-0.015748792579865965
2.6,-0.02314088814775006
2.601,-0.015748792579865965
2.602,0.010123541907728378
2.603,-0.004660649228039817
2.604,0.002731446339844281
2.605,0.002731446339844281
2.606,-0.012052744795923914
2.607,-0.008356697011981867
2.608,-0.019444840363808013
2.609,-0.008356697011981867
2.61,-0.02314088814775006
2.611,-0.008356697011981867
2.612,-0.02314088814775006
2.613,0.010123541907728378
2.614,0.002731446339844281
2.615,-0.008356697011981867
2.616,0.00642749412378633
2.617,-0.015748792579865965
2.618,-0.03053298371563416
2.619,-0.008356697011981867
2.62,0.00642749412378633
2.621,-0.02683693593169211
2.622,-0.004660649228039817
2.623,-0.008356697011981867
2.624,-0.0009646014440977679
2.625,0.002731446339844281
2.626,-0.004660649228039817
2.627,0.002731446339844281
2.628,-0.015748792579865965
2.629,-0.02314088814775006
2.63,-0.012052744795923914
2.631,-0.015748792579865965
2.632,-0.0009646014440977679
2.633,-0.015748792579865965
2.634,0.013819589691670428
2.635,-0.02314088814775006
2.636,0.00642749412378633
2.637,-0.004660649228039817
2.638,-0.0009646014440977679
2.639,-0.015748792579865965
2.64,-0.02683693593169211
2.641,-0.02314088814775006
2.642,-0.004660649228039817
2.643,-0.004660649228039817
2.644,0.002731446339844281
2.645,-0.012052744795923914
2.646,0.017515637475612477
2.647,-0.019444840363808013
2.648,-0.008356697011981867
2.649,-0.0009646014440977679
2.65,-0.0009646014440977679
2.651,-0.008356697011981867
2.652,-0.015748792579865965
2.653,-0.03792507928351826
2.654,-0.008356697011981867
2.655,-0.012052744795923914
2.656,-0.02314088814775006
2.657,-0.02683693593169211
2.658,0.00642749412378633
2.659,0.010123541907728378
2.66,0.017515637475612477
2.661,0.013819589691670428
2.662,0.021211685259554525
2.663,-0.008356697011981867
2.664,0.002731446339844281
2.665,-0.019444840363808013
2.666,-0.012052744795923914
2.667,0.002731446339844281
2.668,-0.0009646014440977679
2.669,-0.0009646014440977679
2.67,0.00642749412378633
2.671,0.00642749412378633
2.672,-0.015748792579865965
2.673,-0.015748792579865965
2.674,-0.012052744795923914
2.675,-0.004660649228039817
2.676,-0.008356697011981867
2.677,-0.004660649228039817
2.678,0.002731446339844281
2.679,-0.004660649228039817
2.68,0.002731446339844281
2.681,0.021211685259554525
2.682,0.017515637475612477
2.683,-0.015748792579865965
2.684,0.002731446339844281
2.685,-0.008356697011981867
2.686,-0.02683693593169211
2.687,-0.004660649228039817
2.688,-0.019444840363808013
2.689,-0.0009646014440977679
2.69,0.013819589691670428
2.691,-0.02683693593169211
2.692,0.010123541907728378
2.693,-0.008356697011981867
2.694,-0.03792507928351826
2.695,0.021211685259554525
2.696,-0.0009646014440977679
2.697,-0.02683693593169211
2.698,-0.015748792579865965
2.699,-0.015748792579865965
2.7,-0.008356697011981867
2.701,-0.004660649228039817
2.702,-0.012052744795923914
2.703,0.024907733043496576
2.704,-0.004660649228039817
2.705,-0.015748792579865965
2.706,0.00642749412378633
2.707,0.002731446339844281
2.708,0.002731446339844281
2.709,-0.008356697011981867
2.71,-0.008356697011981867
2.711,-0.012052744795923914
2.712,-0.012052744795923914
2.713,0.002731446339844281
2.714,-0.012052744795923914
2.715,-0.015748792579865965
2.716,-0.02314088814775006
2.717,-0.0009646014440977679
2.718,0.00642749412378633
2.719,0.017515637475612477
2.72,0.002731446339844281
2.721,-0.012052744795923914
2.722,0.002731446339844281
2.723,-0.02314088814775006
2.724,-0.004660649228039817
2.725,-0.0009646014440977679
2.726,-0.004660649228039817
2.727,-0.008356697011981867
2.728,-0.019444840363808013
2.729,0.024907733043496576
2.73,-0.0009646014440977679
2.731,0.013819589691670428
2.732,-0.012052744795923914
2.733,-0.015748792579865965
2.734,-0.0009646014440977679
2.735,-0.008356697011981867
2.736,0.010123541907728378
2.737,-0.02683693593169211
2.738,0.00642749412378633
2.739,-0.015748792579865965
2.74,0.010123541907728378
2.741,-0.019444840363808013
2.742,0.013819589691670428
2.743,-0.008356697011981867
2.744,0.00642749412378633
2.745,-0.004660649228039817
2.746,-0.0009646014440977679
2.747,-0.008356697011981867
2.748,-0.008356697011981867
2.749,-0.0009646014440977679
2.75,-0.02314088814775006
2.751,0.002731446339844281
2.752,-0.02314088814775006
2.753,-0.008356697011981867
2.754,-0.015748792579865965
2.755,0.002731446339844281
2.756,-0.008356697011981867
2.757,0.002731446339844281
2.758,-0.0009646014440977679
2.759,-0.004660649228039817
2.76,-0.04162112706746031
2.761,-0.008356697011981867
2.762,-0.015748792579865965
2.763,-0.012052744795923914
2.764,0.002731446339844281
2.765,-0.02683693593169211
2.766,-0.012052744795923914
2.767,0.002731446339844281
2.768,-0.008356697011981867
2.769,0.013819589691670428
2.77,-0.02314088814775006
2.771,0.013819589691670428
2.772,-0.008356697011981867
2.773,-0.02314088814775006
2.774,0.021211685259554525
2.775,-0.008356697011981867
2.776,0.002731446339844281
2.777,0.002731446339844281
2.778,-0.0009646014440977679
2.779,-0.004660649228039817
2.78,-0.0009646014440977679
2.781,0.002731446339844281
2.782,-0.008356697011981867
2.783,-0.02683693593169211
2.784,-0.015748792579865965
2.785,0.010123541907728378
2.786,-0.019444840363808013
2.787,-0.0009646014440977679
2.788,0.002731446339844281
2.789,-0.015748792579865965
2.79,0.002731446339844281
2.791,0.00642749412378633
2.792,-0.008356697011981867
2.793,-0.0009646014440977679
2.794,0.013819589691670428
2.795,0.002731446339844281
2.796,-0.004660649228039817
2.797,-0.008356697011981867
2.798,-0.004660649228039817
2.799,-0.012052744795923914
2.8,-0.019444840363808013
2.801,-0.008356697011981867
2.802,-0.012052744795923914
2.803,0.00642749412378633
2.804,-0.03053298371563416
2.805,-0.012052744795923914
2.806,0.00642749412378633
2.807,-0.019444840363808013
2.808,-0.015748792579865965
2.809,-0.02314088814775006
2.81,0.002731446339844281
2.811,-0.03792507928351826
2.812,-0.0009646014440977679
2.813,-0.004660649228039817
2.814,0.00642749412378633
2.815,-0.0009646014440977679
2.816,-0.0009646014440977679
2.817,-0.008356697011981867
2.818,-0.004660649228039817
2.819,0.010123541907728378
2.82,-0.012052744795923914
2.821,-0.0009646014440977679
2.822,-0.004660649228039817
2.823,-0.008356697011981867
2.824,-0.015748792579865965
2.825,0.024907733043496576
2.826,-0.012052744795923914
2.827,0.002731446339844281
2.828,0.00642749412378633
2.829,-0.008356697011981867
2.83,-0.02683693593169211
2.831,-0.004660649228039817
2.832,-0.012052744795923914
2.833,-0.015748792579865965
2.834,-0.008356697011981867
2.835,-0.008356697011981867
2.836,-0.02314088814775006
2.837,-0.0009646014440977679
2.838,0.002731446339844281
2.839,-0.019444840363808013
2.84,-0.004660649228039817
2.841,-0.03053298371563416
2.842,-0.015748792579865965
2.843,-0.0009646014440977679
2.844,0.002731446339844281
2.845,-0.019444840363808013
2.846,-0.019444840363808013
2.847,-0.019444840363808013
2.848,0.00642749412378633
2.849,-0.019444840363808013
2.85,-0.012052744795923914
2.851,-0.012052744795923914
2.852,-0.02314088814775006
2.853,-0.0009646014440977679
2.854,-0.02314088814775006
2.855,0.010123541907728378
2.856,0.00642749412378633
2.857,-0.012052744795923914
2.858,-0.0009646014440977679
2.859,0.017515637475612477
2.86,-0.02314088814775006
2.861,-0.019444840363808013
2.862,-0.0009646014440977679
2.863,-0.015748792579865965
2.864,-0.012052744795923914
2.865,-0.008356697011981867
2.866,-0.008356697011981867
2.867,-0.015748792579865965
2.868,0.00642749412378633
2.869,-0.008356697011981867
2.87,-0.012052744795923914
2.871,-0.0009646014440977679
2.872,-0.004660649228039817
2.873,0.002731446339844281
2.874,-0.004660649228039817
2.875,0.002731446339844281
2.876,-0.004660649228039817
2.877,-0.0009646014440977679
2.878,-0.019444840363808013
2.879,-0.012052744795923914
2.88,-0.0009646014440977679
2.881,-0.0009646014440977679
2.882,0.013819589691670428
2.883,0.00642749412378633
2.884,-0.015748792579865965
2.885,0.00642749412378633
2.886,-0.012052744795923914
2.887,-0.012052744795923914
2.888,-0.015748792579865965
2.889,-0.0009646014440977679
2.89,-0.03422903149957621
2.891,-0.008356697011981867
2.892,-0.012052744795923914
2.893,-0.012052744795923914
2.894,0.010123541907728378
2.895,-0.0009646014440977679
2.896,-0.015748792579865965
2.897,-0.008356697011981867
2.898,-0.015748792579865965
2.899,0.010123541907728378
2.9,-0.004660649228039817
2.901,-0.008356697011981867
2.902,-0.004660649228039817
2.903,-0.012052744795923914
2.904,-0.012052744795923914
2.905,-0.0009646014440977679
2.906,0.00642749412378633
2.907,0.010123541907728378
2.908,-0.015748792579865965
2.909,-0.02683693593169211
2.91,0.002731446339844281
2.911,-0.008356697011981867
2.912,-0.012052744795923914
2.913,-0.012052744795923914
2.914,0.002731446339844281
2.915,0.00642749412378633
2.916,0.00642749412378633
2.917,-0.015748792579865965
2.918,0.00642749412378633
2.919,-0.015748792579865965
2.92,-0.004660649228039817
2.921,-0.03422903149957621
2.922,0.00642749412378633
2.923,0.010123541907728378
2.924,-0.004660649228039817
2.925,-0.004660649228039817
2.926,-0.02683693593169211
2.927,-0.008356697011981867
2.928,-0.03422903149957621
2.929,-0.012052744795923914
2.93,-0.004660649228039817
2.931,-0.008356697011981867
2.932,-0.04162112706746031
2.933,-0.008356697011981867
2.934,0.002731446339844281
2.935,-0.02314088814775006
2.936,-0.012052744795923914
2.937,-0.015748792579865965
2.938,-0.012052744795923914
2.939,-0.008356697011981867
2.94,-0.0009646014440977679
2.941,-0.0009646014440977679
2.942,-0.008356697011981867
2.943,0.002731446339844281
2.944,0.00642749412378633
2.945,0.00642749412378633
2.946,-0.02683693593169211
2.947,-0.012052744795923914
2.948,-0.019444840363808013
2.949,0.010123541907728378
2.95,-0.012052744795923914
2.951,-0.03053298371563416
2.952,-0.03053298371563416
2.953,-0.012052744795923914
2.954,-0.008356697011981867
2.955,-0.015748792579865965
2.956,-0.02683693593169211
2.957,-0.012052744795923914
2.958,-0.0009646014440977679
2.959,-0.012052744795923914
2.96,0.017515637475612477
2.961,-0.008356697011981867
2.962,-0.0009646014440977679
2.963,-0.019444840363808013
2.964,0.002731446339844281
2.965,-0.008356697011981867
2.966,-0.004660649228039817
2.967,-0.004660649228039817
2.968,-0.015748792579865965
2.969,-0.004660649228039817
2.97,-0.012052744795923914
2.971,0.00642749412378633
2.972,0.002731446339844281
2.973,0.010123541907728378
2.974,-0.02683693593169211
2.975,-0.0009646014440977679
2.976,0.00642749412378633
2.977,-0.004660649228039817
2.978,-0.012052744795923914
2.979,-0.019444840363808013
2.98,-0.03422903149957621
2.981,0.002731446339844281
2.982,-0.012052744795923914
2.983,-0.015748792579865965
2.984,-0.004660649228039817
2.985,-0.02683693593169211
2.986,0.010123541907728378
2.987,-0.04162112706746031
2.988,-0.004660649228039817
2.989,-0.012052744795923914
2.99,-0.012052744795923914
2.991,-0.004660649228039817
2.992,0.013819589691670428
2.993,-0.008356697011981867
2.994,-0.004660649228039817
2.995,0.021211685259554525
2.996,-0.03053298371563416
2.997,-0.008356697011981867
2.998,0.002731446339844281
2.999,0.00642749412378633
3.0,0.010123541907728378
3.001,0.00642749412378633
3.002,0.010123541907728378
3.003,0.00642749412378633
3.004,-0.0009646014440977679
3.005,0.013819589691670428
3.006,-0.012052744795923914
3.007,-0.008356697011981867
3.008,-0.0009646014440977679
3.009,-0.004660649228039817
3.01,0.002731446339844281
3.011,-0.015748792579865965
3.012,0.00642749412378633
3.013,-0.02683693593169211
3.014,0.017515637475612477
3.015,0.00642749412378633
3.016,0.00642749412378633
3.017,-0.015748792579865965
3.018,-0.008356697011981867
3.019,-0.0009646014440977679
3.02,-0.0009646014440977679
3.021,0.002731446339844281
3.022,0.002731446339844281
3.023,-0.02683693593169211
3.024,-0.004660649228039817
3.025,-0.008356697011981867
3.026,-0.012052744795923914
3.027,-0.004660649228039817
3.028,-0.0009646014440977679
3.029,-0.02683693593169211
3.03,-0.008356697011981867
3.031,-0.0009646014440977679
3.032,-0.0009646014440977679
3.033,-0.012052744795923914
3.034,-0.02683693593169211
3.035,0.010123541907728378
3.036,0.010123541907728378
3.037,0.00642749412378633
3.038,0.00642749412378633
3.039,-0.015748792579865965
3.04,-0.019444840363808013
3.041,-0.012052744795923914
3.042,0.002731446339844281
3.043,-0.012052744795923914
3.044,-0.008356697011981867
3.045,0.002731446339844281
3.046,-0.02314088814775006
3.047,-0.0009646014440977679
3.048,-0.012052744795923914
3.049,-0.015748792579865965
3.05,-0.004660649228039817
3.051,-0.012052744795923914
3.052,-0.004660649228039817
3.053,-0.03422903149957621
3.054,0.002731446339844281
3.055,-0.012052744795923914
3.056,-0.03053298371563416
3.057,0.021211685259554525
3.058,-0.008356697011981867
3.059,-0.015748792579865965
3.06,0.013819589691670428
3.061,0.010123541907728378
3.062,-0.02683693593169211
3.063,-0.008356697011981867
3.064,-0.0009646014440977679
3.065,-0.008356697011981867
3.066,-0.015748792579865965
3.067,-0.008356697011981867
3.068,0.00642749412378633
3.069,-0.008356697011981867
3.07,-0.004660649228039817
3.071,-0.0009646014440977679
3.072,-0.019444840363808013
3.073,-0.004660649228039817
3.074,-0.012052744795923914
3.075,-0.0009646014440977679
3.076,0.021211685259554525
3.077,-0.019444840363808013
3.078,-0.004660649228039817
3.079,-0.019444840363808013
3.08,0.010123541907728378
3.081,-0.008356697011981867
3.082,0.00642749412378633
3.083,-0.004660649228039817
3.084,0.00642749412378633
3.085,0.00642749412378633
3.086,0.013819589691670428
3.087,-0.02314088814775006
3.088,-0.0009646014440977679
3.089,-0.019444840363808013
3.09,-0.008356697011981867
3.091,-0.015748792579865965
3.092,-0.0009646014440977679
3.093,-0.012052744795923914
3.094,-0.004660649228039817
3.095,-0.008356697011981867
3.096,-0.03053298371563416
3.097,-0.015748792579865965
3.098,-0.004660649228039817
3.099,-0.019444840363808013
3.1,-0.008356697011981867
3.101,-0.008356697011981867
3.102,-0.004660649228039817
3.103,0.00642749412378633
3.104,-0.015748792579865965
3.105,-0.0009646014440977679
3.106,0.002731446339844281
3.107,-0.015748792579865965
3.108,0.002731446339844281
3.109,-0.019444840363808013
3.11,0.00642749412378633
3.111,-0.004660649228039817
3.112,-0.004660649228039817
3.113,-0.012052744795923914
3.114,-0.004660649228039817
3.115,0.002731446339844281
3.116,0.010123541907728378
3.117,-0.019444840363808013
3.118,-0.019444840363808013
3.119,-0.008356697011981867
3.12,-0.015748792579865965
3.121,0.010123541907728378
3.122,-0.004660649228039817
3.123,-0.004660649228039817
3.124,0.013819589691670428
3.125,-0.004660649228039817
3.126,0.002731446339844281
3.127,0.010123541907728378
3.128,-0.004660649228039817
3.129,-0.019444840363808013
3.13,0.002731446339844281
3.131,-0.0009646014440977679
3.132,-0.012052744795923914
3.133,-0.008356697011981867
3.134,-0.015748792579865965
3.135,-0.03053298371563416
3.136,-0.012052744795923914
3.137,0.013819589691670428
3.138,-0.008356697011981867
3.139,0.00642749412378633
3.14,-0.015748792579865965
3.141,-0.02683693593169211
3.142,-0.008356697011981867
3.143,-0.012052744795923914
3.144,-0.012052744795923914
3.145,-0.03422903149957621
3.146,-0.008356697011981867
3.147,0.03229982861138067
3.148,-0.008356697011981867
3.149,-0.015748792579865965
3.15,0.002731446339844281
3.151,-0.008356697011981867
3.152,0.00642749412378633
3.153,-0.015748792579865965
3.154,0.010123541907728378
3.155,0.017515637475612477
3.156,0.00642749412378633
3.157,-0.008356697011981867
3.158,0.002731446339844281
3.159,-0.0009646014440977679
3.16,-0.004660649228039817
3.161,-0.008356697011981867
3.162,-0.04162112706746031
3.163,0.010123541907728378
3.164,0.013819589691670428
3.165,-0.012052744795923914
3.166,0.010123541907728378
3.167,0.013819589691670428
3.168,-0.0009646014440977679
3.169,0.00642749412378633
3.17,0.00642749412378633
3.171,-0.0009646014440977679
3.172,0.010123541907728378
3.173,-0.012052744795923914
3.174,0.013819589691670428
3.175,0.00642749412378633
3.176,0.00642749412378633
3.177,-0.004660649228039817
3.178,-0.004660649228039817
3.179,-0.0009646014440977679
3.18,-0.012052744795923914
3.181,-0.012052744795923914
3.182,-0.012052744795923914
3.183,-0.004660649228039817
3.184,-0.008356697011981867
3.185,-0.012052744795923914
3.186,0.002731446339844281
3.187,-0.012052744795923914
3.188,-0.008356697011981867
3.189,-0.0009646014440977679
3.19,-0.008356697011981867
3.191,-0.004660649228039817
3.192,-0.03053298371563416
3.193,0.021211685259554525
3.194,-0.008356697011981867
3.195,0.00642749412378633
3.196,-0.015748792579865965
3.197,0.00642749412378633
3.198,-0.004660649228039817
3.199,-0.0009646014440977679
3.2,0.010123541907728378
3.201,-0.019444840363808013
3.202,-0.008356697011981867
3.203,-0.03422903149957621
3.204,-0.019444840363808013
3.205,0.010123541907728378
3.206,-0.012052744795923914
3.207,0.00642749412378633
3.208,-0.008356697011981867
3.209,-0.008356697011981867
3.21,-0.0009646014440977679
3.211,-0.012052744795923914
3.212,-0.019444840363808013
3.213,-0.008356697011981867
3.214,-0.008356697011981867
3.215,-0.008356697011981867
3.216,-0.012052744795923914
3.217,0.002731446339844281
3.218,0.017515637475612477
3.219,-0.015748792579865965
3.22,0.002731446339844281
3.221,-0.019444840363808013
3.222,0.002731446339844281
3.223,0.010123541907728378
3.224,-0.02314088814775006
3.225,-0.015748792579865965
3.226,-0.008356697011981867
3.227,-0.019444840363808013
3.228,-0.008356697011981867
3.229,-0.0009646014440977679
3.23,-0.004660649228039817
3.231,-0.008356697011981867
3.232,-0.012052744795923914
3.233,-0.004660649228039817
3.234,0.021211685259554525
3.235,-0.019444840363808013
3.236,-0.015748792579865965
3.237,-0.004660649228039817
3.238,-0.008356697011981867
3.239,-0.015748792579865965
3.24,-0.019444840363808013
3.241,0.013819589691670428
3.242,-0.008356697011981867
3.243,-0.008356697011981867
3.244,-0.004660649228039817
3.245,-0.015748792579865965
3.246,-0.015748792579865965
3.247,0.002731446339844281
3.248,-0.019444840363808013
3.249,-0.012052744795923914
3.25,-0.015748792579865965
3.251,-0.02683693593169211
3.252,-0.019444840363808013
3.253,-0.012052744795923914
3.254,-0.004660649228039817
3.255,-0.0009646014440977679
3.256,-0.004660649228039817
3.257,-0.0009646014440977679
3.258,-0.0009646014440977679
3.259,-0.019444840363808013
3.26,0.00642749412378633
3.261,0.010123541907728378
3.262,-0.004660649228039817
3.263,0.00642749412378633
3.264,-0.02683693593169211
3.265,0.010123541907728378
3.266,-0.02683693593169211
3.267,-0.012052744795923914
3.268,-0.019444840363808013
3.269,-0.008356697011981867
3.27,0.002731446339844281
3.271,-0.008356697011981867
3.272,0.00642749412378633
3.273,-0.02314088814775006
3.274,-0.015748792579865965
3.275,-0.015748792579865965
3.276,-0.02314088814775006
3.277,-0.008356697011981867
3.278,-0.008356697011981867
3.279,-0.012052744795923914
3.28,-0.015748792579865965
3.281,-0.02314088814775006
3.282,0.00642749412378633
3.283,-0.02314088814775006
3.284,-0.012052744795923914
3.285,0.00642749412378633
3.286,-0.004660649228039817
3.287,0.002731446339844281
3.288,0.002731446339844281
3.289,-0.008356697011981867
3.29,-0.019444840363808013
3.291,-0.012052744795923914
3.292,-0.015748792579865965
3.293,-0.004660649228039817
3.294,-0.004660649228039817
3.295,-0.004660649228039817
3.296,0.013819589691670428
3.297,-0.015748792579865965
3.298,-0.019444840363808013
3.299,-0.02314088814775006
3.3,0.017515637475612477
3.301,-0.004660649228039817
3.302,0.010123541907728378
3.303,-0.008356697011981867
3.304,-0.015748792579865965
3.305,-0.012052744795923914
3.306,-0.008356697011981867
3.307,-0.03422903149957621
3.308,-0.019444840363808013
3.309,-0.012052744795923914
3.31,0.00642749412378633
3.311,0.00642749412378633
3.312,0.00642749412378633
3.313,-0.019444840363808013
3.314,0.013819589691670428
3.315,-0.012052744795923914
3.316,-0.008356697011981867
3.317,0.002731446339844281
3.318,-0.0009646014440977679
3.319,0.024907733043496576
3.32,-0.015748792579865965
3.321,-0.004660649228039817
3.322,-0.004660649228039817
3.323,-0.019444840363808013
3.324,-0.004660649228039817
3.325,-0.0009646014440977679
3.326,-0.0009646014440977679
3.327,0.010123541907728378
3.328,-0.0009646014440977679
3.329,0.013819589691670428
3.33,0.00642749412378633
3.331,0.017515637475612477
3.332,-0.012052744795923914
3.333,0.002731446339844281
3.334,0.002731446339844281
3.335,-0.012052744795923914
3.336,-0.008356697011981867
3.337,0.010123541907728378
3.338,-0.004660649228039817
3.339,0.010123541907728378
3.34,-0.015748792579865965
3.341,0.010123541907728378
3.342,0.013819589691670428
3.343,0.002731446339844281
3.344,0.010123541907728378
3.345,-0.0009646014440977679
3.346,-0.008356697011981867
3.347,-0.012052744795923914
3.348,0.010123541907728378
3.349,-0.008356697011981867
3.35,-0.0009646014440977679
3.351,-0.008356697011981867
3.352,-0.008356697011981867
3.353,-0.015748792579865965
3.354,-0.0009646014440977679
3.355,-0.004660649228039817
3.356,-0.004660649228039817
3.357,-0.0009646014440977679
3.358,-0.012052744795923914
3.359,-0.008356697011981867
3.36,-0.019444840363808013
3.361,-0.0009646014440977679
3.362,-0.004660649228039817
3.363,-0.015748792579865965
3.364,0.010123541907728378
3.365,-0.02683693593169211
3.366,-0.0009646014440977679
3.367,-0.004660649228039817
3.368,0.00642749412378633
3.369,-0.03053298371563416
3.37,-0.008356697011981867
3.371,-0.019444840363808013
3.372,-0.004660649228039817
3.373,-0.004660649228039817
3.374,-0.008356697011981867
3.375,0.013819589691670428
3.376,-0.015748792579865965
3.377,-0.019444840363808013
3.378,-0.004660649228039817
3.379,-0.015748792579865965
3.38,-0.004660649228039817
3.381,0.00642749412378633
3.382,-0.019444840363808013
3.383,-0.004660649228039817
3.384,-0.019444840363808013
3.385,-0.012052744795923914
3.386,0.00642749412378633
3.387,-0.008356697011981867
3.388,-0.012052744795923914
3.389,-0.0009646014440977679
3.39,-0.019444840363808013
3.391,0.002731446339844281
3.392,0.017515637475612477
3.393,-0.0009646014440977679
3.394,-0.004660649228039817
3.395,-0.004660649228039817
3.396,-0.012052744795923914
3.397,-0.004660649228039817
3.398,-0.019444840363808013
3.399,0.002731446339844281
3.4,-0.008356697011981867
3.401,-0.0009646014440977679
3.402,-0.012052744795923914
3.403,-0.012052744795923914
3.404,-0.015748792579865965
3.405,-0.012052744795923914
3.406,-0.019444840363808013
3.407,-0.019444840363808013
3.408,-0.012052744795923914
3.409,0.00642749412378633
3.41,-0.012052744795923914
3.411,-0.012052744795923914
3.412,-0.008356697011981867
3.413,-0.008356697011981867
3.414,0.002731446339844281
3.415,-0.004660649228039817
3.416,-0.008356697011981867
3.417,-0.015748792579865965
3.418,-0.004660649228039817
3.419,-0.004660649228039817
3.42,-0.03053298371563416
3.421,-0.004660649228039817
3.422,-0.008356697011981867
3.423,-0.0009646014440977679
3.424,-0.004660649228039817
3.425,0.00642749412378633
3.426,0.002731446339844281
3.427,-0.019444840363808013
3.428,-0.004660649228039817
3.429,-0.015748792579865965
3.43,-0.004660649228039817
3.431,-0.0009646014440977679
3.432,-0.008356697011981867
3.433,-0.008356697011981867
3.434,-0.03053298371563416
3.435,0.00642749412378633
3.436,-0.03422903149957621
3.437,-0.008356697011981867
3.438,-0.004660649228039817
3.439,-0.008356697011981867
3.44,-0.012052744795923914
3.441,-0.0009646014440977679
3.442,-0.02314088814775006
3.443,-0.02683693593169211
3.444,0.002731446339844281
3.445,-0.02314088814775006
3.446,0.010123541907728378
3.447,0.002731446339844281
3.448,-0.008356697011981867
3.449,-0.012052744795923914
3.45,-0.019444840363808013
3.451,-0.004660649228039817
3.452,-0.0009646014440977679
3.453,-0.004660649228039817
3.454,-0.012052744795923914
3.455,-0.004660649228039817
3.456,-0.008356697011981867
3.457,-0.019444840363808013
3.458,-0.008356697011981867
3.459,-0.004660649228039817
3.46,0.010123541907728378
3.461,0.002731446339844281
3.462,-0.03053298371563416
3.463,0.00642749412378633
3.464,0.002731446339844281
3.465,-0.008356697011981867
3.466,0.002731446339844281
3.467,-0.008356697011981867
3.468,0.010123541907728378
3.469,-0.015748792579865965
3.47,-0.008356697011981867
3.471,-0.019444840363808013
3.472,0.00642749412378633
3.473,-0.03053298371563416
3.474,0.002731446339844281
3.475,0.002731446339844281
3.476,-0.004660649228039817
3.477,-0.019444840363808013
3.478,-0.008356697011981867
3.479,-0.004660649228039817
3.48,-0.012052744795923914
3.481,-0.012052744795923914
3.482,-0.04162112706746031
3.483,-0.004660649228039817
3.484,-0.004660649228039817
3.485,0.017515637475612477
3.486,-0.015748792579865965
3.487,-0.004660649228039817
3.488,0.013819589691670428
3.489,0.002731446339844281
3.49,-0.004660649228039817
3.491,0.017515637475612477
3.492,0.010123541907728378
3.493,0.002731446339844281
3.494,-0.015748792579865965
3.495,-0.004660649228039817
3.496,-0.012052744795923914
3.497,0.002731446339844281
3.498,-0.012052744795923914
3.499,-0.015748792579865965
3.5,-0.012052744795923914
3.501,-0.008356697011981867
3.502,-0.0009646014440977679
3.503,-0.004660649228039817
3.504,0.010123541907728378
3.505,-0.004660649228039817
3.506,-0.012052744795923914
3.507,-0.012052744795923914
3.508,-0.02314088814775006
3.509,-0.004660649228039817
3.51,-0.02683693593169211
3.511,-0.004660649228039817
3.512,-0.012052744795923914
3.513,-0.019444840363808013
3.514,0.00642749412378633
3.515,0.03229982861138067
3.516,-0.012052744795923914
3.517,-0.008356697011981867
3.518,-0.015748792579865965
3.519,-0.0009646014440977679
3.52,0.00642749412378633
3.521,-0.02683693593169211
3.522,0.00642749412378633
3.523,-0.0009646014440977679
3.524,-0.015748792579865965
3.525,0.002731446339844281
3.526,-0.008356697011981867
3.527,-0.012052744795923914
3.528,-0.015748792579865965
3.529,-0.019444840363808013
3.53,0.002731446339844281
3.531,0.00642749412378633
3.532,-0.019444840363808013
3.533,0.010123541907728378
3.534,-0.012052744795923914
3.535,0.002731446339844281
3.536,0.002731446339844281
3.537,0.00642749412378633
3.538,0.010123541907728378
3.539,-0.008356697011981867
3.54,-0.012052744795923914
3.541,-0.03053298371563416
3.542,0.00642749412378633
3.543,-0.012052744795923914
3.544,-0.0009646014440977679
3.545,0.00642749412378633
3.546,-0.0009646014440977679
3.547,-0.012052744795923914
3.548,-0.0009646014440977679
3.549,-0.019444840363808013
3.55,-0.0009646014440977679
3.551,-0.015748792579865965
3.552,-0.02314088814775006
3.553,-0.012052744795923914
3.554,-0.008356697011981867
3.555,-0.019444840363808013
3.556,-0.012052744795923914
3.557,0.002731446339844281
3.558,-0.008356697011981867
3.559,-0.004660649228039817
3.56,-0.004660649228039817
3.561,-0.02683693593169211
3.562,-0.008356697011981867
3.563,-0.03053298371563416
3.564,-0.008356697011981867
3.565,-0.0009646014440977679
3.566,-0.004660649228039817
3.567,-0.015748792579865965
3.568,-0.015748792579865965
3.569,-0.03422903149957621
3.57,-0.012052744795923914
3.571,-0.012052744795923914
3.572,-0.0009646014440977679
3.573,-0.015748792579865965
3.574,0.002731446339844281
3.575,0.00642749412378633
3.576,0.00642749412378633
3.577,-0.02314088814775006
3.578,-0.004660649228039817
3.579,0.002731446339844281
3.58,-0.02683693593169211
3.581,-0.019444840363808013
3.582,-0.02314088814775006
3.583,-0.012052744795923914
3.584,-0.015748792579865965
3.585,-0.015748792579865965
3.586,0.021211685259554525
3.587,-0.004660649228039817
3.588,0.00642749412378633
3.589,-0.015748792579865965
3.59,-0.015748792579865965
3.591,-0.0009646014440977679
3.592,-0.03422903149957621
3.593,-0.02683693593169211
3.594,-0.02314088814775006
3.595,-0.012052744795923914
3.596,-0.008356697011981867
3.597,0.010123541907728378
3.598,-0.0009646014440977679
3.599,-0.02314088814775006
3.6,0.00642749412378633
3.601,-0.015748792579865965
3.602,-0.0009646014440977679
3.603,-0.004660649228039817
3.604,0.024907733043496576
3.605,0.010123541907728378
3.606,-0.004660649228039817
3.607,0.00642749412378633
3.608,0.013819589691670428
3.609,0.002731446339844281
3.61,0.00642749412378633
3.611,-0.012052744795923914
3.612,-0.015748792579865965
3.613,-0.012052744795923914
3.614,0.028603780827438623
3.615,-0.004660649228039817
3.616,-0.015748792579865965
3.617,-0.008356697011981867
3.618,-0.008356697011981867
3.619,-0.02683693593169211
3.62,-0.019444840363808013
3.621,-0.008356697011981867
3.622,0.00642749412378633
3.623,0.00642749412378633
3.624,-0.02314088814775006
3.625,-0.02314088814775006
3.626,0.021211685259554525
3.627,0.002731446339844281
3.628,0.017515637475612477
3.629,-0.008356697011981867
3.63,0.010123541907728378
3.631,-0.02683693593169211
3.632,-0.02314088814775006
3.633,0.002731446339844281
3.634,0.00642749412378633
3.635,-0.019444840363808013
3.636,-0.015748792579865965
3.637,-0.008356697011981867
3.638,-0.02314088814775006
3.639,-0.004660649228039817
3.64,-0.019444840363808013
3.641,-0.008356697011981867
3.642,-0.008356697011981867
3.643,0.013819589691670428
3.644,-0.008356697011981867
3.645,-0.015748792579865965
3.646,-0.02683693593169211
3.647,-0.015748792579865965
3.648,0.00642749412378633
3.649,-0.004660649228039817
3.65,0.002731446339844281
3.651,0.002731446339844281
3.652,-0.012052744795923914
3.653,-0.008356697011981867
3.654,-0.004660649228039817
3.655,-0.004660649228039817
3.656,0.010123541907728378
3.657,-0.008356697011981867
3.658,-0.008356697011981867
3.659,-0.008356697011981867
3.66,-0.0009646014440977679
3.661,-0.0009646014440977679
3.662,0.010123541907728378
3.663,-0.02314088814775006
3.664,-0.008356697011981867
3.665,-0.004660649228039817
3.666,0.00642749412378633
3.667,0.00642749412378633
3.668,0.00642749412378633
3.669,-0.02683693593169211
3.67,-0.015748792579865965
3.671,-0.0009646014440977679
3.672,0.013819589691670428
3.673,-0.012052744795923914
3.674,-0.02314088814775006
3.675,-0.012052744795923914
3.676,-0.0009646014440977679
3.677,-0.008356697011981867
3.678,-0.008356697011981867
3.679,-0.008356697011981867
3.68,-0.008356697011981867
3.681,-0.004660649228039817
3.682,-0.004660649228039817
3.683,-0.0009646014440977679
3.684,-0.008356697011981867
3.685,-0.008356697011981867
3.686,-0.008356697011981867
3.687,0.002731446339844281
3.688,-0.012052744795923914
3.689,-0.004660649228039817
3.69,0.013819589691670428
3.691,0.002731446339844281
3.692,0.00642749412378633
3.693,-0.004660649228039817
3.694,-0.0009646014440977679
3.695,-0.015748792579865965
3.696,-0.004660649228039817
3.697,-0.02314088814775006
3.698,-0.008356697011981867
3.699,-0.008356697011981867
3.7,-0.004660649228039817
3.701,-0.004660649228039817
3.702,0.002731446339844281
3.703,-0.008356697011981867
3.704,0.013819589691670428
3.705,-0.03053298371563416
3.706,-0.03422903149957621
3.707,-0.03422903149957621
3.708,-0.012052744795923914
3.709,-0.008356697011981867
3.71,-0.008356697011981867
3.711,-0.004660649228039817
3.712,-0.004660649228039817
3.713,0.00642749412378633
3.714,-0.02314088814775006
3.715,-0.02314088814775006
3.716,-0.012052744795923914
3.717,-0.0009646014440977679
3.718,-0.008356697011981867
3.719,-0.019444840363808013
3.72,-0.0009646014440977679
3.721,0.002731446339844281
3.722,-0.0009646014440977679
3.723,-0.019444840363808013
3.724,-0.008356697011981867
3.725,-0.019444840363808013
3.726,-0.015748792579865965
3.727,-0.004660649228039817
3.728,-0.015748792579865965
3.729,-0.008356697011981867
3.73,-0.015748792579865965
3.731,-0.03053298371563416
3.732,-0.019444840363808013
3.733,-0.0009646014440977679
3.734,0.00642749412378633
3.735,-0.008356697011981867
3.736,-0.0009646014440977679
3.737,0.002731446339844281
3.738,-0.004660649228039817
3.739,-0.019444840363808013
3.74,-0.019444840363808013
3.741,0.002731446339844281
3.742,-0.03053298371563416
3.743,-0.012052744795923914
3.744,0.002731446339844281
3.745,-0.03053298371563416
3.746,-0.008356697011981867
3.747,-0.012052744795923914
3.748,-0.019444840363808013
3.749,-0.02683693593169211
3.75,0.002731446339844281
3.751,-0.008356697011981867
3.752,-0.0009646014440977679
3.753,-0.012052744795923914
3.754,-0.008356697011981867
3.755,-0.004660649228039817
3.756,-0.0009646014440977679
3.757,0.010123541907728378
3.758,-0.012052744795923914
3.759,-0.019444840363808013
3.76,-0.004660649228039817
3.761,-0.008356697011981867
3.762,-0.012052744795923914
3.763,0.010123541907728378
3.764,-0.004660649228039817
3.765,0.00642749412378633
3.766,-0.012052744795923914
3.767,-0.004660649228039817
3.768,-0.012052744795923914
3.769,-0.019444840363808013
3.77,0.00642749412378633
3.771,0.017515637475612477
3.772,0.010123541907728378
3.773,0.00642749412378633
3.774,-0.008356697011981867
3.775,-0.008356697011981867
3.776,-0.008356697011981867
3.777,-0.012052744795923914
3.778,0.010123541907728378
3.779,-0.0009646014440977679
3.78,-0.008356697011981867
3.781,-0.03792507928351826
3.782,-0.019444840363808013
3.783,-0.012052744795923914
3.784,-0.0009646014440977679
3.785,-0.019444840363808013
3.786,-0.008356697011981867
3.787,-0.0009646014440977679
3.788,-0.02314088814775006
3.789,-0.008356697011981867
3.79,-0.012052744795923914
3.791,0.013819589691670428
3.792,-0.02683693593169211
3.793,-0.0009646014440977679
3.794,-0.015748792579865965
3.795,0.00642749412378633
3.796,-0.008356697011981867
3.797,0.013819589691670428
3.798,-0.015748792579865965
3.799,-0.004660649228039817
3.8,-0.019444840363808013
3.801,-0.008356697011981867
3.802,-0.004660649228039817
3.803,-0.02314088814775006
3.804,-0.0009646014440977679
3.805,-0.015748792579865965
3.806,-0.012052744795923914
3.807,-0.015748792579865965
3.808,0.010123541907728378
3.809,0.028603780827438623
3.81,-0.004660649228039817
3.811,-0.004660649228039817
3.812,-0.0009646014440977679
3.813,-0.008356697011981867
3.814,-0.004660649228039817
3.815,0.002731446339844281
3.816,-0.02314088814775006
3.817,-0.015748792579865965
3.818,-0.008356697011981867
3.819,0.00642749412378633
3.82,-0.008356697011981867
3.821,-0.015748792579865965
3.822,-0.0009646014440977679
3.823,0.00642749412378633
3.824,0.00642749412378633
3.825,-0.008356697011981867
3.826,-0.012052744795923914
3.827,-0.019444840363808013
3.828,-0.008356697011981867
3.829,-0.004660649228039817
3.83,-0.0009646014440977679
3.831,-0.008356697011981867
3.832,-0.0009646014440977679
3.833,-0.008356697011981867
3.834,0.010123541907728378
3.835,-0.008356697011981867
3.836,-0.03422903149957621
3.837,-0.019444840363808013
3.838,0.024907733043496576
3.839,-0.012052744795923914
3.84,-0.012052744795923914
3.841,-0.008356697011981867
3.842,-0.012052744795923914
3.843,0.002731446339844281
3.844,-0.019444840363808013
3.845,-0.012052744795923914
3.846,0.017515637475612477
3.847,-0.0009646014440977679
3.848,-0.02683693593169211
3.849,-0.019444840363808013
3.85,-0.012052744795923914
3.851,-0.019444840363808013
3.852,0.002731446339844281
3.853,-0.012052744795923914
3.854,-0.008356697011981867
3.855,-0.03792507928351826
3.856,-0.008356697011981867
3.857,-0.012052744795923914
3.858,-0.004660649228039817
3.859,-0.004660649228039817
3.86,0.017515637475612477
3.861,0.002731446339844281
3.862,0.00642749412378633
3.863,-0.019444840363808013
3.864,0.002731446339844281
3.865,-0.008356697011981867
3.866,-0.015748792579865965
3.867,-0.008356697011981867
3.868,0.002731446339844281
3.869,-0.008356697011981867
3.87,-0.03422903149957621
3.871,0.00642749412378633
3.872,-0.0009646014440977679
3.873,-0.015748792579865965
3.874,-0.015748792579865965
3.875,-0.019444840363808013
3.876,-0.012052744795923914
3.877,-0.02314088814775006
3.878,-0.0009646014440977679
3.879,-0.004660649228039817
3.88,0.024907733043496576
3.881,-0.012052744795923914
3.882,-0.004660649228039817
3.883,-0.004660649228039817
3.884,-0.019444840363808013
3.885,-0.015748792579865965
3.886,-0.012052744795923914
3.887,-0.008356697011981867
3.888,-0.015748792579865965
3.889,-0.004660649228039817
3.89,-0.0009646014440977679
3.891,0.010123541907728378
3.892,-0.004660649228039817
3.893,-0.019444840363808013
3.894,-0.0009646014440977679
3.895,-0.012052744795923914
3.896,-0.012052744795923914
3.897,-0.019444840363808013
3.898,-0.019444840363808013
3.899,-0.0009646014440977679
3.9,-0.02683693593169211
3.901,0.002731446339844281
3.902,-0.012052744795923914
3.903,-0.004660649228039817
3.904,-0.015748792579865965
3.905,-0.02683693593169211
3.906,-0.02683693593169211
3.907,-0.004660649228039817
3.908,-0.0009646014440977679
3.909,-0.0009646014440977679
3.91,-0.008356697011981867
3.911,-0.008356697011981867
3.912,0.00642749412378633
3.913,-0.012052744795923914
3.914,0.010123541907728378
3.915,0.00642749412378633
3.916,-0.0009646014440977679
3.917,-0.012052744795923914
3.918,-0.012052744795923914
3.919,-0.008356697011981867
3.92,0.010123541907728378
3.921,0.00642749412378633
3.922,0.00642749412378633
3.923,0.002731446339844281
3.924,-0.02314088814775006
3.925,-0.004660649228039817
3.926,-0.008356697011981867
3.927,-0.004660649228039817
3.928,0.002731446339844281
3.929,0.00642749412378633
3.93,-0.004660649228039817
3.931,-0.02683693593169211
3.932,-0.004660649228039817
3.933,-0.008356697011981867
3.934,-0.0009646014440977679
3.935,0.002731446339844281
3.936,-0.0009646014440977679
3.937,0.002731446339844281
3.938,-0.02683693593169211
3.939,-0.008356697011981867
3.94,-0.03053298371563416
3.941,0.010123541907728378
3.942,0.00642749412378633
3.943,-0.0009646014440977679
3.944,-0.0009646014440977679
3.945,-0.004660649228039817
3.946,0.010123541907728378
3.947,-0.012052744795923914
3.948,-0.012052744795923914
3.949,-0.03422903149957621
3.95,-0.008356697011981867
3.951,-0.008356697011981867
3.952,-0.0009646014440977679
3.953,-0.019444840363808013
3.954,0.002731446339844281
3.955,-0.0009646014440977679
3.956,-0.0009646014440977679
3.957,-0.012052744795923914
3.958,-0.008356697011981867
3.959,-0.008356697011981867
3.96,0.021211685259554525
3.961,-0.012052744795923914
3.962,-0.015748792579865965
3.963,-0.004660649228039817
3.964,0.002731446339844281
3.965,-0.004660649228039817
3.966,-0.012052744795923914
3.967,0.00642749412378633
3.968,-0.008356697011981867
3.969,-0.008356697011981867
3.97,0.002731446339844281
3.971,0.00642749412378633
3.972,-0.012052744795923914
3.973,0.00642749412378633
3.974,0.002731446339844281
3.975,-0.0009646014440977679
3.976,-0.008356697011981867
3.977,-0.019444840363808013
3.978,-0.004660649228039817
3.979,-0.012052744795923914
3.98,-0.02314088814775006
3.981,-0.019444840363808013
3.982,-0.004660649228039817
3.983,0.021211685259554525
3.984,0.00642749412378633
3.985,-0.015748792579865965
3.986,-0.008356697011981867
3.987,-0.03053298371563416
3.988,-0.015748792579865965
3.989,-0.0009646014440977679
3.99,-0.03422903149957621
3.991,0.00642749412378633
3.992,0.002731446339844281
3.993,-0.012052744795923914
3.994,-0.012052744795923914
3.995,-0.03422903149957621
3.996,-0.008356697011981867
3.997,-0.008356697011981867
3.998,0.002731446339844281
3.999,-0.008356697011981867
4.0,0.00642749412378633
4.001,-0.015748792579865965
4.002,-0.004660649228039817
4.003,-0.012052744795923914
4.004,-0.004660649228039817
4.005,-0.004660649228039817
4.006,0.002731446339844281
4.007,-0.004660649228039817
4.008,-0.008356697011981867
4.009,-0.004660649228039817
4.01,-0.008356697011981867
4.011,0.002731446339844281
4.012,0.017515637475612477
4.013,0.002731446339844281
4.014,-0.012052744795923914
4.015,-0.019444840363808013
4.016,-0.004660649228039817
4.017,0.002731446339844281
4.018,-0.012052744795923914
4.019,0.010123541907728378
4.02,-0.015748792579865965
4.021,-0.012052744795923914
4.022,-0.008356697011981867
4.023,0.010123541907728378
4.024,0.002731446339844281
4.025,-0.012052744795923914
4.026,0.013819589691670428
4.027,0.017515637475612477
4.028,-0.02314088814775006
4.029,-0.019444840363808013
4.03,-0.0009646014440977679
4.031,-0.012052744795923914
4.032,-0.012052744795923914
4.033,-0.015748792579865965
4.034,-0.008356697011981867
4.035,-0.015748792579865965
4.036,-0.008356697011981867
4.037,-0.004660649228039817
4.038,0.00642749412378633
4.039,0.010123541907728378
4.04,0.002731446339844281
4.041,0.002731446339844281
4.042,-0.008356697011981867
4.043,0.017515637475612477
4.044,-0.0009646014440977679
4.045,-0.004660649228039817
4.046,0.013819589691670428
4.047,-0.02314088814775006
4.048,-0.02683693593169211
4.049,0.013819589691670428
4.05,0.021211685259554525
4.051,-0.012052744795923914
4.052,-0.012052744795923914
4.053,0.00642749412378633
4.054,-0.03053298371563416
4.055,-0.012052744795923914
4.056,-0.015748792579865965
4.057,-0.004660649228039817
4.058,-0.004660649228039817
4.059,-0.004660649228039817
4.06,0.00642749412378633
4.061,0.002731446339844281
4.062,-0.03053298371563416
4.063,-0.008356697011981867
4.064,-0.004660649228039817
4.065,-0.012052744795923914
4.066,0.013819589691670428
4.067,-0.02683693593169211
4.068,-0.0009646014440977679
4.069,-0.012052744795923914
4.07,-0.012052744795923914
4.071,-0.02683693593169211
4.072,-0.008356697011981867
4.073,-0.015748792579865965
4.074,-0.012052744795923914
4.075,-0.008356697011981867
4.076,-0.008356697011981867
4.077,-0.004660649228039817
4.078,-0.0009646014440977679
4.079,-0.0009646014440977679
4.08,-0.03792507928351826
4.081,-0.004660649228039817
4.082,-0.019444840363808013
4.083,0.002731446339844281
4.084,-0.004660649228039817
4.085,-0.004660649228039817
4.086,-0.008356697011981867
4.087,0.010123541907728378
4.088,0.002731446339844281
4.089,-0.015748792579865965
4.09,-0.015748792579865965
4.091,-0.02683693593169211
4.092,-0.0009646014440977679
4.093,-0.02683693593169211
4.094,-0.012052744795923914
4.095,-0.0009646014440977679
4.096,-0.015748792579865965
4.097,0.00642749412378633
4.098,-0.012052744795923914
4.099,0.013819589691670428
4.1,0.010123541907728378
4.101,-0.004660649228039817
4.102,-0.0009646014440977679
4.103,-0.012052744795923914
4.104,-0.015748792579865965
4.105,-0.008356697011981867
4.106,-0.012052744795923914
4.107,-0.012052744795923914
4.108,-0.0009646014440977679
4.109,-0.004660649228039817
4.11,-0.008356697011981867
4.111,-0.008356697011981867
4.112,-0.004660649228039817
4.113,-0.004660649228039817
4.114,-0.019444840363808013
4.115,0.021211685259554525
4.116,-0.015748792579865965
4.117,-0.0009646014440977679
4.118,0.021211685259554525
4.119,-0.02314088814775006
4.12,-0.0009646014440977679
4.121,-0.0009646014440977679
4.122,-0.008356697011981867
4.123,-0.02314088814775006
4.124,0.00642749412378633
4.125,-0.012052744795923914
4.126,-0.004660649228039817
4.127,0.00642749412378633
4.128,0.002731446339844281
4.129,-0.008356697011981867
4.13,-0.03422903149957621
4.131,-0.0009646014440977679
4.132,0.017515637475612477
4.133,-0.012052744795923914
4.134,-0.012052744795923914
4.135,-0.019444840363808013
4.136,-0.015748792579865965
4.137,-0.03422903149957621
4.138,-0.02314088814775006
4.139,-0.015748792579865965
4.14,0.013819589691670428
4.141,0.00642749412378633
4.142,-0.0009646014440977679
4.143,-0.004660649228039817
4.144,-0.0009646014440977679
4.145,-0.008356697011981867
4.146,0.002731446339844281
4.147,0.002731446339844281
4.148,0.010123541907728378
4.149,-0.008356697011981867
4.15,-0.004660649228039817
4.151,-0.0009646014440977679
4.152,-0.008356697011981867
4.153,-0.02314088814775006
4.154,0.013819589691670428
4.155,-0.0009646014440977679
4.156,0.013819589691670428
4.157,-0.012052744795923914
4.158,0.002731446339844281
4.159,-0.0009646014440977679
4.16,-0.02314088814775006
4.161,-0.008356697011981867
4.162,-0.019444840363808013
4.163,-0.004660649228039817
4.164,-0.02683693593169211
4.165,-0.012052744795923914
4.166,0.021211685259554525
4.167,-0.0009646014440977679
4.168,-0.012052744795923914
4.169,-0.0009646014440977679
4.17,-0.012052744795923914
4.171,-0.008356697011981867
4.172,-0.008356697011981867
4.173,-0.004660649228039817
4.174,-0.008356697011981867
4.175,-0.015748792579865965
4.176,-0.004660649228039817
4.177,0.00642749412378633
4.178,-0.0009646014440977679
4.179,-0.008356697011981867
4.18,-0.004660649228039817
4.181,-0.015748792579865965
4.182,-0.004660649228039817
4.183,-0.015748792579865965
4.184,0.002731446339844281
4.185,-0.012052744795923914
4.186,-0.012052744795923914
4.187,-0.004660649228039817
4.188,-0.0009646014440977679
4.189,-0.008356697011981867
4.19,0.002731446339844281
4.191,-0.004660649228039817
4.192,-0.019444840363808013
4.193,-0.012052744795923914
4.194,0.010123541907728378
4.195,-0.004660649228039817
4.196,-0.012052744795923914
4.197,0.002731446339844281
4.198,-0.008356697011981867
4.199,-0.02314088814775006
4.2,-0.004660649228039817
4.201,-0.004660649228039817
4.202,-0.004660649228039817
4.203,-0.008356697011981867
4.204,-0.008356697011981867
4.205,-0.012052744795923914
4.206,-0.0009646014440977679
4.207,-0.0009646014440977679
4.208,-0.012052744795923914
4.209,-0.015748792579865965
4.21,0.017515637475612477
4.211,-0.0009646014440977679
4.212,-0.015748792579865965
4.213,0.00642749412378633
4.214,-0.0009646014440977679
4.215,0.00642749412378633
4.216,-0.008356697011981867
4.217,-0.015748792579865965
4.218,0.002731446339844281
4.219,-0.019444840363808013
4.22,-0.004660649228039817
4.221,0.00642749412378633
4.222,-0.004660649228039817
4.223,0.010123541907728378
4.224,-0.004660649228039817
4.225,-0.012052744795923914
4.226,-0.019444840363808013
4.227,-0.0009646014440977679
4.228,-0.0009646014440977679
4.229,-0.008356697011981867
4.23,-0.0009646014440977679
4.231,-0.0009646014440977679
4.232,0.017515637475612477
4.233,-0.015748792579865965
4.234,-0.019444840363808013
4.235,0.00642749412378633
4.236,-0.0009646014440977679
4.237,0.002731446339844281
4.238,0.00642749412378633
4.239,0.010123541907728378
4.24,-0.015748792579865965
4.241,-0.03053298371563416
4.242,-0.02314088814775006
4.243,-0.012052744795923914
4.244,0.00642749412378633
4.245,-0.02314088814775006
4.246,-0.012052744795923914
4.247,-0.004660649228039817
4.248,-0.012052744795923914
4.249,-0.004660649228039817
4.25,-0.012052744795923914
4.251,-0.015748792579865965
4.252,-0.004660649228039817
4.253,0.00642749412378633
4.254,-0.012052744795923914
4.255,-0.012052744795923914
4.256,-0.03053298371563416
4.257,-0.0009646014440977679
4.258,-0.004660649228039817
4.259,0.021211685259554525
4.26,-0.02314088814775006
4.261,-0.012052744795923914
4.262,0.002731446339844281
4.263,-0.015748792579865965
4.264,-0.02314088814775006
4.265,-0.004660649228039817
4.266,-0.015748792579865965
4.267,-0.02314088814775006
4.268,-0.0009646014440977679
4.269,0.002731446339844281
4.27,-0.0009646014440977679
4.271,-0.015748792579865965
4.272,-0.0009646014440977679
4.273,0.002731446339844281
4.274,-0.015748792579865965
4.275,-0.02314088814775006
4.276,-0.02683693593169211
4.277,-0.008356697011981867
4.278,-0.015748792579865965
4.279,-0.0009646014440977679
4.28,0.00642749412378633
4.281,0.002731446339844281
4.282,-0.02683693593169211
4.283,-0.019444840363808013
4.284,0.00642749412378633
4.285,-0.008356697011981867
4.286,0.00642749412378633
4.287,0.002731446339844281
4.288,0.002731446339844281
4.289,-0.008356697011981867
4.29,-0.004660649228039817
4.291,0.27254293456761386
4.292,1.429405890941475
4.293,2.9558736257095415
4.294,4.345587592471752
4.295,5.4544019276543665
4.296,5.772262037073382
4.297,5.690948985826657
4.298,5.624420125715701
4.299,5.735301559233962
4.3,5.89423161394347
4.301,6.049465620869036
4.302,6.101210289844225
4.303,6.05685771643692
4.304,5.982936760758079
4.305,6.001416999677789
4.306,6.045769573085094
4.307,6.082730050924515
4.308,6.101210289844225
4.309,6.079034003140572
4.31,6.0531616686529786
4.311,6.090122146492399
4.312,6.071641907572689
4.313,6.108602385412109
4.314,6.0938181942763405
4.315,6.0938181942763405
4.316,6.0938181942763405
4.317,5.909015805079238
4.318,4.877818473359406
4.319,3.3439586430234565
4.32,1.9320683895575939
4.321,0.8010777676713268
4.322,0.3649441291661651
4.323,0.435169037061064
4.324,0.505393944955963
4.325,0.4277769414931799
4.326,0.29471922127126615
4.327,0.08404449758656936
4.328,0.03229982861138067
4.329,0.06556425866685911
4.33,0.12100497542598984
4.331,0.1173089276420478
4.332,0.09143659315445346
4.333,0.03969192417926477
4.334,0.054476115315032964
4.335,0.03229982861138067
4.336,0.054476115315032964
4.337,0.07295635423474321
4.338,0.04708401974714887
4.339,-0.004660649228039817
4.34,0.013819589691670428
4.341,0.002731446339844281
4.342,-0.012052744795923914
4.343,0.021211685259554525
4.344,0.00642749412378633
4.345,-0.019444840363808013
4.346,-0.03053298371563416
4.347,-0.02683693593169211
4.348,-0.02314088814775006
4.349,-0.019444840363808013
4.35,-0.049013222635344404
4.351,-0.03792507928351826
4.352,-0.0564053182032285
4.353,-0.049013222635344404
4.354,-0.03792507928351826
4.355,-0.03053298371563416
4.356,-0.03053298371563416
4.357,-0.03053298371563416
4.358,-0.03792507928351826
4.359,-0.03422903149957621
4.36,-0.03053298371563416
4.361,0.010123541907728378
4.362,-0.015748792579865965
4.363,-0.008356697011981867
4.364,0.002731446339844281
4.365,0.010123541907728378
4.366,-0.0009646014440977679
4.367,0.013819589691670428
4.368,0.024907733043496576
4.369,0.002731446339844281
4.37,0.013819589691670428
4.371,0.058172163098975015
4.372,0.04338797196320682
4.373,0.00642749412378633
4.374,0.013819589691670428
4.375,0.028603780827438623
4.376,0.028603780827438623
4.377,0.013819589691670428
4.378,0.058172163098975015
4.379,0.017515637475612477
4.38,0.021211685259554525
4.381,0.03599587639532272
4.382,0.013819589691670428
4.383,0.021211685259554525
4.384,0.021211685259554525
4.385,0.017515637475612477
4.386,-0.0009646014440977679
4.387,-0.0009646014440977679
4.388,-0.02314088814775006
4.389,0.017515637475612477
4.39,0.002731446339844281
4.391,-0.015748792579865965
4.392,-0.004660649228039817
4.393,-0.03422903149957621
4.394,0.002731446339844281
4.395,-0.03053298371563416
4.396,-0.04531717485140235
4.397,-0.03422903149957621
4.398,-0.03422903149957621
4.399,-0.015748792579865965
4.4,-0.03053298371563416
4.401,-0.02314088814775006
4.402,-0.03053298371563416
4.403,-0.04531717485140235
4.404,-0.015748792579865965
4.405,-0.008356697011981867
4.406,-0.019444840363808013
4.407,-0.0009646014440977679
4.408,-0.019444840363808013
4.409,-0.004660649228039817
4.41,-0.015748792579865965
4.411,0.002731446339844281
4.412,-0.004660649228039817
4.413,0.010123541907728378
4.414,-0.004660649228039817
4.415,0.00642749412378633
4.416,-0.004660649228039817
4.417,0.024907733043496576
4.418,0.017515637475612477
4.419,0.03969192417926477
4.42,-0.0009646014440977679
4.421,0.017515637475612477
4.422,0.017515637475612477
4.423,0.028603780827438623
4.424,0.010123541907728378
4.425,-0.0009646014440977679
4.426,0.03599587639532272
4.427,0.028603780827438623
4.428,-0.008356697011981867
4.429,-0.004660649228039817
4.43,-0.015748792579865965
4.431,0.010123541907728378
4.432,-0.008356697011981867
4.433,-0.0009646014440977679
4.434,-0.03053298371563416
4.435,-0.008356697011981867
4.436,-0.0009646014440977679
4.437,-0.015748792579865965
4.438,-0.008356697011981867
4.439,-0.02314088814775006
4.44,-0.019444840363808013
4.441,-0.019444840363808013
4.442,-0.03792507928351826
4.443,-0.02314088814775006
4.444,-0.02314088814775006
4.445,-0.04162112706746031
4.446,-0.02314088814775006
4.447,-0.015748792579865965
4.448,-0.03422903149957621
4.449,-0.015748792579865965
4.45,-0.015748792579865965
4.451,-0.03053298371563416
4.452,-0.004660649228039817
4.453,0.013819589691670428
4.454,-0.0009646014440977679
4.455,-0.004660649228039817
4.456,-0.02314088814775006
4.457,-0.004660649228039817
4.458,-0.019444840363808013
4.459,0.010123541907728378
4.46,0.00642749412378633
4.461,-0.0009646014440977679
4.462,0.013819589691670428
4.463,-0.004660649228039817
4.464,0.00642749412378633
4.465,0.024907733043496576
4.466,0.00642749412378633
4.467,0.017515637475612477
4.468,0.00642749412378633
4.469,0.021211685259554525
4.47,-0.0009646014440977679
4.471,-0.0009646014440977679
4.472,-0.012052744795923914
4.473,-0.008356697011981867
4.474,0.002731446339844281
4.475,0.002731446339844281
4.476,-0.015748792579865965
4.477,-0.03792507928351826
4.478,-0.03053298371563416
4.479,-0.012052744795923914
4.48,-0.015748792579865965
4.481,-0.03053298371563416
4.482,-0.015748792579865965
4.483,-0.004660649228039817
4.484,-0.012052744795923914
4.485,-0.02683693593169211
4.486,-0.015748792579865965
4.487,-0.004660649228039817
4.488,-0.008356697011981867
4.489,-0.04531717485140235
4.49,0.002731446339844281
4.491,-0.02314088814775006
4.492,-0.02314088814775006
4.493,-0.02683693593169211
4.494,-0.03053298371563416
4.495,-0.015748792579865965
4.496,-0.03422903149957621
4.497,-0.015748792579865965
4.498,0.00642749412378633
4.499,-0.02683693593169211
4.5,-0.008356697011981867
4.501,0.00642749412378633
4.502,0.010123541907728378
4.503,-0.015748792579865965
4.504,-0.0009646014440977679
4.505,0.002731446339844281
4.506,0.00642749412378633
4.507,0.002731446339844281
4.508,-0.004660649228039817
4.509,-0.015748792579865965
4.51,-0.008356697011981867
4.511,0.010123541907728378
4.512,-0.0009646014440977679
4.513,-0.008356697011981867
4.514,0.021211685259554525
4.515,0.00642749412378633
4.516,-0.012052744795923914
4.517,0.002731446339844281
4.518,-0.004660649228039817
4.519,-0.0009646014440977679
4.52,-0.0009646014440977679
4.521,0.00642749412378633
4.522,-0.02683693593169211
4.523,-0.012052744795923914
4.524,0.002731446339844281
4.525,-0.008356697011981867
4.526,-0.03422903149957621
4.527,0.002731446339844281
4.528,-0.019444840363808013
4.529,-0.015748792579865965
4.53,-0.008356697011981867
4.531,-0.03053298371563416
4.532,-0.02314088814775006
4.533,-0.008356697011981867
4.534,-0.008356697011981867
4.535,-0.019444840363808013
4.536,-0.02314088814775006
4.537,-0.008356697011981867
4.538,-0.015748792579865965
4.539,0.010123541907728378
4.54,-0.02683693593169211
4.541,-0.019444840363808013
4.542,-0.012052744795923914
4.543,-0.008356697011981867
4.544,0.00642749412378633
4.545,0.002731446339844281
4.546,0.00642749412378633
4.547,0.010123541907728378
4.548,-0.02683693593169211
4.549,-0.012052744795923914
4.55,-0.004660649228039817
4.551,0.002731446339844281
4.552,-0.0009646014440977679
4.553,-0.019444840363808013
4.554,-0.004660649228039817
4.555,-0.008356697011981867
4.556,-0.004660649228039817
4.557,0.002731446339844281
4.558,-0.0009646014440977679
4.559,-0.004660649228039817
4.56,0.021211685259554525
4.561,-0.0009646014440977679
4.562,-0.008356697011981867
4.563,0.00642749412378633
4.564,0.010123541907728378
4.565,0.002731446339844281
4.566,-0.0009646014440977679
4.567,0.013819589691670428
4.568,-0.0009646014440977679
4.569,-0.004660649228039817
4.57,-0.004660649228039817
4.571,-0.004660649228039817
4.572,0.002731446339844281
4.573,-0.012052744795923914
4.574,-0.008356697011981867
4.575,-0.012052744795923914
4.576,-0.008356697011981867
4.577,0.00642749412378633
4.578,-0.019444840363808013
4.579,-0.019444840363808013
4.58,-0.019444840363808013
4.581,-0.0009646014440977679
4.582,0.00642749412378633
4.583,-0.012052744795923914
4.584,0.00642749412378633
4.585,-0.0009646014440977679
4.586,0.013819589691670428
4.587,-0.02314088814775006
4.588,-0.0009646014440977679
4.589,0.002731446339844281
4.59,-0.008356697011981867
4.591,0.028603780827438623
4.592,-0.0009646014440977679
4.593,-0.004660649228039817
4.594,-0.02683693593169211
4.595,-0.015748792579865965
4.596,0.002731446339844281
4.597,-0.008356697011981867
4.598,0.013819589691670428
4.599,0.017515637475612477
4.6,-0.012052744795923914
4.601,-0.015748792579865965
4.602,-0.008356697011981867
4.603,-0.019444840363808013
4.604,0.017515637475612477
4.605,-0.004660649228039817
4.606,0.017515637475612477
4.607,0.00642749412378633
4.608,0.002731446339844281
4.609,0.013819589691670428
4.61,-0.004660649228039817
4.611,0.002731446339844281
4.612,-0.012052744795923914
4.613,-0.004660649228039817
4.614,0.00642749412378633
4.615,0.00642749412378633
4.616,-0.0009646014440977679
4.617,-0.008356697011981867
4.618,-0.004660649228039817
4.619,-0.0009646014440977679
4.62,-0.008356697011981867
4.621,-0.012052744795923914
4.622,-0.0009646014440977679
4.623,-0.004660649228039817
4.624,0.002731446339844281
4.625,-0.019444840363808013
4.626,-0.012052744795923914
4.627,-0.0009646014440977679
4.628,-0.004660649228039817
4.629,-0.012052744795923914
4.63,-0.0009646014440977679
4.631,-0.03422903149957621
4.632,-0.03053298371563416
4.633,-0.012052744795923914
4.634,-0.004660649228039817
4.635,-0.015748792579865965
4.636,-0.012052744795923914
4.637,-0.008356697011981867
4.638,0.010123541907728378
4.639,-0.0009646014440977679
4.64,-0.015748792579865965
4.641,-0.004660649228039817
4.642,0.010123541907728378
4.643,0.002731446339844281
4.644,-0.012052744795923914
4.645,-0.004660649228039817
4.646,-0.004660649228039817
4.647,-0.019444840363808013
4.648,0.010123541907728378
4.649,-0.008356697011981867
4.65,-0.015748792579865965
4.651,-0.02683693593169211
4.652,-0.004660649228039817
4.653,-0.02683693593169211
4.654,-0.019444840363808013
4.655,-0.008356697011981867
4.656,-0.015748792579865965
4.657,-0.004660649228039817
4.658,0.002731446339844281
4.659,-0.004660649228039817
4.66,-0.012052744795923914
4.661,-0.0009646014440977679
4.662,0.002731446339844281
4.663,-0.008356697011981867
4.664,0.002731446339844281
4.665,-0.03053298371563416
4.666,-0.0009646014440977679
4.667,0.010123541907728378
4.668,-0.015748792579865965
4.669,0.00642749412378633
4.67,-0.015748792579865965
4.671,-0.019444840363808013
4.672,-0.008356697011981867
4.673,0.002731446339844281
4.674,-0.008356697011981867
4.675,-0.02314088814775006
4.676,-0.012052744795923914
4.677,-0.02314088814775006
4.678,-0.008356697011981867
4.679,0.013819589691670428
4.68,-0.0009646014440977679
4.681,-0.02683693593169211
4.682,-0.0009646014440977679
4.683,-0.008356697011981867
4.684,-0.015748792579865965
4.685,0.002731446339844281
4.686,-0.0009646014440977679
4.687,-0.015748792579865965
4.688,-0.012052744795923914
4.689,-0.015748792579865965
4.69,-0.019444840363808013
4.691,-0.019444840363808013
4.692,-0.015748792579865965
4.693,0.013819589691670428
4.694,-0.008356697011981867
4.695,0.00642749412378633
4.696,-0.004660649228039817
4.697,-0.008356697011981867
4.698,0.010123541907728378
4.699,-0.03422903149957621
4.7,-0.004660649228039817
4.701,0.021211685259554525
4.702,0.00642749412378633
4.703,-0.008356697011981867
4.704,-0.03053298371563416
4.705,-0.012052744795923914
4.706,-0.012052744795923914
4.707,0.002731446339844281
4.708,-0.004660649228039817
4.709,-0.008356697011981867
4.71,0.010123541907728378
4.711,-0.008356697011981867
4.712,0.00642749412378633
4.713,0.017515637475612477
4.714,0.002731446339844281
4.715,0.002731446339844281
4.716,-0.012052744795923914
4.717,-0.03422903149957621
4.718,-0.0009646014440977679
4.719,-0.004660649228039817
4.72,-0.02683693593169211
4.721,-0.03422903149957621
4.722,-0.015748792579865965
4.723,-0.019444840363808013
4.724,0.002731446339844281
4.725,-0.019444840363808013
4.726,-0.012052744795923914
4.727,-0.008356697011981867
4.728,0.017515637475612477
4.729,0.002731446339844281
4.73,-0.004660649228039817
4.731,-0.019444840363808013
4.732,-0.015748792579865965
4.733,-0.008356697011981867
4.734,-0.02314088814775006
4.735,-0.012052744795923914
4.736,-0.0009646014440977679
4.737,-0.019444840363808013
4.738,-0.012052744795923914
4.739,-0.008356697011981867
4.74,-0.012052744795923914
4.741,0.00642749412378633
4.742,-0.004660649228039817
4.743,-0.012052744795923914
4.744,0.002731446339844281
4.745,-0.012052744795923914
4.746,-0.0009646014440977679
4.747,0.03229982861138067
4.748,0.010123541907728378
4.749,-0.0009646014440977679
4.75,-0.019444840363808013
4.751,0.00642749412378633
4.752,-0.012052744795923914
4.753,0.010123541907728378
4.754,-0.015748792579865965
4.755,0.00642749412378633
4.756,-0.004660649228039817
4.757,-0.02683693593169211
4.758,-0.012052744795923914
4.759,-0.008356697011981867
4.76,-0.019444840363808013
4.761,-0.008356697011981867
4.762,0.002731446339844281
4.763,-0.015748792579865965
4.764,-0.012052744795923914
4.765,-0.03792507928351826
4.766,-0.008356697011981867
4.767,-0.02314088814775006
4.768,-0.012052744795923914
4.769,-0.008356697011981867
4.77,-0.012052744795923914
4.771,0.010123541907728378
4.772,-0.0009646014440977679
4.773,-0.012052744795923914
4.774,-0.0009646014440977679
4.775,-0.0009646014440977679
4.776,0.002731446339844281
4.777,-0.012052744795923914
4.778,-0.0009646014440977679
4.779,-0.0009646014440977679
4.78,-0.008356697011981867
4.781,-0.008356697011981867
4.782,0.00642749412378633
4.783,-0.004660649228039817
4.784,-0.019444840363808013
4.785,-0.012052744795923914
4.786,-0.0009646014440977679
4.787,-0.004660649228039817
4.788,-0.019444840363808013
4.789,-0.02683693593169211
4.79,0.013819589691670428
4.791,-0.0009646014440977679
4.792,-0.008356697011981867
4.793,-0.008356697011981867
4.794,-0.0009646014440977679
4.795,-0.008356697011981867
4.796,0.010123541907728378
4.797,-0.0009646014440977679
4.798,-0.004660649228039817
4.799,-0.0009646014440977679
4.8,-0.008356697011981867
4.801,-0.015748792579865965
4.802,-0.012052744795923914
4.803,-0.008356697011981867
4.804,-0.02683693593169211
4.805,0.00642749412378633
4.806,-0.004660649228039817
4.807,-0.02314088814775006
4.808,-0.03792507928351826
4.809,-0.019444840363808013
4.81,-0.012052744795923914
4.811,-0.012052744795923914
4.812,0.00642749412378633
4.813,0.00642749412378633
4.814,-0.012052744795923914
4.815,-0.015748792579865965
4.816,-0.015748792579865965
4.817,-0.012052744795923914
4.818,-0.012052744795923914
4.819,0.017515637475612477
4.82,0.002731446339844281
4.821,0.017515637475612477
4.822,-0.012052744795923914
4.823,-0.004660649228039817
4.824,-0.03053298371563416
4.825,-0.015748792579865965
4.826,0.013819589691670428
4.827,-0.004660649228039817
4.828,-0.02314088814775006
4.829,-0.004660649228039817
4.83,0.002731446339844281
4.831,-0.004660649228039817
4.832,-0.03053298371563416
4.833,0.017515637475612477
4.834,-0.015748792579865965
4.835,0.017515637475612477
4.836,-0.02314088814775006
4.837,-0.019444840363808013
4.838,0.010123541907728378
4.839,-0.004660649228039817
4.84,-0.02683693593169211
4.841,0.00642749412378633
4.842,-0.019444840363808013
4.843,0.013819589691670428
4.844,0.021211685259554525
4.845,0.002731446339844281
4.846,-0.02314088814775006
4.847,-0.015748792579865965
4.848,0.00642749412378633
4.849,-0.008356697011981867
4.85,0.010123541907728378
4.851,-0.0009646014440977679
4.852,0.013819589691670428
4.853,-0.015748792579865965
4.854,0.002731446339844281
4.855,-0.015748792579865965
4.856,-0.02683693593169211
4.857,0.002731446339844281
4.858,0.00642749412378633
4.859,0.024907733043496576
4.86,-0.012052744795923914
4.861,0.00642749412378633
4.862,-0.015748792579865965
4.863,-0.012052744795923914
4.864,-0.02314088814775006
4.865,-0.008356697011981867
4.866,-0.008356697011981867
4.867,-0.015748792579865965
4.868,-0.012052744795923914
4.869,0.002731446339844281
4.87,-0.0009646014440977679
4.871,-0.015748792579865965
4.872,-0.015748792579865965
4.873,-0.004660649228039817
4.874,-0.008356697011981867
4.875,-0.008356697011981867
4.876,-0.008356697011981867
4.877,0.002731446339844281
4.878,-0.03422903149957621
4.879,0.002731446339844281
4.88,-0.02683693593169211
4.881,-0.008356697011981867
4.882,0.00642749412378633
4.883,-0.008356697011981867
4.884,0.002731446339844281
4.885,-0.019444840363808013
4.886,-0.012052744795923914
4.887,-0.004660649228039817
4.888,-0.015748792579865965
4.889,0.010123541907728378
4.89,-0.015748792579865965
4.891,-0.008356697011981867
4.892,-0.004660649228039817
4.893,0.002731446339844281
4.894,-0.008356697011981867
4.895,-0.004660649228039817
4.896,0.002731446339844281
4.897,-0.004660649228039817
4.898,-0.02683693593169211
4.899,-0.004660649228039817
4.9,-0.012052744795923914
4.901,0.00642749412378633
4.902,0.002731446339844281
4.903,-0.03053298371563416
4.904,-0.015748792579865965
4.905,-0.012052744795923914
4.906,-0.015748792579865965
4.907,-0.012052744795923914
4.908,-0.0009646014440977679
4.909,0.010123541907728378
4.91,0.002731446339844281
4.911,0.002731446339844281
4.912,-0.015748792579865965
4.913,-0.012052744795923914
4.914,-0.008356697011981867
4.915,-0.004660649228039817
4.916,0.017515637475612477
4.917,0.002731446339844281
4.918,-0.02683693593169211
4.919,0.010123541907728378
4.92,-0.02683693593169211
4.921,-0.0009646014440977679
4.922,0.002731446339844281
4.923,0.002731446339844281
4.924,-0.02314088814775006
4.925,0.002731446339844281
4.926,-0.015748792579865965
4.927,-0.03053298371563416
4.928,-0.012052744795923914
4.929,0.024907733043496576
4.93,-0.008356697011981867
4.931,-0.004660649228039817
4.932,0.017515637475612477
4.933,0.010123541907728378
4.934,0.002731446339844281
4.935,0.010123541907728378
4.936,-0.02314088814775006
4.937,-0.03792507928351826
4.938,0.021211685259554525
4.939,0.002731446339844281
4.94,-0.008356697011981867
4.941,-0.019444840363808013
4.942,0.002731446339844281
4.943,0.00642749412378633
4.944,-0.012052744795923914
4.945,-0.019444840363808013
4.946,0.010123541907728378
4.947,-0.004660649228039817
4.948,0.010123541907728378
4.949,-0.008356697011981867
4.95,-0.015748792579865965
4.951,-0.008356697011981867
4.952,0.00642749412378633
4.953,-0.004660649228039817
4.954,-0.004660649228039817
4.955,0.002731446339844281
4.956,0.00642749412378633
4.957,0.002731446339844281
4.958,-0.0009646014440977679
4.959,-0.019444840363808013
4.96,0.010123541907728378
4.961,-0.004660649228039817
4.962,-0.02314088814775006
4.963,-0.015748792579865965
4.964,-0.015748792579865965
4.965,-0.019444840363808013
4.966,0.00642749412378633
4.967,-0.0009646014440977679
4.968,0.002731446339844281
4.969,0.010123541907728378
4.97,-0.004660649228039817
4.971,-0.02314088814775006
4.972,-0.03053298371563416
4.973,-0.015748792579865965
4.974,0.002731446339844281
4.975,-0.019444840363808013
4.976,-0.015748792579865965
4.977,-0.02314088814775006
4.978,-0.004660649228039817
4.979,-0.004660649228039817
4.98,-0.008356697011981867
4.981,-0.019444840363808013
4.982,0.010123541907728378
4.983,0.010123541907728378
4.984,0.010123541907728378
4.985,-0.008356697011981867
4.986,-0.02314088814775006
4.987,-0.02314088814775006
4.988,0.028603780827438623
4.989,-0.02683693593169211
4.99,-0.0009646014440977679
4.991,0.002731446339844281
4.992,-0.008356697011981867
4.993,-0.02683693593169211
4.994,-0.012052744795923914
4.995,0.00642749412378633
4.996,-0.012052744795923914
4.997,0.017515637475612477
4.998,-0.03053298371563416
4.999,-0.008356697011981867
5.0,0.021211685259554525
5.001,-0.012052744795923914
5.002,-0.008356697011981867
5.003,-0.012052744795923914
5.004,-0.03422903149957621
5.005,-0.008356697011981867
5.006,-0.004660649228039817
5.007,0.002731446339844281
5.008,-0.015748792579865965
5.009,-0.0009646014440977679
5.01,-0.004660649228039817
5.011,-0.0009646014440977679
5.012,0.002731446339844281
5.013,-0.0009646014440977679
5.014,-0.0009646014440977679
5.015,0.002731446339844281
5.016,0.00642749412378633
5.017,-0.0009646014440977679
5.018,-0.0009646014440977679
5.019,-0.008356697011981867
5.02,-0.019444840363808013
5.021,-0.008356697011981867
5.022,-0.02314088814775006
5.023,-0.015748792579865965
5.024,-0.012052744795923914
5.025,-0.004660649228039817
5.026,-0.012052744795923914
5.027,0.002731446339844281
5.028,0.002731446339844281
5.029,0.002731446339844281
5.03,-0.015748792579865965
5.031,-0.015748792579865965
5.032,-0.012052744795923914
5.033,0.002731446339844281
5.034,0.002731446339844281
5.035,-0.0009646014440977679
5.036,-0.012052744795923914
5.037,-0.004660649228039817
5.038,-0.0009646014440977679
5.039,0.00642749412378633
5.04,0.00642749412378633
5.041,0.00642749412378633
5.042,0.017515637475612477
5.043,-0.012052744795923914
5.044,0.013819589691670428
5.045,-0.02314088814775006
5.046,-0.02683693593169211
5.047,-0.012052744795923914
5.048,0.00642749412378633
5.049,-0.015748792579865965
5.05,-0.004660649228039817
5.051,-0.019444840363808013
5.052,-0.0009646014440977679
5.053,-0.008356697011981867
5.054,0.013819589691670428
5.055,-0.0009646014440977679
5.056,-0.015748792579865965
5.057,-0.008356697011981867
5.058,-0.015748792579865965
5.059,0.002731446339844281
5.06,0.00642749412378633
5.061,-0.004660649228039817
5.062,-0.015748792579865965
5.063,0.013819589691670428
5.064,-0.02683693593169211
5.065,-0.004660649228039817
5.066,-0.004660649228039817
5.067,0.013819589691670428
5.068,-0.015748792579865965
5.069,-0.004660649228039817
5.07,-0.0009646014440977679
5.071,-0.0009646014440977679
5.072,-0.004660649228039817
5.073,-0.004660649228039817
5.074,-0.012052744795923914
5.075,0.013819589691670428
5.076,-0.02683693593169211
5.077,-0.015748792579865965
5.078,0.00642749412378633
5.079,0.002731446339844281
5.08,-0.0009646014440977679
5.081,-0.0009646014440977679
5.082,-0.015748792579865965
5.083,0.002731446339844281
5.084,0.002731446339844281
5.085,-0.02314088814775006
5.086,-0.008356697011981867
5.087,-0.03422903149957621
5.088,-0.015748792579865965
5.089,-0.015748792579865965
5.09,-0.012052744795923914
5.091,0.002731446339844281
5.092,0.002731446339844281
5.093,-0.004660649228039817
5.094,-0.0009646014440977679
5.095,-0.015748792579865965
5.096,0.00642749412378633
5.097,-0.0009646014440977679
5.098,-0.008356697011981867
5.099,-0.03053298371563416
5.1,-0.012052744795923914
5.101,-0.015748792579865965
5.102,-0.008356697011981867
5.103,-0.008356697011981867
5.104,-0.0009646014440977679
5.105,-0.0009646014440977679
5.106,0.010123541907728378
5.107,0.00642749412378633
5.108,-0.008356697011981867
5.109,0.00642749412378633
5.11,-0.019444840363808013
5.111,-0.012052744795923914
5.112,-0.004660649228039817
5.113,0.002731446339844281
5.114,-0.0009646014440977679
5.115,0.00642749412378633
5.116,-0.008356697011981867
5.117,-0.015748792579865965
5.118,-0.008356697011981867
5.119,-0.012052744795923914
5.12,-0.015748792579865965
5.121,-0.02683693593169211
5.122,0.00642749412378633
5.123,-0.008356697011981867
5.124,-0.008356697011981867
5.125,-0.02314088814775006
5.126,-0.015748792579865965
5.127,-0.015748792579865965
5.128,-0.008356697011981867
5.129,-0.03053298371563416
5.13,0.00642749412378633
5.131,-0.0009646014440977679
5.132,0.002731446339844281
5.133,-0.015748792579865965
5.134,-0.019444840363808013
5.135,-0.012052744795923914
5.136,0.002731446339844281
5.137,-0.004660649228039817
5.138,0.00642749412378633
5.139,-0.012052744795923914
5.14,-0.02314088814775006
5.141,0.00642749412378633
5.142,-0.019444840363808013
5.143,0.021211685259554525
5.144,0.002731446339844281
5.145,-0.012052744795923914
5.146,0.00642749412378633
5.147,-0.0009646014440977679
5.148,-0.004660649228039817
5.149,-0.0009646014440977679
5.15,-0.008356697011981867
5.151,-0.012052744795923914
5.152,0.002731446339844281
5.153,-0.0009646014440977679
5.154,-0.03053298371563416
5.155,0.010123541907728378
5.156,-0.008356697011981867
5.157,-0.012052744795923914
5.158,-0.019444840363808013
5.159,-0.015748792579865965
5.16,-0.019444840363808013
5.161,-0.0009646014440977679
5.162,-0.03053298371563416
5.163,-0.0009646014440977679
5.164,0.00642749412378633
5.165,-0.004660649228039817
5.166,-0.0009646014440977679
5.167,-0.004660649228039817
5.168,-0.008356697011981867
5.169,-0.012052744795923914
5.17,-0.004660649228039817
5.171,0.002731446339844281
5.172,-0.012052744795923914
5.173,-0.004660649228039817
5.174,-0.0009646014440977679
5.175,-0.012052744795923914
5.176,-0.0009646014440977679
5.177,-0.008356697011981867
5.178,-0.03053298371563416
5.179,-0.004660649228039817
5.18,-0.012052744795923914
5.181,-0.02683693593169211
5.182,-0.012052744795923914
5.183,-0.0009646014440977679
5.184,-0.0009646014440977679
5.185,-0.012052744795923914
5.186,0.00642749412378633
5.187,0.017515637475612477
5.188,-0.008356697011981867
5.189,-0.02683693593169211
5.19,0.017515637475612477
5.191,0.002731446339844281
5.192,0.00642749412378633
5.193,0.00642749412378633
5.194,-0.008356697011981867
5.195,-0.02314088814775006
5.196,-0.015748792579865965
5.197,0.010123541907728378
5.198,-0.015748792579865965
5.199,-0.0009646014440977679
5.2,-0.008356697011981867
5.201,-0.004660649228039817
5.202,0.002731446339844281
5.203,0.00642749412378633
5.204,-0.004660649228039817
5.205,0.013819589691670428
5.206,-0.019444840363808013
5.207,-0.012052744795923914
5.208,-0.0009646014440977679
5.209,-0.012052744795923914
5.21,-0.008356697011981867
5.211,-0.012052744795923914
5.212,-0.02683693593169211
5.213,-0.019444840363808013
5.214,-0.015748792579865965
5.215,0.002731446339844281
5.216,-0.015748792579865965
5.217,-0.03053298371563416
5.218,-0.008356697011981867
5.219,-0.0009646014440977679
5.22,0.002731446339844281
5.221,-0.019444840363808013
5.222,-0.012052744795923914
5.223,-0.008356697011981867
5.224,-0.03422903149957621
5.225,-0.02683693593169211
5.226,0.00642749412378633
5.227,-0.008356697011981867
5.228,-0.02683693593169211
5.229,-0.02683693593169211
5.23,-0.02314088814775006
5.231,0.002731446339844281
5.232,0.013819589691670428
5.233,-0.0009646014440977679
5.234,0.017515637475612477
5.235,-0.008356697011981867
5.236,-0.008356697011981867
5.237,0.010123541907728378
5.238,-0.004660649228039817
5.239,0.010123541907728378
5.24,-0.008356697011981867
5.241,-0.012052744795923914
5.242,-0.0009646014440977679
5.243,-0.0009646014440977679
5.244,-0.015748792579865965
5.245,0.002731446339844281
5.246,-0.008356697011981867
5.247,0.002731446339844281
5.248,-0.02314088814775006
5.249,-0.015748792579865965
5.25,-0.004660649228039817
5.251,-0.004660649228039817
5.252,-0.012052744795923914
5.253,-0.019444840363808013
5.254,-0.03053298371563416
5.255,-0.008356697011981867
5.256,-0.012052744795923914
5.257,-0.004660649228039817
5.258,-0.03053298371563416
5.259,-0.02314088814775006
5.26,-0.004660649228039817
5.261,-0.008356697011981867
5.262,0.017515637475612477
5.263,-0.012052744795923914
5.264,0.00642749412378633
5.265,-0.008356697011981867
5.266,-0.004660649228039817
5.267,-0.019444840363808013
5.268,-0.02314088814775006
5.269,-0.019444840363808013
5.27,-0.019444840363808013
5.271,-0.015748792579865965
5.272,-0.019444840363808013
5.273,-0.012052744795923914
5.274,0.00642749412378633
5.275,-0.012052744795923914
5.276,0.002731446339844281
5.277,-0.004660649228039817
5.278,-0.004660649228039817
5.279,-0.008356697011981867
5.28,-0.03053298371563416
5.281,-0.008356697011981867
5.282,-0.004660649228039817
5.283,-0.004660649228039817
5.284,-0.0009646014440977679
5.285,-0.008356697011981867
5.286,0.002731446339844281
5.287,0.00642749412378633
5.288,-0.0009646014440977679
5.289,0.00642749412378633
5.29,-0.004660649228039817
5.291,0.010123541907728378
5.292,0.002731446339844281
5.293,0.010123541907728378
5.294,-0.004660649228039817
5.295,-0.0009646014440977679
5.296,-0.015748792579865965
5.297,-0.015748792579865965
5.298,-0.019444840363808013
5.299,-0.0009646014440977679
5.3,-0.004660649228039817
5.301,-0.0009646014440977679
5.302,-0.004660649228039817
5.303,-0.0009646014440977679
5.304,-0.015748792579865965
5.305,-0.008356697011981867
5.306,0.00642749412378633
5.307,-0.008356697011981867
5.308,-0.0009646014440977679
5.309,0.00642749412378633
5.31,-0.008356697011981867
5.311,-0.008356697011981867
5.312,-0.008356697011981867
5.313,-0.019444840363808013
5.314,0.002731446339844281
5.315,-0.008356697011981867
5.316,-0.02683693593169211
5.317,0.002731446339844281
5.318,0.00642749412378633
5.319,-0.008356697011981867
5.32,0.00642749412378633
5.321,-0.0009646014440977679
5.322,0.010123541907728378
5.323,-0.015748792579865965
5.324,-0.0009646014440977679
5.325,-0.0009646014440977679
5.326,0.002731446339844281
5.327,0.002731446339844281
5.328,-0.019444840363808013
5.329,0.021211685259554525
5.33,-0.012052744795923914
5.331,0.00642749412378633
5.332,0.002731446339844281
5.333,0.024907733043496576
5.334,-0.0009646014440977679
5.335,-0.012052744795923914
5.336,0.00642749412378633
5.337,0.010123541907728378
5.338,-0.0009646014440977679
5.339,0.00642749412378633
5.34,-0.0009646014440977679
5.341,0.002731446339844281
5.342,0.010123541907728378
5.343,-0.012052744795923914
5.344,0.017515637475612477
5.345,-0.0009646014440977679
5.346,-0.0009646014440977679
5.347,-0.012052744795923914
5.348,-0.019444840363808013
5.349,-0.015748792579865965
5.35,-0.012052744795923914
5.351,0.013819589691670428
5.352,-0.02314088814775006
5.353,-0.008356697011981867
5.354,-0.012052744795923914
5.355,0.002731446339844281
5.356,0.002731446339844281
5.357,-0.015748792579865965
5.358,0.010123541907728378
5.359,0.002731446339844281
5.36,-0.03792507928351826
5.361,-0.03792507928351826
5.362,-0.004660649228039817
5.363,-0.0009646014440977679
5.364,-0.015748792579865965
5.365,-0.015748792579865965
5.366,0.013819589691670428
5.367,0.024907733043496576
5.368,0.010123541907728378
5.369,-0.012052744795923914
5.37,-0.04162112706746031
5.371,-0.0009646014440977679
5.372,-0.008356697011981867
5.373,0.002731446339844281
5.374,-0.012052744795923914
5.375,-0.019444840363808013
5.376,0.010123541907728378
5.377,0.013819589691670428
5.378,0.002731446339844281
5.379,-0.008356697011981867
5.38,0.010123541907728378
5.381,-0.004660649228039817
5.382,-0.015748792579865965
5.383,-0.008356697011981867
5.384,-0.004660649228039817
5.385,-0.012052744795923914
5.386,-0.02314088814775006
5.387,0.002731446339844281
5.388,-0.008356697011981867
5.389,0.021211685259554525
5.39,0.002731446339844281
5.391,-0.015748792579865965
5.392,-0.019444840363808013
5.393,0.013819589691670428
5.394,0.00642749412378633
5.395,0.00642749412378633
5.396,-0.008356697011981867
5.397,-0.03422903149957621
5.398,-0.015748792579865965
5.399,-0.012052744795923914
5.4,0.002731446339844281
5.401,-0.02314088814775006
5.402,0.002731446339844281
5.403,-0.019444840363808013
5.404,-0.004660649228039817
5.405,-0.0009646014440977679
5.406,0.021211685259554525
5.407,-0.019444840363808013
5.408,0.00642749412378633
5.409,-0.008356697011981867
5.41,0.017515637475612477
5.411,-0.012052744795923914
5.412,-0.004660649228039817
5.413,-0.008356697011981867
5.414,-0.015748792579865965
5.415,-0.019444840363808013
5.416,-0.012052744795923914
5.417,-0.02314088814775006
5.418,-0.0009646014440977679
5.419,-0.015748792579865965
5.42,-0.008356697011981867
5.421,-0.0009646014440977679
5.422,-0.0009646014440977679
5.423,-0.012052744795923914
5.424,-0.0009646014440977679
5.425,-0.004660649228039817
5.426,-0.02314088814775006
5.427,-0.012052744795923914
5.428,-0.012052744795923914
5.429,-0.019444840363808013
5.43,-0.02314088814775006
5.431,-0.008356697011981867
5.432,0.017515637475612477
5.433,-0.015748792579865965
5.434,-0.0009646014440977679
5.435,0.00642749412378633
5.436,-0.004660649228039817
5.437,-0.015748792579865965
5.438,-0.015748792579865965
5.439,0.002731446339844281
5.44,0.010123541907728378
5.441,-0.008356697011981867
5.442,-0.019444840363808013
5.443,-0.012052744795923914
5.444,0.00642749412378633
5.445,0.002731446339844281
5.446,0.00642749412378633
5.447,0.021211685259554525
5.448,-0.02683693593169211
5.449,-0.012052744795923914
5.45,-0.015748792579865965
5.451,-0.008356697011981867
5.452,-0.0009646014440977679
5.453,-0.004660649228039817
5.454,-0.008356697011981867
5.455,-0.015748792579865965
5.456,-0.0009646014440977679
5.457,-0.008356697011981867
5.458,-0.012052744795923914
5.459,-0.019444840363808013
5.46,-0.015748792579865965
5.461,-0.015748792579865965
5.462,0.010123541907728378
5.463,-0.019444840363808013
5.464,-0.004660649228039817
5.465,-0.012052744795923914
5.466,-0.004660649228039817
5.467,-0.015748792579865965
5.468,0.00642749412378633
5.469,-0.02683693593169211
5.47,-0.015748792579865965
5.471,-0.004660649228039817
5.472,-0.04162112706746031
5.473,-0.012052744795923914
5.474,-0.0009646014440977679
5.475,-0.019444840363808013
5.476,-0.004660649228039817
5.477,-0.015748792579865965
5.478,-0.012052744795923914
5.479,-0.008356697011981867
5.48,-0.02683693593169211
5.481,-0.0009646014440977679
5.482,-0.015748792579865965
5.483,-0.02683693593169211
5.484,-0.0009646014440977679
5.485,-0.0009646014440977679
5.486,0.002731446339844281
5.487,-0.008356697011981867
5.488,0.002731446339844281
5.489,-0.02314088814775006
5.49,-0.004660649228039817
5.491,-0.012052744795923914
5.492,-0.012052744795923914
5.493,0.002731446339844281
5.494,-0.02314088814775006
5.495,-0.008356697011981867
5.496,0.002731446339844281
5.497,0.010123541907728378
5.498,0.002731446339844281
5.499,-0.004660649228039817
5.5,0.00642749412378633
5.501,-0.0009646014440977679
5.502,-0.004660649228039817
5.503,0.013819589691670428
5.504,0.002731446339844281
5.505,-0.012052744795923914
5.506,0.010123541907728378
5.507,-0.008356697011981867
5.508,0.010123541907728378
5.509,-0.019444840363808013
5.51,-0.019444840363808013
5.511,-0.0009646014440977679
5.512,-0.012052744795923914
5.513,0.00642749412378633
5.514,-0.008356697011981867
5.515,-0.02683693593169211
5.516,-0.0009646014440977679
5.517,-0.012052744795923914
5.518,0.00642749412378633
5.519,-0.015748792579865965
5.52,-0.0009646014440977679
5.521,-0.0009646014440977679
5.522,0.010123541907728378
5.523,-0.015748792579865965
5.524,-0.015748792579865965
5.525,-0.012052744795923914
5.526,-0.008356697011981867
5.527,0.010123541907728378
5.528,-0.012052744795923914
5.529,-0.03053298371563416
5.53,-0.015748792579865965
5.531,-0.004660649228039817
5.532,-0.0009646014440977679
5.533,-0.0009646014440977679
5.534,-0.0009646014440977679
5.535,-0.03053298371563416
5.536,0.002731446339844281
5.537,0.010123541907728378
5.538,-0.008356697011981867
5.539,-0.0009646014440977679
5.54,-0.0009646014440977679
5.541,-0.012052744795923914
5.542,0.002731446339844281
5.543,-0.008356697011981867
5.544,-0.008356697011981867
5.545,0.00642749412378633
5.546,-0.012052744795923914
5.547,-0.015748792579865965
5.548,-0.004660649228039817
5.549,0.010123541907728378
5.55,0.00642749412378633
5.551,-0.0009646014440977679
5.552,-0.012052744795923914
5.553,-0.008356697011981867
5.554,-0.015748792579865965
5.555,0.00642749412378633
5.556,-0.004660649228039817
5.557,-0.012052744795923914
5.558,-0.012052744795923914
5.559,-0.0009646014440977679
5.56,0.013819589691670428
5.561,-0.02683693593169211
5.562,-0.004660649228039817
5.563,-0.0009646014440977679
5.564,-0.008356697011981867
5.565,-0.004660649228039817
5.566,0.010123541907728378
5.567,-0.0009646014440977679
5.568,-0.012052744795923914
5.569,0.00642749412378633
5.57,0.010123541907728378
5.571,-0.0009646014440977679
5.572,0.00642749412378633
5.573,0.010123541907728378
5.574,-0.0009646014440977679
5.575,-0.004660649228039817
5.576,-0.019444840363808013
5.577,-0.02683693593169211
5.578,0.00642749412378633
5.579,-0.0009646014440977679
5.58,0.010123541907728378
5.581,-0.004660649228039817
5.582,-0.0009646014440977679
5.583,-0.019444840363808013
5.584,0.002731446339844281
5.585,0.002731446339844281
5.586,-0.0009646014440977679
5.587,-0.004660649228039817
5.588,0.002731446339844281
5.589,-0.0009646014440977679
5.59,0.010123541907728378
5.591,-0.02314088814775006
5.592,0.00642749412378633
5.593,-0.008356697011981867
5.594,0.002731446339844281
5.595,0.00642749412378633
5.596,0.017515637475612477
5.597,-0.004660649228039817
5.598,-0.012052744795923914
5.599,-0.004660649228039817
5.6,-0.004660649228039817
5.601,0.00642749412378633
5.602,-0.0009646014440977679
5.603,-0.008356697011981867
5.604,-0.008356697011981867
5.605,-0.02314088814775006
5.606,-0.008356697011981867
5.607,-0.02683693593169211
5.608,0.002731446339844281
5.609,-0.015748792579865965
5.61,0.002731446339844281
5.611,-0.0009646014440977679
5.612,-0.03422903149957621
5.613,0.002731446339844281
5.614,-0.004660649228039817
5.615,-0.015748792579865965
5.616,-0.012052744795923914
5.617,0.00642749412378633
5.618,-0.02314088814775006
5.619,-0.008356697011981867
5.62,-0.008356697011981867
5.621,-0.019444840363808013
5.622,-0.03053298371563416
5.623,-0.019444840363808013
5.624,0.00642749412378633
5.625,-0.02683693593169211
5.626,-0.02314088814775006
5.627,-0.008356697011981867
5.628,0.028603780827438623
5.629,-0.008356697011981867
5.63,-0.02314088814775006
5.631,-0.012052744795923914
5.632,-0.012052744795923914
5.633,-0.0009646014440977679
5.634,-0.012052744795923914
5.635,-0.008356697011981867
5.636,-0.0009646014440977679
5.637,-0.008356697011981867
5.638,-0.03053298371563416
5.639,-0.019444840363808013
5.64,-0.008356697011981867
5.641,-0.004660649228039817
5.642,-0.008356697011981867
5.643,-0.004660649228039817
5.644,-0.0009646014440977679
5.645,-0.012052744795923914
5.646,-0.008356697011981867
5.647,-0.008356697011981867
5.648,-0.004660649228039817
5.649,0.002731446339844281
5.65,-0.008356697011981867
5.651,-0.012052744795923914
5.652,-0.02314088814775006
5.653,-0.015748792579865965
5.654,-0.008356697011981867
5.655,-0.004660649228039817
5.656,-0.015748792579865965
5.657,-0.02683693593169211
5.658,-0.015748792579865965
5.659,0.013819589691670428
5.66,-0.019444840363808013
5.661,0.00642749412378633
5.662,-0.019444840363808013
5.663,-0.012052744795923914
5.664,-0.019444840363808013
5.665,-0.004660649228039817
5.666,0.002731446339844281
5.667,-0.019444840363808013
5.668,-0.02314088814775006
5.669,0.024907733043496576
5.67,0.00642749412378633
5.671,-0.008356697011981867
5.672,-0.004660649228039817
5.673,-0.008356697011981867
5.674,-0.0009646014440977679
5.675,-0.0009646014440977679
5.676,0.021211685259554525
5.677,0.024907733043496576
5.678,-0.004660649228039817
5.679,-0.0009646014440977679
5.68,-0.008356697011981867
5.681,-0.015748792579865965
5.682,-0.008356697011981867
5.683,-0.004660649228039817
5.684,0.010123541907728378
5.685,-0.012052744795923914
5.686,0.00642749412378633
5.687,-0.008356697011981867
5.688,-0.03053298371563416
5.689,0.002731446339844281
5.69,-0.012052744795923914
5.691,-0.015748792579865965
5.692,-0.012052744795923914
5.693,-0.012052744795923914
5.694,-0.03792507928351826
5.695,0.002731446339844281
5.696,0.010123541907728378
5.697,0.00642749412378633
5.698,-0.0009646014440977679
5.699,-0.02683693593169211
5.7,-0.0009646014440977679
5.701,-0.02683693593169211
5.702,-0.008356697011981867
5.703,-0.0009646014440977679
5.704,-0.019444840363808013
5.705,-0.004660649228039817
5.706,0.00642749412378633
5.707,-0.02683693593169211
5.708,-0.03422903149957621
5.709,0.013819589691670428
5.71,0.017515637475612477
5.711,-0.004660649228039817
5.712,0.002731446339844281
5.713,-0.015748792579865965
5.714,-0.015748792579865965
5.715,-0.03053298371563416
5.716,-0.004660649228039817
5.717,-0.0009646014440977679
5.718,0.010123541907728378
5.719,-0.004660649228039817
5.72,0.00642749412378633
5.721,-0.015748792579865965
5.722,-0.012052744795923914
5.723,-0.015748792579865965
5.724,-0.008356697011981867
5.725,0.00642749412378633
5.726,-0.004660649228039817
5.727,0.00642749412378633
5.728,0.010123541907728378
5.729,-0.012052744795923914
5.73,-0.02314088814775006
5.731,0.00642749412378633
5.732,0.00642749412378633
5.733,-0.019444840363808013
5.734,-0.008356697011981867
5.735,-0.008356697011981867
5.736,-0.015748792579865965
5.737,-0.015748792579865965
5.738,-0.004660649228039817
5.739,0.00642749412378633
5.74,0.010123541907728378
5.741,-0.02683693593169211
5.742,-0.004660649228039817
5.743,-0.019444840363808013
5.744,0.002731446339844281
5.745,-0.008356697011981867
5.746,0.00642749412378633
5.747,-0.019444840363808013
5.748,-0.012052744795923914
5.749,0.00642749412378633
5.75,0.002731446339844281
5.751,-0.012052744795923914
5.752,-0.03422903149957621
5.753,-0.0009646014440977679
5.754,-0.004660649228039817
5.755,-0.0009646014440977679
5.756,-0.004660649228039817
5.757,0.002731446339844281
5.758,-0.0009646014440977679
5.759,0.00642749412378633
5.76,-0.008356697011981867
5.761,-0.019444840363808013
5.762,-0.0009646014440977679
5.763,-0.012052744795923914
5.764,-0.012052744795923914
5.765,-0.015748792579865965
5.766,0.010123541907728378
5.767,0.002731446339844281
5.768,-0.008356697011981867
5.769,-0.015748792579865965
5.77,0.021211685259554525
5.771,0.021211685259554525
5.772,0.002731446339844281
5.773,-0.019444840363808013
5.774,-0.0009646014440977679
5.775,-0.0009646014440977679
5.776,-0.012052744795923914
5.777,-0.0009646014440977679
5.778,0.00642749412378633
5.779,0.00642749412378633
5.78,-0.012052744795923914
5.781,-0.02314088814775006
5.782,-0.03053298371563416
5.783,-0.008356697011981867
5.784,-0.0009646014440977679
5.785,0.00642749412378633
5.786,-0.02314088814775006
5.787,-0.02314088814775006
5.788,-0.0009646014440977679
5.789,0.002731446339844281
5.79,0.00642749412378633
5.791,-0.008356697011981867
5.792,-0.008356697011981867
5.793,-0.0009646014440977679
5.794,-0.0009646014440977679
5.795,-0.015748792579865965
5.796,-0.004660649228039817
5.797,-0.02314088814775006
5.798,0.010123541907728378
5.799,-0.012052744795923914
5.8,0.00642749412378633
5.801,-0.004660649228039817
5.802,-0.02314088814775006
5.803,-0.008356697011981867
5.804,-0.015748792579865965
5.805,-0.012052744795923914
5.806,-0.012052744795923914
5.807,-0.004660649228039817
5.808,-0.015748792579865965
5.809,0.03229982861138067
5.81,-0.019444840363808013
5.811,-0.008356697011981867
5.812,-0.004660649228039817
5.813,-0.008356697011981867
5.814,0.002731446339844281
5.815,-0.019444840363808013
5.816,-0.02314088814775006
5.817,-0.008356697011981867
5.818,-0.0009646014440977679
5.819,-0.02314088814775006
5.82,-0.012052744795923914
5.821,0.00642749412378633
5.822,0.002731446339844281
5.823,0.00642749412378633
5.824,0.010123541907728378
5.825,-0.008356697011981867
5.826,0.00642749412378633
5.827,-0.015748792579865965
5.828,-0.004660649228039817
5.829,-0.004660649228039817
5.83,-0.03053298371563416
5.831,-0.015748792579865965
5.832,-0.015748792579865965
5.833,0.00642749412378633
5.834,-0.015748792579865965
5.835,-0.0009646014440977679
5.836,-0.0009646014440977679
5.837,0.002731446339844281
5.838,0.002731446339844281
5.839,-0.008356697011981867
5.84,0.00642749412378633
5.841,-0.004660649228039817
5.842,-0.0009646014440977679
5.843,0.00642749412378633
5.844,-0.019444840363808013
5.845,-0.0009646014440977679
5.846,-0.0009646014440977679
5.847,-0.008356697011981867
5.848,-0.0009646014440977679
5.849,-0.019444840363808013
5.85,-0.02314088814775006
5.851,0.002731446339844281
5.852,0.013819589691670428
5.853,-0.015748792579865965
5.854,-0.015748792579865965
5.855,-0.015748792579865965
5.856,0.013819589691670428
5.857,-0.015748792579865965
5.858,-0.0009646014440977679
5.859,-0.004660649228039817
5.86,0.002731446339844281
5.861,-0.02683693593169211
5.862,0.002731446339844281
5.863,-0.0009646014440977679
5.864,-0.0009646014440977679
5.865,0.017515637475612477
5.866,-0.02314088814775006
5.867,-0.012052744795923914
5.868,-0.015748792579865965
5.869,-0.008356697011981867
5.87,-0.02314088814775006
5.871,-0.012052744795923914
5.872,-0.008356697011981867
5.873,-0.012052744795923914
5.874,-0.02314088814775006
5.875,-0.012052744795923914
5.876,0.017515637475612477
5.877,0.010123541907728378
5.878,-0.004660649228039817
5.879,-0.008356697011981867
5.88,0.013819589691670428
5.881,-0.004660649228039817
5.882,-0.012052744795923914
5.883,-0.0009646014440977679
5.884,-0.019444840363808013
5.885,-0.019444840363808013
5.886,0.002731446339844281
5.887,-0.004660649228039817
5.888,-0.004660649228039817
5.889,-0.008356697011981867
5.89,0.013819589691670428
5.891,-0.008356697011981867
5.892,-0.02314088814775006
5.893,0.013819589691670428
5.894,-0.02314088814775006
5.895,0.013819589691670428
5.896,-0.015748792579865965
5.897,0.010123541907728378
5.898,-0.008356697011981867
5.899,-0.008356697011981867
5.9,-0.012052744795923914
5.901,-0.012052744795923914
5.902,0.002731446339844281
5.903,-0.02314088814775006
5.904,0.00642749412378633
5.905,-0.012052744795923914
5.906,0.00642749412378633
5.907,-0.019444840363808013
5.908,0.002731446339844281
5.909,-0.004660649228039817
5.91,-0.02314088814775006
5.911,-0.004660649228039817
5.912,-0.019444840363808013
5.913,0.002731446339844281
5.914,-0.012052744795923914
5.915,0.024907733043496576
5.916,-0.02314088814775006
5.917,0.002731446339844281
5.918,-0.004660649228039817
5.919,0.00642749412378633
5.92,-0.0009646014440977679
5.921,-0.019444840363808013
5.922,0.002731446339844281
5.923,-0.019444840363808013
5.924,-0.008356697011981867
5.925,0.00642749412378633
5.926,0.013819589691670428
5.927,-0.012052744795923914
5.928,-0.015748792579865965
5.929,-0.008356697011981867
5.93,-0.008356697011981867
5.931,0.00642749412378633
5.932,-0.0009646014440977679
5.933,-0.004660649228039817
5.934,-0.0009646014440977679
5.935,-0.0009646014440977679
5.936,-0.008356697011981867
5.937,0.021211685259554525
5.938,-0.008356697011981867
5.939,-0.004660649228039817
5.94,-0.004660649228039817
5.941,0.010123541907728378
5.942,0.010123541907728378
5.943,-0.008356697011981867
5.944,-0.008356697011981867
5.945,0.013819589691670428
5.946,-0.015748792579865965
5.947,-0.004660649228039817
5.948,0.00642749412378633
5.949,-0.019444840363808013
5.95,0.002731446339844281
5.951,-0.008356697011981867
5.952,-0.02314088814775006
5.953,0.00642749412378633
5.954,-0.008356697011981867
5.955,0.010123541907728378
5.956,-0.012052744795923914
5.957,-0.004660649228039817
5.958,-0.004660649228039817
5.959,-0.0009646014440977679
5.96,-0.019444840363808013
5.961,-0.008356697011981867
5.962,-0.019444840363808013
5.963,-0.008356697011981867
5.964,-0.008356697011981867
5.965,-0.004660649228039817
5.966,-0.008356697011981867
5.967,-0.008356697011981867
5.968,-0.019444840363808013
5.969,-0.019444840363808013
5.97,0.010123541907728378
5.971,-0.004660649228039817
5.972,-0.019444840363808013
5.973,-0.012052744795923914
5.974,-0.012052744795923914
5.975,-0.019444840363808013
5.976,-0.0009646014440977679
5.977,0.013819589691670428
5.978,-0.019444840363808013
5.979,-0.03053298371563416
5.98,-0.019444840363808013
5.981,-0.02683693593169211
5.982,-0.015748792579865965
5.983,-0.015748792579865965
5.984,0.00642749412378633
5.985,0.00642749412378633
5.986,0.002731446339844281
5.987,-0.008356697011981867
5.988,-0.008356697011981867
5.989,-0.004660649228039817
5.99,-0.015748792579865965
5.991,0.002731446339844281
5.992,-0.004660649228039817
5.993,-0.03053298371563416
5.994,-0.019444840363808013
5.995,-0.004660649228039817
5.996,-0.0009646014440977679
5.997,-0.008356697011981867
5.998,-0.0009646014440977679
5.999,-0.004660649228039817
6.0,-0.004660649228039817
6.001,0.010123541907728378
6.002,-0.008356697011981867
6.003,-0.0009646014440977679
6.004,-0.0009646014440977679
6.005,-0.019444840363808013
6.006,-0.004660649228039817
6.007,-0.02683693593169211
6.008,0.002731446339844281
6.009,0.00642749412378633
6.01,-0.004660649228039817
6.011,-0.0009646014440977679
6.012,0.017515637475612477
6.013,-0.0009646014440977679
6.014,-0.02683693593169211
6.015,0.002731446339844281
6.016,-0.02314088814775006
6.017,-0.012052744795923914
6.018,-0.03422903149957621
6.019,-0.004660649228039817
6.02,0.017515637475612477
6.021,-0.004660649228039817
6.022,-0.019444840363808013
6.023,0.013819589691670428
6.024,-0.0009646014440977679
6.025,-0.008356697011981867
6.026,-0.015748792579865965
6.027,0.00642749412378633
6.028,-0.012052744795923914
6.029,-0.008356697011981867
6.03,0.002731446339844281
6.031,-0.012052744795923914
6.032,-0.0009646014440977679
6.033,0.002731446339844281
6.034,-0.008356697011981867
6.035,0.002731446339844281
6.036,-0.0009646014440977679
6.037,-0.02683693593169211
6.038,-0.008356697011981867
6.039,-0.015748792579865965
6.04,-0.004660649228039817
6.041,-0.019444840363808013
6.042,0.013819589691670428
6.043,-0.012052744795923914
6.044,-0.008356697011981867
6.045,-0.012052744795923914
6.046,-0.019444840363808013
6.047,-0.0009646014440977679
6.048,-0.008356697011981867
6.049,-0.015748792579865965
6.05,-0.008356697011981867
6.051,-0.008356697011981867
6.052,-0.02314088814775006
6.053,-0.0009646014440977679
6.054,-0.019444840363808013
6.055,-0.0009646014440977679
6.056,-0.02314088814775006
6.057,-0.019444840363808013
6.058,-0.02314088814775006
6.059,-0.004660649228039817
6.06,0.00642749412378633
6.061,0.00642749412378633
6.062,-0.019444840363808013
6.063,-0.004660649228039817
6.064,-0.004660649228039817
6.065,0.013819589691670428
6.066,-0.019444840363808013
6.067,0.00642749412378633
6.068,-0.0009646014440977679
6.069,-0.004660649228039817
6.07,-0.03053298371563416
6.071,-0.0009646014440977679
6.072,-0.008356697011981867
6.073,0.002731446339844281
6.074,-0.008356697011981867
6.075,0.00642749412378633
6.076,0.00642749412378633
6.077,-0.015748792579865965
6.078,-0.004660649228039817
6.079,-0.0009646014440977679
6.08,-0.019444840363808013
6.081,-0.012052744795923914
6.082,-0.008356697011981867
6.083,-0.019444840363808013
6.084,-0.015748792579865965
6.085,0.002731446339844281
6.086,-0.004660649228039817
6.087,-0.008356697011981867
6.088,0.002731446339844281
6.089,-0.015748792579865965
6.09,-0.02683693593169211
6.091,-0.004660649228039817
6.092,0.00642749412378633
6.093,-0.004660649228039817
6.094,-0.004660649228039817
6.095,-0.004660649228039817
6.096,-0.019444840363808013
6.097,-0.012052744795923914
6.098,-0.0009646014440977679
6.099,-0.012052744795923914
6.1,-0.019444840363808013
6.101,-0.0009646014440977679
6.102,-0.02314088814775006
6.103,-0.008356697011981867
6.104,-0.02314088814775006
6.105,-0.004660649228039817
6.106,0.00642749412378633
6.107,-0.015748792579865965
6.108,0.00642749412378633
6.109,0.002731446339844281
6.11,-0.0009646014440977679
6.111,0.028603780827438623
6.112,-0.0009646014440977679
6.113,-0.019444840363808013
6.114,-0.008356697011981867
6.115,-0.008356697011981867
6.116,-0.02314088814775006
6.117,-0.015748792579865965
6.118,0.010123541907728378
6.119,-0.008356697011981867
6.12,-0.008356697011981867
6.121,-0.02683693593169211
6.122,-0.004660649228039817
6.123,-0.012052744795923914
6.124,-0.008356697011981867
6.125,-0.02683693593169211
6.126,-0.015748792579865965
6.127,-0.015748792579865965
6.128,-0.019444840363808013
6.129,-0.008356697011981867
6.13,-0.0009646014440977679
6.131,-0.008356697011981867
6.132,0.00642749412378633
6.133,-0.008356697011981867
6.134,0.021211685259554525
6.135,-0.02683693593169211
6.136,0.002731446339844281
6.137,-0.019444840363808013
6.138,-0.019444840363808013
6.139,-0.012052744795923914
6.14,-0.008356697011981867
6.141,-0.012052744795923914
6.142,0.024907733043496576
6.143,-0.0009646014440977679
6.144,0.021211685259554525
6.145,0.013819589691670428
6.146,-0.004660649228039817
6.147,-0.008356697011981867
6.148,-0.015748792579865965
6.149,0.00642749412378633
6.15,-0.008356697011981867
6.151,-0.02314088814775006
6.152,-0.015748792579865965
6.153,0.00642749412378633
6.154,-0.02314088814775006
6.155,0.013819589691670428
6.156,-0.0009646014440977679
6.157,-0.004660649228039817
6.158,-0.008356697011981867
6.159,-0.0009646014440977679
6.16,0.002731446339844281
6.161,0.021211685259554525
6.162,-0.02314088814775006
6.163,-0.008356697011981867
6.164,-0.004660649228039817
6.165,-0.0009646014440977679
6.166,0.002731446339844281
6.167,-0.02314088814775006
6.168,0.021211685259554525
6.169,0.028603780827438623
6.17,-0.015748792579865965
6.171,-0.008356697011981867
6.172,0.010123541907728378
6.173,-0.004660649228039817
6.174,0.002731446339844281
6.175,-0.02314088814775006
6.176,-0.015748792579865965
6.177,-0.004660649228039817
6.178,-0.0009646014440977679
6.179,-0.019444840363808013
6.18,0.013819589691670428
6.181,0.002731446339844281
6.182,0.002731446339844281
6.183,0.00642749412378633
6.184,0.00642749412378633
6.185,-0.004660649228039817
6.186,-0.019444840363808013
6.187,0.010123541907728378
6.188,-0.004660649228039817
6.189,0.013819589691670428
6.19,-0.015748792579865965
6.191,-0.012052744795923914
6.192,-0.03053298371563416
6.193,-0.019444840363808013
6.194,0.002731446339844281
6.195,-0.015748792579865965
6.196,0.028603780827438623
6.197,0.013819589691670428
6.198,-0.008356697011981867
6.199,-0.0009646014440977679
6.2,-0.019444840363808013
6.201,0.010123541907728378
6.202,-0.03053298371563416
6.203,0.00642749412378633
6.204,0.00642749412378633
6.205,-0.012052744795923914
6.206,-0.015748792579865965
6.207,-0.012052744795923914
6.208,0.03599587639532272
6.209,-0.004660649228039817
6.21,-0.015748792579865965
6.211,-0.019444840363808013
6.212,0.00642749412378633
6.213,0.010123541907728378
6.214,-0.019444840363808013
6.215,-0.008356697011981867
6.216,0.013819589691670428
6.217,-0.008356697011981867
6.218,0.002731446339844281
6.219,-0.0009646014440977679
6.22,-0.0009646014440977679
6.221,-0.0009646014440977679
6.222,-0.012052744795923914
6.223,-0.019444840363808013
6.224,-0.03422903149957621
6.225,-0.004660649228039817
6.226,0.002731446339844281
6.227,-0.015748792579865965
6.228,0.017515637475612477
6.229,-0.004660649228039817
6.23,0.010123541907728378
6.231,0.010123541907728378
6.232,-0.012052744795923914
6.233,-0.015748792579865965
6.234,-0.012052744795923914
6.235,0.00642749412378633
6.236,-0.004660649228039817
6.237,-0.015748792579865965
6.238,-0.008356697011981867
6.239,-0.012052744795923914
6.24,0.00642749412378633
6.241,-0.0009646014440977679
6.242,-0.004660649228039817
6.243,-0.015748792579865965
6.244,0.00642749412378633
6.245,-0.015748792579865965
6.246,-0.0009646014440977679
6.247,0.010123541907728378
6.248,-0.004660649228039817
6.249,-0.02314088814775006
6.25,-0.004660649228039817
6.251,0.002731446339844281
6.252,-0.015748792579865965
6.253,-0.004660649228039817
6.254,0.002731446339844281
6.255,-0.015748792579865965
6.256,-0.0009646014440977679
6.257,-0.012052744795923914
6.258,-0.019444840363808013
6.259,-0.012052744795923914
6.26,-0.012052744795923914
6.261,-0.015748792579865965
6.262,-0.008356697011981867
6.263,0.010123541907728378
6.264,0.002731446339844281
6.265,-0.012052744795923914
6.266,-0.015748792579865965
6.267,-0.03053298371563416
6.268,0.00642749412378633
6.269,0.002731446339844281
6.27,-0.0009646014440977679
6.271,-0.02314088814775006
6.272,-0.019444840363808013
6.273,0.002731446339844281
6.274,-0.03053298371563416
6.275,-0.012052744795923914
6.276,-0.015748792579865965
6.277,0.010123541907728378
6.278,-0.015748792579865965
6.279,-0.02683693593169211
6.28,-0.004660649228039817
6.281,-0.019444840363808013
6.282,0.013819589691670428
6.283,-0.015748792579865965
6.284,-0.02683693593169211
6.285,-0.0009646014440977679
6.286,0.00642749412378633
6.287,-0.004660649228039817
6.288,-0.0009646014440977679
6.289,0.00642749412378633
6.29,0.002731446339844281
6.291,0.002731446339844281
6.292,-0.019444840363808013
6.293,-0.04162112706746031
6.294,-0.012052744795923914
6.295,0.017515637475612477
6.296,-0.02314088814775006
6.297,0.002731446339844281
6.298,-0.015748792579865965
6.299,-0.0009646014440977679
6.3,-0.02314088814775006
6.301,-0.012052744795923914
6.302,-0.015748792579865965
6.303,0.00642749412378633
6.304,0.002731446339844281
6.305,-0.02683693593169211
6.306,-0.019444840363808013
6.307,-0.004660649228039817
6.308,-0.008356697011981867
6.309,-0.004660649228039817
6.31,-0.008356697011981867
6.311,0.002731446339844281
6.312,0.013819589691670428
6.313,-0.012052744795923914
6.314,-0.019444840363808013
6.315,-0.02314088814775006
6.316,0.002731446339844281
6.317,-0.008356697011981867
6.318,-0.008356697011981867
6.319,0.002731446339844281
6.32,0.010123541907728378
6.321,-0.0009646014440977679
6.322,-0.008356697011981867
6.323,0.002731446339844281
6.324,-0.012052744795923914
6.325,-0.012052744795923914
6.326,-0.012052744795923914
6.327,-0.004660649228039817
6.328,-0.019444840363808013
6.329,0.00642749412378633
6.33,-0.015748792579865965
6.331,-0.012052744795923914
6.332,-0.02314088814775006
6.333,0.002731446339844281
6.334,-0.004660649228039817
6.335,-0.0009646014440977679
6.336,-0.004660649228039817
6.337,-0.0009646014440977679
6.338,0.00642749412378633
6.339,-0.0009646014440977679
6.34,-0.03422903149957621
6.341,0.00642749412378633
6.342,-0.008356697011981867
6.343,-0.015748792579865965
6.344,-0.02683693593169211
6.345,0.00642749412378633
6.346,-0.004660649228039817
6.347,0.010123541907728378
6.348,0.002731446339844281
6.349,-0.012052744795923914
6.35,-0.012052744795923914
6.351,-0.019444840363808013
6.352,-0.03792507928351826
6.353,-0.03422903149957621
6.354,-0.012052744795923914
6.355,-0.012052744795923914
6.356,0.002731446339844281
6.357,0.002731446339844281
6.358,-0.015748792579865965
6.359,0.00642749412378633
6.36,-0.004660649228039817
6.361,0.002731446339844281
6.362,0.002731446339844281
6.363,-0.008356697011981867
6.364,-0.015748792579865965
6.365,0.002731446339844281
6.366,-0.012052744795923914
6.367,-0.012052744795923914
6.368,-0.004660649228039817
6.369,-0.015748792579865965
6.37,0.002731446339844281
6.371,0.00642749412378633
6.372,-0.015748792579865965
6.373,-0.004660649228039817
6.374,-0.008356697011981867
6.375,-0.015748792579865965
6.376,-0.015748792579865965
6.377,0.00642749412378633
6.378,-0.02314088814775006
6.379,-0.0009646014440977679
6.38,-0.019444840363808013
6.381,-0.008356697011981867
6.382,-0.019444840363808013
6.383,0.00642749412378633
6.384,-0.004660649228039817
6.385,0.002731446339844281
6.386,-0.02314088814775006
6.387,-0.004660649228039817
6.388,-0.02314088814775006
6.389,-0.015748792579865965
6.39,0.002731446339844281
6.391,-0.02314088814775006
6.392,-0.0009646014440977679
6.393,0.00642749412378633
6.394,-0.004660649228039817
6.395,-0.008356697011981867
6.396,-0.02683693593169211
6.397,-0.02314088814775006
6.398,-0.012052744795923914
6.399,-0.012052744795923914
6.4,-0.004660649228039817
6.401,-0.004660649228039817
6.402,-0.012052744795923914
6.403,-0.02683693593169211
6.404,0.002731446339844281
6.405,-0.019444840363808013
6.406,-0.012052744795923914
6.407,-0.004660649228039817
6.408,-0.02683693593169211
6.409,-0.008356697011981867
6.41,-0.0009646014440977679
6.411,-0.02314088814775006
6.412,0.00642749412378633
6.413,-0.008356697011981867
6.414,-0.015748792579865965
6.415,-0.004660649228039817
6.416,-0.008356697011981867
6.417,-0.015748792579865965
6.418,0.002731446339844281
6.419,0.010123541907728378
6.42,-0.012052744795923914
6.421,-0.02314088814775006
6.422,-0.008356697011981867
6.423,-0.008356697011981867
6.424,-0.008356697011981867
6.425,0.00642749412378633
6.426,-0.0009646014440977679
6.427,-0.004660649228039817
6.428,-0.015748792579865965
6.429,0.002731446339844281
6.43,-0.019444840363808013
6.431,-0.004660649228039817
6.432,-0.015748792579865965
6.433,-0.004660649228039817
6.434,-0.004660649228039817
6.435,0.00642749412378633
6.436,-0.012052744795923914
6.437,-0.012052744795923914
6.438,-0.012052744795923914
6.439,-0.004660649228039817
6.44,-0.008356697011981867
6.441,-0.02314088814775006
6.442,-0.019444840363808013
6.443,-0.004660649228039817
6.444,-0.02314088814775006
6.445,0.002731446339844281
6.446,-0.02314088814775006
6.447,-0.015748792579865965
6.448,-0.004660649228039817
6.449,0.002731446339844281
6.45,-0.02314088814775006
6.451,-0.03053298371563416
6.452,0.002731446339844281
6.453,-0.0009646014440977679
6.454,0.00642749412378633
6.455,-0.008356697011981867
6.456,-0.008356697011981867
6.457,-0.004660649228039817
6.458,-0.019444840363808013
6.459,0.00642749412378633
6.46,-0.03792507928351826
6.461,-0.004660649228039817
6.462,-0.02683693593169211
6.463,-0.012052744795923914
6.464,-0.015748792579865965
6.465,0.021211685259554525
6.466,0.00642749412378633
6.467,0.00642749412378633
6.468,-0.004660649228039817
6.469,-0.015748792579865965
6.47,-0.008356697011981867
6.471,0.002731446339844281
6.472,-0.0009646014440977679
6.473,-0.008356697011981867
6.474,-0.008356697011981867
6.475,-0.03053298371563416
6.476,0.00642749412378633
6.477,-0.015748792579865965
6.478,-0.015748792579865965
6.479,-0.015748792579865965
6.48,-0.004660649228039817
6.481,-0.015748792579865965
6.482,-0.03053298371563416
6.483,0.013819589691670428
6.484,0.010123541907728378
6.485,-0.02314088814775006
6.486,0.002731446339844281
6.487,0.00642749412378633
6.488,-0.008356697011981867
6.489,0.00642749412378633
6.49,-0.015748792579865965
6.491,-0.008356697011981867
6.492,-0.015748792579865965
6.493,-0.0009646014440977679
6.494,-0.008356697011981867
6.495,-0.008356697011981867
6.496,0.002731446339844281
6.497,-0.004660649228039817
6.498,-0.004660649228039817
6.499,-0.008356697011981867
6.5,-0.008356697011981867
6.501,-0.004660649228039817
6.502,0.013819589691670428
6.503,-0.0009646014440977679
6.504,0.00642749412378633
6.505,0.013819589691670428
6.506,-0.0009646014440977679
6.507,-0.03422903149957621
6.508,-0.012052744795923914
6.509,-0.012052744795923914
6.51,-0.012052744795923914
6.511,-0.019444840363808013
6.512,-0.008356697011981867
6.513,-0.019444840363808013
6.514,0.010123541907728378
6.515,0.00642749412378633
6.516,-0.008356697011981867
6.517,-0.008356697011981867
6.518,-0.012052744795923914
6.519,-0.008356697011981867
6.52,0.010123541907728378
6.521,0.002731446339844281
6.522,0.002731446339844281
6.523,0.002731446339844281
6.524,-0.0009646014440977679
6.525,0.017515637475612477
6.526,-0.012052744795923914
6.527,-0.019444840363808013
6.528,-0.004660649228039817
6.529,0.010123541907728378
6.53,-0.012052744795923914
6.531,-0.008356697011981867
6.532,0.013819589691670428
6.533,-0.012052744795923914
6.534,0.00642749412378633
6.535,-0.03422903149957621
6.536,-0.03053298371563416
6.537,-0.004660649228039817
6.538,-0.008356697011981867
6.539,-0.0009646014440977679
6.54,-0.012052744795923914
6.541,-0.019444840363808013
6.542,0.00642749412378633
6.543,-0.019444840363808013
6.544,-0.0009646014440977679
6.545,-0.0009646014440977679
6.546,0.021211685259554525
6.547,0.002731446339844281
6.548,-0.012052744795923914
6.549,-0.004660649228039817
6.55,-0.0009646014440977679
6.551,-0.012052744795923914
6.552,0.024907733043496576
6.553,0.00642749412378633
6.554,0.002731446339844281
6.555,-0.012052744795923914
6.556,0.00642749412378633
6.557,-0.012052744795923914
6.558,-0.012052744795923914
6.559,0.002731446339844281
6.56,-0.008356697011981867
6.561,-0.015748792579865965
6.562,-0.008356697011981867
6.563,-0.012052744795923914
6.564,-0.004660649228039817
6.565,-0.008356697011981867
6.566,-0.0009646014440977679
6.567,-0.015748792579865965
6.568,0.010123541907728378
6.569,0.002731446339844281
6.57,-0.008356697011981867
6.571,-0.012052744795923914
6.572,-0.012052744795923914
6.573,-0.008356697011981867
6.574,0.010123541907728378
6.575,-0.004660649228039817
6.576,0.010123541907728378
6.577,-0.012052744795923914
6.578,-0.0009646014440977679
6.579,-0.004660649228039817
6.58,-0.03053298371563416
6.581,-0.019444840363808013
6.582,-0.004660649228039817
6.583,0.00642749412378633
6.584,0.024907733043496576
6.585,-0.03792507928351826
6.586,-0.008356697011981867
6.587,-0.008356697011981867
6.588,-0.015748792579865965
6.589,-0.0009646014440977679
6.59,-0.004660649228039817
6.591,-0.008356697011981867
6.592,-0.04531717485140235
6.593,-0.012052744795923914
6.594,-0.004660649228039817
6.595,0.00642749412378633
6.596,0.010123541907728378
6.597,-0.0009646014440977679
6.598,-0.02314088814775006
6.599,-0.012052744795923914
6.6,0.002731446339844281
6.601,-0.02314088814775006
6.602,0.00642749412378633
6.603,-0.02683693593169211
6.604,-0.0009646014440977679
6.605,0.00642749412378633
6.606,-0.008356697011981867
6.607,-0.02314088814775006
6.608,-0.004660649228039817
6.609,-0.0009646014440977679
6.61,-0.0009646014440977679
6.611,0.013819589691670428
6.612,0.021211685259554525
6.613,-0.012052744795923914
6.614,-0.004660649228039817
6.615,-0.015748792579865965
6.616,-0.008356697011981867
6.617,-0.019444840363808013
6.618,-0.004660649228039817
6.619,0.021211685259554525
6.62,0.002731446339844281
6.621,-0.008356697011981867
6.622,0.00642749412378633
6.623,-0.012052744795923914
6.624,-0.008356697011981867
6.625,0.017515637475612477
6.626,-0.012052744795923914
6.627,-0.015748792579865965
6.628,-0.008356697011981867
6.629,-0.008356697011981867
6.63,-0.012052744795923914
6.631,-0.004660649228039817
6.632,-0.02314088814775006
6.633,0.013819589691670428
6.634,-0.004660649228039817
6.635,0.013819589691670428
6.636,-0.008356697011981867
6.637,-0.012052744795923914
6.638,-0.0009646014440977679
6.639,-0.0009646014440977679
6.64,0.00642749412378633
6.641,-0.019444840363808013
6.642,-0.015748792579865965
6.643,0.00642749412378633
6.644,-0.0009646014440977679
6.645,-0.004660649228039817
6.646,-0.008356697011981867
6.647,0.010123541907728378
6.648,-0.012052744795923914
6.649,-0.004660649228039817
6.65,-0.02314088814775006
6.651,-0.004660649228039817
6.652,-0.012052744795923914
6.653,0.00642749412378633
6.654,0.002731446339844281
6.655,-0.008356697011981867
6.656,-0.012052744795923914
6.657,-0.02314088814775006
6.658,-0.004660649228039817
6.659,-0.02314088814775006
6.66,-0.0009646014440977679
6.661,0.021211685259554525
6.662,-0.008356697011981867
6.663,0.002731446339844281
6.664,-0.02314088814775006
6.665,-0.004660649228039817
6.666,-0.02314088814775006
6.667,-0.015748792579865965
6.668,-0.008356697011981867
6.669,-0.02314088814775006
6.67,-0.015748792579865965
6.671,-0.004660649228039817
6.672,-0.012052744795923914
6.673,-0.004660649228039817
6.674,-0.019444840363808013
6.675,-0.02314088814775006
6.676,-0.004660649228039817
6.677,0.013819589691670428
6.678,-0.0009646014440977679
6.679,-0.0009646014440977679
6.68,-0.008356697011981867
6.681,-0.012052744795923914
6.682,-0.004660649228039817
6.683,-0.0009646014440977679
6.684,0.017515637475612477
6.685,-0.0009646014440977679
6.686,-0.02314088814775006
6.687,0.002731446339844281
6.688,-0.015748792579865965
6.689,0.002731446339844281
6.69,-0.008356697011981867
6.691,0.00642749412378633
6.692,-0.012052744795923914
6.693,-0.004660649228039817
6.694,-0.008356697011981867
6.695,-0.012052744795923914
6.696,-0.019444840363808013
6.697,-0.0009646014440977679
6.698,-0.03053298371563416
6.699,-0.019444840363808013
6.7,-0.008356697011981867
6.701,-0.004660649228039817
6.702,-0.008356697011981867
6.703,-0.012052744795923914
6.704,0.010123541907728378
6.705,0.00642749412378633
6.706,-0.012052744795923914
6.707,-0.019444840363808013
6.708,-0.0009646014440977679
6.709,-0.012052744795923914
6.71,-0.02314088814775006
6.711,-0.02314088814775006
6.712,-0.012052744795923914
6.713,-0.0009646014440977679
6.714,-0.012052744795923914
6.715,-0.015748792579865965
6.716,-0.015748792579865965
6.717,0.013819589691670428
6.718,0.013819589691670428
6.719,0.002731446339844281
6.72,-0.015748792579865965
6.721,0.03229982861138067
6.722,-0.008356697011981867
6.723,-0.008356697011981867
6.724,0.002731446339844281
6.725,-0.008356697011981867
6.726,0.002731446339844281
6.727,-0.012052744795923914
6.728,-0.004660649228039817
6.729,-0.02314088814775006
6.73,-0.02314088814775006
6.731,-0.019444840363808013
6.732,-0.008356697011981867
6.733,-0.02314088814775006
6.734,-0.012052744795923914
6.735,-0.012052744795923914
6.736,-0.008356697011981867
6.737,-0.004660649228039817
6.738,0.013819589691670428
6.739,-0.008356697011981867
6.74,-0.008356697011981867
6.741,0.017515637475612477
6.742,-0.004660649228039817
6.743,0.010123541907728378
6.744,-0.004660649228039817
6.745,-0.008356697011981867
6.746,0.013819589691670428
6.747,-0.008356697011981867
6.748,-0.004660649228039817
6.749,-0.004660649228039817
6.75,0.010123541907728378
6.751,0.00642749412378633
6.752,-0.019444840363808013
6.753,-0.012052744795923914
6.754,-0.015748792579865965
6.755,-0.008356697011981867
6.756,-0.019444840363808013
6.757,0.002731446339844281
6.758,-0.0009646014440977679
6.759,0.002731446339844281
6.76,-0.004660649228039817
6.761,-0.008356697011981867
6.762,-0.008356697011981867
6.763,-0.004660649228039817
6.764,-0.008356697011981867
6.765,0.002731446339844281
6.766,-0.02683693593169211
6.767,0.002731446339844281
6.768,-0.0009646014440977679
6.769,-0.008356697011981867
6.77,0.00642749412378633
6.771,-0.015748792579865965
6.772,-0.015748792579865965
6.773,-0.015748792579865965
6.774,0.010123541907728378
6.775,-0.015748792579865965
6.776,-0.015748792579865965
6.777,-0.008356697011981867
6.778,-0.03422903149957621
6.779,-0.0009646014440977679
6.78,0.002731446339844281
6.781,-0.004660649228039817
6.782,0.013819589691670428
6.783,-0.008356697011981867
6.784,-0.02314088814775006
6.785,-0.008356697011981867
6.786,0.013819589691670428
6.787,-0.0009646014440977679
6.788,-0.0009646014440977679
6.789,-0.019444840363808013
6.79,0.010123541907728378
6.791,0.00642749412378633
6.792,-0.02314088814775006
6.793,-0.004660649228039817
6.794,0.013819589691670428
6.795,0.00642749412378633
6.796,-0.015748792579865965
6.797,-0.02683693593169211
6.798,0.010123541907728378
6.799,-0.019444840363808013
6.8,-0.019444840363808013
6.801,-0.008356697011981867
6.802,-0.008356697011981867
6.803,0.013819589691670428
6.804,0.00642749412378633
6.805,-0.004660649228039817
6.806,-0.02683693593169211
6.807,-0.0009646014440977679
6.808,0.00642749412378633
6.809,-0.015748792579865965
6.81,-0.012052744795923914
6.811,-0.0009646014440977679
6.812,0.021211685259554525
6.813,0.00642749412378633
6.814,-0.004660649228039817
6.815,0.002731446339844281
6.816,-0.008356697011981867
6.817,-0.012052744795923914
6.818,0.010123541907728378
6.819,0.00642749412378633
6.82,-0.004660649228039817
6.821,-0.019444840363808013
6.822,-0.012052744795923914
6.823,-0.008356697011981867
6.824,-0.015748792579865965
6.825,-0.004660649228039817
6.826,-0.015748792579865965
6.827,-0.02314088814775006
6.828,-0.019444840363808013
6.829,-0.02314088814775006
6.83,-0.0009646014440977679
6.831,-0.0009646014440977679
6.832,-0.004660649228039817
6.833,0.024907733043496576
6.834,0.002731446339844281
6.835,-0.012052744795923914
6.836,-0.012052744795923914
6.837,-0.03422903149957621
6.838,-0.019444840363808013
6.839,-0.008356697011981867
6.84,0.002731446339844281
6.841,-0.015748792579865965
6.842,-0.0009646014440977679
6.843,-0.008356697011981867
6.844,-0.004660649228039817
6.845,-0.0009646014440977679
6.846,0.010123541907728378
6.847,-0.0009646014440977679
6.848,-0.0009646014440977679
6.849,-0.019444840363808013
6.85,-0.012052744795923914
6.851,-0.015748792579865965
6.852,-0.012052744795923914
6.853,-0.015748792579865965
6.854,-0.008356697011981867
6.855,-0.019444840363808013
6.856,-0.015748792579865965
6.857,-0.03422903149957621
6.858,-0.02314088814775006
6.859,-0.004660649228039817
6.86,-0.008356697011981867
6.861,-0.008356697011981867
6.862,-0.012052744795923914
6.863,0.002731446339844281
6.864,-0.008356697011981867
6.865,-0.012052744795923914
6.866,0.013819589691670428
6.867,-0.02314088814775006
6.868,-0.02314088814775006
6.869,0.002731446339844281
6.87,-0.0009646014440977679
6.871,-0.019444840363808013
6.872,-0.019444840363808013
6.873,0.010123541907728378
6.874,-0.015748792579865965
6.875,-0.015748792579865965
6.876,-0.0009646014440977679
6.877,-0.004660649228039817
6.878,-0.019444840363808013
6.879,-0.004660649228039817
6.88,-0.012052744795923914
6.881,-0.012052744795923914
6.882,0.013819589691670428
6.883,-0.008356697011981867
6.884,-0.015748792579865965
6.885,0.00642749412378633
6.886,-0.0009646014440977679
6.887,0.002731446339844281
6.888,-0.008356697011981867
6.889,-0.0009646014440977679
6.89,-0.015748792579865965
6.891,-0.004660649228039817
6.892,-0.012052744795923914
6.893,0.002731446339844281
6.894,-0.0009646014440977679
6.895,0.002731446339844281
6.896,-0.012052744795923914
6.897,0.002731446339844281
6.898,0.00642749412378633
6.899,0.017515637475612477
6.9,-0.0009646014440977679
6.901,-0.015748792579865965
6.902,-0.0009646014440977679
6.903,-0.008356697011981867
6.904,-0.015748792579865965
6.905,0.028603780827438623
6.906,-0.019444840363808013
6.907,-0.008356697011981867
6.908,0.002731446339844281
6.909,-0.0009646014440977679
6.91,-0.012052744795923914
6.911,-0.02314088814775006
6.912,0.00642749412378633
6.913,-0.0009646014440977679
6.914,-0.008356697011981867
6.915,-0.012052744795923914
6.916,0.00642749412378633
6.917,-0.004660649228039817
6.918,-0.004660649228039817
6.919,-0.019444840363808013
6.92,-0.019444840363808013
6.921,-0.008356697011981867
6.922,-0.019444840363808013
6.923,-0.0009646014440977679
6.924,0.00642749412378633
6.925,-0.008356697011981867
6.926,-0.012052744795923914
6.927,0.010123541907728378
6.928,-0.004660649228039817
6.929,-0.019444840363808013
6.93,-0.012052744795923914
6.931,0.010123541907728378
6.932,0.010123541907728378
6.933,-0.012052744795923914
6.934,-0.012052744795923914
6.935,-0.012052744795923914
6.936,0.013819589691670428
6.937,-0.004660649228039817
6.938,0.002731446339844281
6.939,-0.008356697011981867
6.94,0.002731446339844281
6.941,-0.008356697011981867
6.942,-0.0009646014440977679
6.943,0.00642749412378633
6.944,-0.008356697011981867
6.945,-0.008356697011981867
6.946,-0.004660649228039817
6.947,-0.0009646014440977679
6.948,-0.008356697011981867
6.949,0.00642749412378633
6.95,-0.008356697011981867
6.951,0.002731446339844281
6.952,-0.0009646014440977679
6.953,-0.012052744795923914
6.954,-0.0009646014440977679
6.955,-0.015748792579865965
6.956,-0.03422903149957621
6.957,-0.0009646014440977679
6.958,-0.012052744795923914
6.959,-0.02683693593169211
6.96,-0.015748792579865965
6.961,0.002731446339844281
6.962,-0.03422903149957621
6.963,0.002731446339844281
6.964,-0.019444840363808013
6.965,0.002731446339844281
6.966,-0.0009646014440977679
6.967,-0.004660649228039817
6.968,0.00642749412378633
6.969,0.00642749412378633
6.97,-0.0009646014440977679
6.971,-0.015748792579865965
6.972,-0.004660649228039817
6.973,-0.012052744795923914
6.974,-0.02683693593169211
6.975,-0.0009646014440977679
6.976,-0.008356697011981867
6.977,0.013819589691670428
6.978,-0.02314088814775006
6.979,-0.004660649228039817
6.98,-0.008356697011981867
6.981,-0.004660649228039817
6.982,0.010123541907728378
6.983,0.010123541907728378
6.984,-0.015748792579865965
6.985,-0.03422903149957621
6.986,-0.02314088814775006
6.987,0.002731446339844281
6.988,-0.008356697011981867
6.989,-0.008356697011981867
6.99,0.010123541907728378
6.991,-0.0009646014440977679
6.992,-0.012052744795923914
6.993,-0.012052744795923914
6.994,-0.004660649228039817
6.995,0.002731446339844281
6.996,-0.008356697011981867
6.997,-0.008356697011981867
6.998,-0.02314088814775006
6.999,-0.008356697011981867
7.0,0.002731446339844281
7.001,-0.015748792579865965
7.002,-0.004660649228039817
7.003,-0.015748792579865965
7.004,-0.004660649228039817
7.005,-0.012052744795923914
7.006,0.00642749412378633
7.007,-0.008356697011981867
7.008,-0.012052744795923914
7.009,-0.008356697011981867
7.01,-0.0009646014440977679
7.011,-0.004660649228039817
7.012,-0.004660649228039817
7.013,-0.008356697011981867
7.014,-0.0009646014440977679
7.015,0.002731446339844281
7.016,-0.0009646014440977679
7.017,-0.015748792579865965
7.018,-0.03053298371563416
7.019,-0.0009646014440977679
7.02,-0.02683693593169211
7.021,-0.008356697011981867
7.022,-0.015748792579865965
7.023,0.00642749412378633
7.024,-0.0009646014440977679
7.025,0.00642749412378633
7.026,-0.02314088814775006
7.027,-0.02314088814775006
7.028,-0.012052744795923914
7.029,-0.015748792579865965
7.03,-0.02683693593169211
7.031,0.013819589691670428
7.032,-0.008356697011981867
7.033,0.010123541907728378
7.034,0.017515637475612477
7.035,-0.004660649228039817
7.036,0.002731446339844281
7.037,-0.008356697011981867
7.038,-0.019444840363808013
7.039,-0.004660649228039817
7.04,-0.02683693593169211
7.041,0.017515637475612477
7.042,0.002731446339844281
7.043,-0.015748792579865965
7.044,-0.004660649228039817
7.045,0.017515637475612477
7.046,0.010123541907728378
7.047,0.010123541907728378
7.048,0.002731446339844281
7.049,0.021211685259554525
7.05,-0.015748792579865965
7.051,-0.0009646014440977679
7.052,-0.02683693593169211
7.053,-0.019444840363808013
7.054,-0.015748792579865965
7.055,-0.015748792579865965
7.056,0.010123541907728378
7.057,-0.019444840363808013
7.058,-0.015748792579865965
7.059,0.00642749412378633
7.06,-0.015748792579865965
7.061,-0.02683693593169211
7.062,-0.008356697011981867
7.063,-0.012052744795923914
7.064,0.017515637475612477
7.065,-0.0009646014440977679
7.066,-0.004660649228039817
7.067,-0.008356697011981867
7.068,0.024907733043496576
7.069,-0.019444840363808013
7.07,-0.004660649228039817
7.071,-0.019444840363808013
7.072,-0.004660649228039817
7.073,0.00642749412378633
7.074,0.00642749412378633
7.075,0.00642749412378633
7.076,-0.012052744795923914
7.077,-0.019444840363808013
7.078,0.002731446339844281
7.079,-0.004660649228039817
7.08,-0.004660649228039817
7.081,-0.008356697011981867
7.082,0.002731446339844281
7.083,0.00642749412378633
7.084,0.002731446339844281
7.085,-0.02683693593169211
7.086,-0.012052744795923914
7.087,0.00642749412378633
7.088,-0.0009646014440977679
7.089,0.021211685259554525
7.09,-0.008356697011981867
7.091,-0.012052744795923914
7.092,-0.004660649228039817
7.093,-0.004660649228039817
7.094,-0.008356697011981867
7.095,-0.02683693593169211
7.096,-0.008356697011981867
7.097,-0.0009646014440977679
7.098,-0.015748792579865965
7.099,-0.012052744795923914
7.1,0.002731446339844281
7.101,-0.008356697011981867
7.102,-0.019444840363808013
7.103,-0.008356697011981867
7.104,0.002731446339844281
7.105,0.00642749412378633
7.106,-0.008356697011981867
7.107,-0.012052744795923914
7.108,-0.015748792579865965
7.109,-0.0009646014440977679
7.11,-0.008356697011981867
7.111,0.002731446339844281
7.112,-0.02314088814775006
7.113,-0.008356697011981867
7.114,-0.03792507928351826
7.115,-0.015748792579865965
7.116,-0.0009646014440977679
7.117,-0.012052744795923914
7.118,-0.004660649228039817
7.119,-0.008356697011981867
7.12,-0.008356697011981867
7.121,-0.012052744795923914
7.122,-0.008356697011981867
7.123,-0.008356697011981867
7.124,-0.0009646014440977679
7.125,0.002731446339844281
7.126,-0.012052744795923914
7.127,-0.0009646014440977679
7.128,-0.03053298371563416
7.129,-0.012052744795923914
7.13,0.00642749412378633
7.131,-0.0009646014440977679
7.132,-0.004660649228039817
7.133,-0.0009646014440977679
7.134,-0.004660649228039817
7.135,-0.02683693593169211
7.136,-0.004660649228039817
7.137,0.013819589691670428
7.138,-0.0009646014440977679
7.139,-0.02683693593169211
7.14,-0.008356697011981867
7.141,-0.004660649228039817
7.142,-0.008356697011981867
7.143,-0.03053298371563416
7.144,-0.008356697011981867
7.145,0.013819589691670428
7.146,-0.012052744795923914
7.147,-0.008356697011981867
7.148,0.002731446339844281
7.149,-0.02314088814775006
7.15,-0.0009646014440977679
7.151,-0.0009646014440977679
7.152,-0.02683693593169211
7.153,0.002731446339844281
7.154,-0.015748792579865965
7.155,-0.015748792579865965
7.156,-0.004660649228039817
7.157,-0.019444840363808013
7.158,-0.015748792579865965
7.159,-0.008356697011981867
7.16,-0.004660649228039817
7.161,-0.02314088814775006
7.162,-0.008356697011981867
7.163,-0.008356697011981867
7.164,-0.0009646014440977679
7.165,-0.008356697011981867
7.166,-0.012052744795923914
7.167,-0.012052744795923914
7.168,-0.015748792579865965
7.169,-0.015748792579865965
7.17,-0.004660649228039817
7.171,-0.0009646014440977679
7.172,-0.004660649228039817
7.173,-0.012052744795923914
7.174,-0.015748792579865965
7.175,-0.015748792579865965
7.176,-0.0009646014440977679
7.177,-0.012052744795923914
7.178,-0.0009646014440977679
7.179,-0.012052744795923914
7.18,-0.0009646014440977679
7.181,-0.008356697011981867
7.182,-0.0009646014440977679
7.183,0.00642749412378633
7.184,0.002731446339844281
7.185,0.00642749412378633
7.186,-0.0009646014440977679
7.187,-0.0009646014440977679
7.188,-0.012052744795923914
7.189,0.002731446339844281
7.19,-0.004660649228039817
7.191,0.00642749412378633
7.192,-0.015748792579865965
7.193,-0.008356697011981867
7.194,0.00642749412378633
7.195,-0.0009646014440977679
7.196,0.00642749412378633
7.197,-0.015748792579865965
7.198,0.002731446339844281
7.199,-0.012052744795923914
7.2,-0.008356697011981867
7.201,0.00642749412378633
7.202,-0.012052744795923914
7.203,0.00642749412378633
7.204,0.00642749412378633
7.205,-0.008356697011981867
7.206,-0.019444840363808013
7.207,0.00642749412378633
7.208,-0.02683693593169211
7.209,-0.03792507928351826
7.21,0.010123541907728378
7.211,-0.004660649228039817
7.212,-0.004660649228039817
7.213,-0.012052744795923914
7.214,-0.004660649228039817
7.215,-0.008356697011981867
7.216,-0.019444840363808013
7.217,-0.015748792579865965
7.218,-0.015748792579865965
7.219,-0.0009646014440977679
7.22,-0.012052744795923914
7.221,-0.019444840363808013
7.222,-0.0009646014440977679
7.223,0.002731446339844281
7.224,-0.02314088814775006
7.225,-0.008356697011981867
7.226,-0.019444840363808013
7.227,0.013819589691670428
7.228,-0.004660649228039817
7.229,0.00642749412378633
7.23,-0.019444840363808013
7.231,0.010123541907728378
7.232,-0.008356697011981867
7.233,-0.02314088814775006
7.234,-0.008356697011981867
7.235,-0.0009646014440977679
7.236,-0.019444840363808013
7.237,-0.015748792579865965
7.238,-0.015748792579865965
7.239,-0.0009646014440977679
7.24,0.00642749412378633
7.241,-0.03053298371563416
7.242,-0.015748792579865965
7.243,-0.004660649228039817
7.244,-0.012052744795923914
7.245,-0.004660649228039817
7.246,-0.019444840363808013
7.247,-0.008356697011981867
7.248,-0.008356697011981867
7.249,-0.008356697011981867
7.25,-0.015748792579865965
7.251,-0.012052744795923914
7.252,0.00642749412378633
7.253,0.010123541907728378
7.254,-0.012052744795923914
7.255,-0.015748792579865965
7.256,-0.02314088814775006
7.257,-0.019444840363808013
7.258,0.00642749412378633
7.259,0.002731446339844281
7.26,-0.015748792579865965
7.261,-0.012052744795923914
7.262,-0.012052744795923914
7.263,-0.012052744795923914
7.264,-0.008356697011981867
7.265,0.00642749412378633
7.266,-0.019444840363808013
7.267,-0.015748792579865965
7.268,-0.0009646014440977679
7.269,-0.0009646014440977679
7.27,-0.012052744795923914
7.271,0.002731446339844281
7.272,-0.012052744795923914
7.273,-0.019444840363808013
7.274,-0.019444840363808013
7.275,0.013819589691670428
7.276,0.013819589691670428
7.277,-0.008356697011981867
7.278,0.002731446339844281
7.279,0.00642749412378633
7.28,-0.004660649228039817
7.281,0.002731446339844281
7.282,-0.0009646014440977679
7.283,0.002731446339844281
7.284,-0.03053298371563416
7.285,-0.0009646014440977679
7.286,-0.012052744795923914
7.287,-0.004660649228039817
7.288,-0.015748792579865965
7.289,-0.008356697011981867
7.29,-0.019444840363808013
7.291,-0.012052744795923914
7.292,-0.0009646014440977679
7.293,0.024907733043496576
7.294,-0.019444840363808013
7.295,0.002731446339844281
7.296,-0.0009646014440977679
7.297,-0.004660649228039817
7.298,-0.0009646014440977679
7.299,-0.008356697011981867
7.3,-0.015748792579865965
7.301,-0.004660649228039817
7.302,-0.004660649228039817
7.303,-0.015748792579865965
7.304,0.002731446339844281
7.305,-0.0009646014440977679
7.306,-0.02314088814775006
7.307,-0.0009646014440977679
7.308,-0.004660649228039817
7.309,-0.0009646014440977679
7.31,0.013819589691670428
7.311,-0.004660649228039817
7.312,-0.012052744795923914
7.313,-0.012052744795923914
7.314,0.002731446339844281
7.315,0.010123541907728378
7.316,-0.02314088814775006
7.317,-0.008356697011981867
7.318,0.002731446339844281
7.319,-0.008356697011981867
7.32,-0.004660649228039817
7.321,-0.0009646014440977679
7.322,-0.008356697011981867
7.323,-0.008356697011981867
7.324,-0.0009646014440977679
7.325,-0.015748792579865965
7.326,0.013819589691670428
7.327,-0.012052744795923914
7.328,-0.0009646014440977679
7.329,-0.004660649228039817
7.33,-0.019444840363808013
7.331,-0.03053298371563416
7.332,-0.015748792579865965
7.333,-0.019444840363808013
7.334,-0.015748792579865965
7.335,0.002731446339844281
7.336,0.00642749412378633
7.337,-0.0009646014440977679
7.338,-0.02683693593169211
7.339,-0.019444840363808013
7.34,-0.008356697011981867
7.341,-0.012052744795923914
7.342,0.00642749412378633
7.343,-0.012052744795923914
7.344,-0.0009646014440977679
7.345,-0.019444840363808013
7.346,-0.008356697011981867
7.347,-0.004660649228039817
7.348,-0.008356697011981867
7.349,0.013819589691670428
7.35,0.00642749412378633
7.351,0.00642749412378633
7.352,-0.008356697011981867
7.353,0.002731446339844281
7.354,0.002731446339844281
7.355,-0.019444840363808013
7.356,-0.004660649228039817
7.357,-0.02683693593169211
7.358,-0.015748792579865965
7.359,0.00642749412378633
7.36,-0.0009646014440977679
7.361,-0.0009646014440977679
7.362,-0.0009646014440977679
7.363,-0.004660649228039817
7.364,0.013819589691670428
7.365,-0.012052744795923914
7.366,0.010123541907728378
7.367,-0.004660649228039817
7.368,-0.0009646014440977679
7.369,-0.012052744795923914
7.37,0.00642749412378633
7.371,-0.03422903149957621
7.372,0.002731446339844281
7.373,-0.03422903149957621
7.374,-0.008356697011981867
7.375,-0.008356697011981867
7.376,-0.004660649228039817
7.377,0.00642749412378633
7.378,-0.008356697011981867
7.379,-0.004660649228039817
7.38,-0.02683693593169211
7.381,0.002731446339844281
7.382,0.00642749412378633
7.383,-0.0009646014440977679
7.384,-0.008356697011981867
7.385,-0.012052744795923914
7.386,-0.0009646014440977679
7.387,-0.0009646014440977679
7.388,-0.019444840363808013
7.389,-0.008356697011981867
7.39,-0.008356697011981867
7.391,0.028603780827438623
7.392,-0.0009646014440977679
7.393,-0.008356697011981867
7.394,0.010123541907728378
7.395,0.013819589691670428
7.396,0.00642749412378633
7.397,0.00642749412378633
7.398,-0.019444840363808013
7.399,-0.02683693593169211
7.4,-0.02314088814775006
7.401,-0.015748792579865965
7.402,-0.019444840363808013
7.403,-0.015748792579865965
7.404,-0.02683693593169211
7.405,-0.02314088814775006
7.406,0.013819589691670428
7.407,-0.004660649228039817
7.408,-0.004660649228039817
7.409,-0.02683693593169211
7.41,0.002731446339844281
7.411,-0.03422903149957621
7.412,0.00642749412378633
7.413,-0.004660649228039817
7.414,-0.012052744795923914
7.415,-0.008356697011981867
7.416,-0.02683693593169211
7.417,-0.004660649228039817
7.418,0.002731446339844281
7.419,0.002731446339844281
7.42,-0.015748792579865965
7.421,0.002731446339844281
7.422,-0.008356697011981867
7.423,0.002731446339844281
7.424,0.00642749412378633
7.425,0.00642749412378633
7.426,-0.015748792579865965
7.427,-0.0009646014440977679
7.428,-0.019444840363808013
7.429,-0.02683693593169211
7.43,-0.0009646014440977679
7.431,-0.004660649228039817
7.432,-0.02314088814775006
7.433,-0.008356697011981867
7.434,-0.03422903149957621
7.435,-0.019444840363808013
7.436,-0.008356697011981867
7.437,-0.02314088814775006
7.438,-0.015748792579865965
7.439,0.013819589691670428
7.44,-0.012052744795923914
7.441,-0.02314088814775006
7.442,-0.02314088814775006
7.443,0.00642749412378633
7.444,0.010123541907728378
7.445,0.010123541907728378
7.446,-0.008356697011981867
7.447,-0.019444840363808013
7.448,-0.0009646014440977679
7.449,-0.0009646014440977679
7.45,-0.012052744795923914
7.451,0.002731446339844281
7.452,0.017515637475612477
7.453,-0.015748792579865965
7.454,-0.019444840363808013
7.455,-0.0009646014440977679
7.456,-0.015748792579865965
7.457,0.002731446339844281
7.458,-0.004660649228039817
7.459,-0.015748792579865965
7.46,-0.012052744795923914
7.461,0.00642749412378633
7.462,-0.008356697011981867
7.463,0.002731446339844281
7.464,-0.015748792579865965
7.465,0.010123541907728378
7.466,0.010123541907728378
7.467,0.00642749412378633
7.468,-0.04162112706746031
7.469,0.002731446339844281
7.47,-0.008356697011981867
7.471,-0.03053298371563416
7.472,0.002731446339844281
7.473,-0.008356697011981867
7.474,-0.012052744795923914
7.475,-0.0009646014440977679
7.476,-0.012052744795923914
7.477,-0.02314088814775006
7.478,-0.02314088814775006
7.479,-0.02314088814775006
7.48,0.028603780827438623
7.481,-0.03053298371563416
7.482,-0.0009646014440977679
7.483,-0.004660649228039817
7.484,0.00642749412378633
7.485,-0.004660649228039817
7.486,0.013819589691670428
7.487,-0.015748792579865965
7.488,-0.0009646014440977679
7.489,-0.004660649228039817
7.49,-0.019444840363808013
7.491,-0.012052744795923914
7.492,0.002731446339844281
7.493,-0.008356697011981867
7.494,-0.03053298371563416
7.495,-0.012052744795923914
7.496,-0.019444840363808013
7.497,-0.019444840363808013
7.498,-0.0009646014440977679
7.499,-0.008356697011981867
7.5,-0.015748792579865965
7.501,-0.019444840363808013
7.502,-0.008356697011981867
7.503,0.002731446339844281
7.504,-0.012052744795923914
7.505,-0.008356697011981867
7.506,-0.008356697011981867
7.507,-0.0009646014440977679
7.508,0.010123541907728378
7.509,-0.008356697011981867
7.51,0.002731446339844281
7.511,0.00642749412378633
7.512,-0.0009646014440977679
7.513,0.010123541907728378
7.514,0.002731446339844281
7.515,-0.012052744795923914
7.516,0.00642749412378633
7.517,-0.015748792579865965
7.518,-0.012052744795923914
7.519,0.00642749412378633
7.52,-0.008356697011981867
7.521,-0.019444840363808013
7.522,0.00642749412378633
7.523,-0.015748792579865965
7.524,0.00642749412378633
7.525,-0.012052744795923914
7.526,0.010123541907728378
7.527,-0.012052744795923914
7.528,-0.0009646014440977679
7.529,-0.015748792579865965
7.53,0.017515637475612477
7.531,0.013819589691670428
7.532,-0.012052744795923914
7.533,-0.004660649228039817
7.534,-0.02314088814775006
7.535,-0.004660649228039817
7.536,-0.019444840363808013
7.537,-0.0009646014440977679
7.538,-0.0009646014440977679
7.539,-0.015748792579865965
7.54,-0.004660649228039817
7.541,-0.008356697011981867
7.542,-0.02314088814775006
7.543,-0.008356697011981867
7.544,-0.012052744795923914
7.545,-0.0009646014440977679
7.546,-0.012052744795923914
7.547,-0.019444840363808013
7.548,-0.02683693593169211
7.549,-0.019444840363808013
7.55,-0.015748792579865965
7.551,0.00642749412378633
7.552,-0.012052744795923914
7.553,0.00642749412378633
7.554,-0.0009646014440977679
7.555,-0.012052744795923914
7.556,-0.015748792579865965
7.557,-0.0009646014440977679
7.558,-0.008356697011981867
7.559,-0.03053298371563416
7.56,0.00642749412378633
7.561,-0.008356697011981867
7.562,-0.008356697011981867
7.563,-0.004660649228039817
7.564,-0.004660649228039817
7.565,0.002731446339844281
7.566,-0.012052744795923914
7.567,-0.0009646014440977679
7.568,-0.02683693593169211
7.569,-0.0009646014440977679
7.57,-0.008356697011981867
7.571,-0.015748792579865965
7.572,0.017515637475612477
7.573,-0.004660649228039817
7.574,-0.015748792579865965
7.575,0.010123541907728378
7.576,-0.02683693593169211
7.577,-0.012052744795923914
7.578,-0.015748792579865965
7.579,0.002731446339844281
7.58,-0.015748792579865965
7.581,-0.02314088814775006
7.582,-0.008356697011981867
7.583,-0.008356697011981867
7.584,-0.008356697011981867
7.585,-0.02683693593169211
7.586,-0.0009646014440977679
7.587,-0.019444840363808013
7.588,-0.02314088814775006
7.589,0.010123541907728378
7.59,-0.02314088814775006
7.591,-0.008356697011981867
7.592,-0.004660649228039817
7.593,-0.02314088814775006
7.594,-0.015748792579865965
7.595,0.021211685259554525
7.596,-0.004660649228039817
7.597,0.017515637475612477
7.598,-0.015748792579865965
7.599,-0.03792507928351826
7.6,0.010123541907728378
7.601,0.00642749412378633
7.602,0.00642749412378633
7.603,-0.0009646014440977679
7.604,-0.015748792579865965
7.605,-0.012052744795923914
7.606,0.010123541907728378
7.607,-0.019444840363808013
7.608,0.002731446339844281
7.609,-0.019444840363808013
7.61,0.010123541907728378
7.611,-0.015748792579865965
7.612,-0.03053298371563416
7.613,-0.0009646014440977679
7.614,0.002731446339844281
7.615,-0.008356697011981867
7.616,0.002731446339844281
7.617,-0.0009646014440977679
7.618,-0.02314088814775006
7.619,-0.019444840363808013
7.62,-0.012052744795923914
7.621,0.002731446339844281
7.622,-0.008356697011981867
7.623,-0.008356697011981867
7.624,-0.019444840363808013
7.625,-0.0009646014440977679
7.626,0.017515637475612477
7.627,-0.019444840363808013
7.628,-0.015748792579865965
7.629,-0.012052744795923914
7.63,-0.004660649228039817
7.631,0.024907733043496576
7.632,0.013819589691670428
7.633,-0.02683693593169211
7.634,-0.008356697011981867
7.635,-0.03792507928351826
7.636,-0.02683693593169211
7.637,-0.004660649228039817
7.638,-0.015748792579865965
7.639,-0.02314088814775006
7.64,-0.004660649228039817
7.641,-0.019444840363808013
7.642,0.00642749412378633
7.643,-0.015748792579865965
7.644,0.010123541907728378
7.645,-0.015748792579865965
7.646,-0.0009646014440977679
7.647,-0.015748792579865965
7.648,-0.012052744795923914
7.649,-0.004660649228039817
7.65,-0.0009646014440977679
7.651,0.010123541907728378
7.652,-0.03422903149957621
7.653,-0.004660649228039817
7.654,-0.019444840363808013
7.655,-0.004660649228039817
7.656,-0.02314088814775006
7.657,-0.012052744795923914
7.658,-0.012052744795923914
7.659,-0.012052744795923914
7.66,-0.012052744795923914
7.661,0.010123541907728378
7.662,0.002731446339844281
7.663,-0.03053298371563416
7.664,0.002731446339844281
7.665,-0.008356697011981867
7.666,-0.0009646014440977679
7.667,-0.0009646014440977679
7.668,-0.03053298371563416
7.669,-0.02314088814775006
7.67,-0.004660649228039817
7.671,0.002731446339844281
7.672,-0.0009646014440977679
7.673,-0.0009646014440977679
7.674,-0.0009646014440977679
7.675,-0.008356697011981867
7.676,-0.0009646014440977679
7.677,-0.019444840363808013
7.678,-0.015748792579865965
7.679,0.002731446339844281
7.68,-0.004660649228039817
7.681,-0.012052744795923914
7.682,-0.008356697011981867
7.683,0.013819589691670428
7.684,-0.02314088814775006
7.685,-0.0009646014440977679
7.686,0.002731446339844281
7.687,-0.03422903149957621
7.688,-0.008356697011981867
7.689,-0.004660649228039817
7.69,-0.008356697011981867
7.691,-0.004660649228039817
7.692,-0.004660649228039817
7.693,-0.0009646014440977679
7.694,-0.008356697011981867
7.695,-0.004660649228039817
7.696,-0.008356697011981867
7.697,-0.02314088814775006
7.698,0.010123541907728378
7.699,-0.015748792579865965
7.7,0.002731446339844281
7.701,-0.0009646014440977679
7.702,-0.008356697011981867
7.703,-0.004660649228039817
7.704,-0.0009646014440977679
7.705,-0.0009646014440977679
7.706,-0.015748792579865965
7.707,-0.004660649228039817
7.708,-0.019444840363808013
7.709,-0.012052744795923914
7.71,-0.012052744795923914
7.711,0.013819589691670428
7.712,-0.012052744795923914
7.713,-0.0009646014440977679
7.714,-0.008356697011981867
7.715,-0.0009646014440977679
7.716,-0.004660649228039817
7.717,-0.008356697011981867
7.718,-0.0009646014440977679
7.719,0.021211685259554525
7.72,-0.03053298371563416
7.721,-0.019444840363808013
7.722,0.00642749412378633
7.723,-0.019444840363808013
7.724,0.002731446339844281
7.725,-0.008356697011981867
7.726,-0.0009646014440977679
7.727,-0.004660649228039817
7.728,-0.019444840363808013
7.729,-0.004660649228039817
7.73,-0.004660649228039817
7.731,0.002731446339844281
7.732,-0.008356697011981867
7.733,-0.004660649228039817
7.734,-0.03053298371563416
7.735,-0.008356697011981867
7.736,-0.008356697011981867
7.737,-0.019444840363808013
7.738,0.00642749412378633
7.739,-0.012052744795923914
7.74,0.00642749412378633
7.741,-0.019444840363808013
7.742,0.010123541907728378
7.743,-0.008356697011981867
7.744,-0.019444840363808013
7.745,-0.008356697011981867
7.746,-0.0009646014440977679
7.747,-0.0009646014440977679
7.748,-0.015748792579865965
7.749,0.010123541907728378
7.75,-0.02683693593169211
7.751,-0.02683693593169211
7.752,-0.008356697011981867
7.753,-0.02683693593169211
7.754,-0.004660649228039817
7.755,-0.0009646014440977679
7.756,0.002731446339844281
7.757,0.010123541907728378
7.758,-0.03792507928351826
7.759,0.002731446339844281
7.76,-0.012052744795923914
7.761,-0.0009646014440977679
7.762,-0.03053298371563416
7.763,0.013819589691670428
7.764,-0.012052744795923914
7.765,-0.004660649228039817
7.766,0.013819589691670428
7.767,-0.012052744795923914
7.768,-0.02683693593169211
7.769,-0.012052744795923914
7.77,-0.008356697011981867
7.771,-0.008356697011981867
7.772,-0.004660649228039817
7.773,-0.004660649228039817
7.774,-0.0009646014440977679
7.775,-0.02314088814775006
7.776,0.002731446339844281
7.777,-0.019444840363808013
7.778,-0.019444840363808013
7.779,-0.02314088814775006
7.78,0.002731446339844281
7.781,0.002731446339844281
7.782,0.002731446339844281
7.783,-0.004660649228039817
7.784,-0.019444840363808013
7.785,-0.015748792579865965
7.786,-0.015748792579865965
7.787,-0.015748792579865965
7.788,-0.004660649228039817
7.789,-0.004660649228039817
7.79,-0.012052744795923914
7.791,-0.0009646014440977679
7.792,0.002731446339844281
7.793,-0.019444840363808013
7.794,-0.0009646014440977679
7.795,-0.004660649228039817
7.796,-0.04162112706746031
7.797,-0.004660649228039817
7.798,-0.008356697011981867
7.799,0.010123541907728378
7.8,-0.0009646014440977679
7.801,-0.02314088814775006
7.802,-0.019444840363808013
7.803,-0.0009646014440977679
7.804,-0.02314088814775006
7.805,0.010123541907728378
7.806,0.010123541907728378
7.807,0.00642749412378633
7.808,-0.004660649228039817
7.809,-0.015748792579865965
7.81,-0.03422903149957621
7.811,0.002731446339844281
7.812,-0.019444840363808013
7.813,-0.012052744795923914
7.814,-0.0009646014440977679
7.815,-0.03422903149957621
7.816,-0.0009646014440977679
7.817,-0.015748792579865965
7.818,0.013819589691670428
7.819,-0.004660649228039817
7.82,-0.019444840363808013
7.821,-0.015748792579865965
7.822,-0.03053298371563416
7.823,0.002731446339844281
7.824,-0.012052744795923914
7.825,-0.03053298371563416
7.826,-0.015748792579865965
7.827,-0.012052744795923914
7.828,-0.0009646014440977679
7.829,0.002731446339844281
7.83,-0.008356697011981867
7.831,0.00642749412378633
7.832,-0.015748792579865965
7.833,-0.02683693593169211
7.834,-0.02314088814775006
7.835,-0.012052744795923914
7.836,0.002731446339844281
7.837,-0.019444840363808013
7.838,-0.02314088814775006
7.839,0.017515637475612477
7.84,-0.004660649228039817
7.841,-0.008356697011981867
7.842,0.00642749412378633
7.843,0.00642749412378633
7.844,-0.004660649228039817
7.845,-0.019444840363808013
7.846,-0.015748792579865965
7.847,-0.0009646014440977679
7.848,-0.02314088814775006
7.849,-0.015748792579865965
7.85,-0.015748792579865965
7.851,-0.004660649228039817
7.852,-0.008356697011981867
7.853,-0.019444840363808013
7.854,-0.012052744795923914
7.855,0.00642749412378633
7.856,-0.019444840363808013
7.857,-0.008356697011981867
7.858,-0.012052744795923914
7.859,-0.012052744795923914
7.86,0.010123541907728378
7.861,-0.015748792579865965
7.862,-0.004660649228039817
7.863,-0.015748792579865965
7.864,-0.012052744795923914
7.865,-0.02314088814775006
7.866,-0.012052744795923914
7.867,-0.004660649228039817
7.868,-0.015748792579865965
7.869,-0.008356697011981867
7.87,-0.008356697011981867
7.871,-0.012052744795923914
7.872,0.013819589691670428
7.873,-0.0009646014440977679
7.874,-0.004660649228039817
7.875,-0.03422903149957621
7.876,-0.02683693593169211
7.877,0.013819589691670428
7.878,-0.012052744795923914
7.879,-0.012052744795923914
7.88,-0.012052744795923914
7.881,-0.019444840363808013
7.882,-0.02314088814775006
7.883,0.00642749412378633
7.884,-0.008356697011981867
7.885,-0.004660649228039817
7.886,-0.004660649228039817
7.887,-0.0009646014440977679
7.888,-0.019444840363808013
7.889,-0.02314088814775006
7.89,-0.015748792579865965
7.891,-0.015748792579865965
7.892,0.017515637475612477
7.893,-0.008356697011981867
7.894,0.002731446339844281
7.895,-0.008356697011981867
7.896,-0.015748792579865965
7.897,0.002731446339844281
7.898,0.00642749412378633
7.899,-0.004660649228039817
7.9,-0.004660649228039817
7.901,-0.03792507928351826
7.902,0.017515637475612477
7.903,0.002731446339844281
7.904,-0.004660649228039817
7.905,-0.008356697011981867
7.906,-0.0009646014440977679
7.907,-0.008356697011981867
7.908,-0.008356697011981867
7.909,0.021211685259554525
7.91,0.00642749412378633
7.911,0.002731446339844281
7.912,-0.019444840363808013
7.913,0.00642749412378633
7.914,-0.004660649228039817
7.915,-0.004660649228039817
7.916,-0.02683693593169211
7.917,-0.019444840363808013
7.918,-0.0009646014440977679
7.919,-0.008356697011981867
7.92,-0.0009646014440977679
7.921,-0.004660649228039817
7.922,-0.012052744795923914
7.923,0.002731446339844281
7.924,0.017515637475612477
7.925,-0.004660649228039817
7.926,-0.008356697011981867
7.927,0.002731446339844281
7.928,-0.0009646014440977679
7.929,0.002731446339844281
7.93,-0.008356697011981867
7.931,0.00642749412378633
7.932,-0.015748792579865965
7.933,-0.012052744795923914
7.934,-0.0009646014440977679
7.935,-0.004660649228039817
7.936,-0.02683693593169211
7.937,-0.004660649228039817
7.938,0.002731446339844281
7.939,0.010123541907728378
7.94,0.002731446339844281
7.941,-0.0009646014440977679
7.942,0.013819589691670428
7.943,-0.0009646014440977679
7.944,0.013819589691670428
7.945,-0.019444840363808013
7.946,0.024907733043496576
7.947,-0.008356697011981867
7.948,-0.0009646014440977679
7.949,-0.004660649228039817
7.95,-0.012052744795923914
7.951,0.00642749412378633
7.952,-0.02683693593169211
7.953,0.002731446339844281
7.954,-0.008356697011981867
7.955,-0.015748792579865965
7.956,-0.0009646014440977679
7.957,-0.02683693593169211
7.958,-0.015748792579865965
7.959,-0.004660649228039817
7.96,-0.019444840363808013
7.961,-0.02683693593169211
7.962,0.013819589691670428
7.963,-0.019444840363808013
7.964,-0.03053298371563416
7.965,-0.008356697011981867
7.966,0.010123541907728378
7.967,-0.008356697011981867
7.968,-0.02314088814775006
7.969,-0.0009646014440977679
7.97,-0.004660649228039817
7.971,-0.02683693593169211
7.972,-0.019444840363808013
7.973,0.00642749412378633
7.974,0.00642749412378633
7.975,-0.02314088814775006
7.976,-0.0009646014440977679
7.977,-0.02314088814775006
7.978,-0.02314088814775006
7.979,-0.008356697011981867
7.98,0.00642749412378633
7.981,-0.008356697011981867
7.982,-0.015748792579865965
7.983,-0.02683693593169211
7.984,0.010123541907728378
7.985,0.002731446339844281
7.986,-0.004660649228039817
7.987,-0.004660649228039817
7.988,-0.012052744795923914
7.989,0.00642749412378633
7.99,0.00642749412378633
7.991,-0.02314088814775006
7.992,-0.019444840363808013
7.993,-0.015748792579865965
7.994,-0.015748792579865965
7.995,-0.012052744795923914
7.996,-0.012052744795923914
7.997,0.00642749412378633
7.998,-0.012052744795923914
7.999,-0.015748792579865965
8.0,-0.0009646014440977679
8.001,-0.019444840363808013
8.002,0.010123541907728378
8.003,0.002731446339844281
8.004,0.002731446339844281
8.005,0.00642749412378633
8.006,-0.004660649228039817
8.007,-0.008356697011981867
8.008,0.002731446339844281
8.009,-0.012052744795923914
8.01,-0.008356697011981867
8.011,-0.004660649228039817
8.012,-0.03422903149957621
8.013,-0.012052744795923914
8.014,-0.008356697011981867
8.015,-0.008356697011981867
8.016,-0.02683693593169211
8.017,-0.0009646014440977679
8.018,-0.03792507928351826
8.019,-0.008356697011981867
8.02,-0.012052744795923914
8.021,-0.015748792579865965
8.022,-0.004660649228039817
8.023,0.013819589691670428
8.024,-0.019444840363808013
8.025,0.002731446339844281
8.026,-0.008356697011981867
8.027,-0.015748792579865965
8.028,-0.004660649228039817
8.029,-0.008356697011981867
8.03,0.013819589691670428
8.031,-0.02683693593169211
8.032,-0.004660649228039817
8.033,-0.004660649228039817
8.034,-0.012052744795923914
8.035,0.002731446339844281
8.036,-0.0009646014440977679
8.037,-0.0009646014440977679
8.038,-0.0009646014440977679
8.039,-0.004660649228039817
8.04,0.00642749412378633
8.041,-0.004660649228039817
8.042,0.00642749412378633
8.043,-0.008356697011981867
8.044,-0.03053298371563416
8.045,-0.008356697011981867
8.046,0.017515637475612477
8.047,0.021211685259554525
8.048,-0.012052744795923914
8.049,0.002731446339844281
8.05,-0.0009646014440977679
8.051,-0.019444840363808013
8.052,0.010123541907728378
8.053,-0.008356697011981867
8.054,-0.004660649228039817
8.055,-0.008356697011981867
8.056,-0.004660649228039817
8.057,-0.03422903149957621
8.058,-0.012052744795923914
8.059,-0.02314088814775006
8.06,0.002731446339844281
8.061,-0.015748792579865965
8.062,-0.004660649228039817
8.063,0.002731446339844281
8.064,0.010123541907728378
8.065,-0.012052744795923914
8.066,-0.012052744795923914
8.067,-0.0009646014440977679
8.068,-0.008356697011981867
8.069,0.00642749412378633
8.07,0.00642749412378633
8.071,-0.004660649228039817
8.072,-0.012052744795923914
8.073,-0.019444840363808013
8.074,-0.015748792579865965
8.075,-0.004660649228039817
8.076,-0.012052744795923914
8.077,0.002731446339844281
8.078,-0.0009646014440977679
8.079,-0.02683693593169211
8.08,-0.004660649228039817
8.081,-0.012052744795923914
8.082,-0.03422903149957621
8.083,-0.004660649228039817
8.084,-0.008356697011981867
8.085,-0.008356697011981867
8.086,-0.0009646014440977679
8.087,-0.0009646014440977679
8.088,-0.02683693593169211
8.089,-0.02683693593169211
8.09,-0.004660649228039817
8.091,-0.019444840363808013
8.092,-0.0009646014440977679
8.093,0.00642749412378633
8.094,-0.008356697011981867
8.095,-0.004660649228039817
8.096,-0.008356697011981867
8.097,0.002731446339844281
8.098,-0.008356697011981867
8.099,-0.008356697011981867
8.1,0.013819589691670428
8.101,-0.015748792579865965
8.102,-0.0009646014440977679
8.103,-0.004660649228039817
8.104,-0.015748792579865965
8.105,-0.0009646014440977679
8.106,0.010123541907728378
8.107,-0.004660649228039817
8.108,-0.008356697011981867
8.109,0.013819589691670428
8.11,0.010123541907728378
8.111,-0.019444840363808013
8.112,0.013819589691670428
8.113,-0.008356697011981867
8.114,-0.03422903149957621
8.115,0.00642749412378633
8.116,-0.015748792579865965
8.117,-0.02314088814775006
8.118,-0.012052744795923914
8.119,-0.012052744795923914
8.12,-0.012052744795923914
8.121,-0.019444840363808013
8.122,-0.0009646014440977679
8.123,-0.02314088814775006
8.124,-0.004660649228039817
8.125,-0.0009646014440977679
8.126,-0.012052744795923914
8.127,-0.02314088814775006
8.128,-0.02683693593169211
8.129,0.017515637475612477
8.13,-0.012052744795923914
8.131,0.00642749412378633
8.132,-0.02314088814775006
8.133,-0.004660649228039817
8.134,0.002731446339844281
8.135,0.002731446339844281
8.136,-0.012052744795923914
8.137,-0.004660649228039817
8.138,-0.004660649228039817
8.139,-0.008356697011981867
8.14,0.002731446339844281
8.141,-0.008356697011981867
8.142,-0.0009646014440977679
8.143,-0.019444840363808013
8.144,-0.0009646014440977679
8.145,0.013819589691670428
8.146,-0.012052744795923914
8.147,0.010123541907728378
8.148,-0.012052744795923914
8.149,-0.02314088814775006
8.15,-0.008356697011981867
8.151,-0.02314088814775006
8.152,-0.012052744795923914
8.153,0.024907733043496576
8.154,-0.004660649228039817
8.155,0.024907733043496576
8.156,-0.0009646014440977679
8.157,-0.008356697011981867
8.158,0.017515637475612477
8.159,-0.015748792579865965
8.16,0.002731446339844281
8.161,-0.02683693593169211
8.162,0.010123541907728378
8.163,-0.008356697011981867
8.164,-0.015748792579865965
8.165,-0.015748792579865965
8.166,-0.012052744795923914
8.167,0.00642749412378633
8.168,-0.03422903149957621
8.169,0.013819589691670428
8.17,0.002731446339844281
8.171,-0.012052744795923914
8.172,-0.008356697011981867
8.173,0.010123541907728378
8.174,-0.015748792579865965
8.175,-0.019444840363808013
8.176,-0.015748792579865965
8.177,-0.015748792579865965
8.178,-0.019444840363808013
8.179,-0.02683693593169211
8.18,-0.0009646014440977679
8.181,0.002731446339844281
8.182,-0.012052744795923914
8.183,-0.02314088814775006
8.184,-0.015748792579865965
8.185,-0.019444840363808013
8.186,0.024907733043496576
8.187,-0.019444840363808013
8.188,-0.019444840363808013
8.189,-0.0009646014440977679
8.19,-0.0009646014440977679
8.191,-0.03422903149957621
