Time (s),Voltage (V)
0.0,-0.008356697011981867
0.001,-0.008356697011981867
0.002,0.00642749412378633
0.003,-0.008356697011981867
0.004,-0.0009646014440977679
0.005,0.021211685259554525
0.006,-0.019444840363808013
0.007,0.002731446339844281
0.008,-0.019444840363808013
0.009,0.010123541907728378
0.01,-0.019444840363808013
0.011,-0.0009646014440977679
0.012,-0.015748792579865965
0.013,-0.012052744795923914
0.014,-0.004660649228039817
0.015,-0.0009646014440977679
0.016,-0.03422903149957621
0.017,0.002731446339844281
0.018,0.010123541907728378
0.019,-0.012052744795923914
0.02,-0.015748792579865965
0.021,-0.015748792579865965
0.022,-0.0009646014440977679
0.023,0.024907733043496576
0.024,0.00642749412378633
0.025,-0.008356697011981867
0.026,-0.004660649228039817
0.027,0.010123541907728378
0.028,-0.0009646014440977679
0.029,-0.019444840363808013
0.03,-0.02683693593169211
0.031,-0.015748792579865965
0.032,0.00642749412378633
0.033,0.002731446339844281
0.034,-0.008356697011981867
0.035,0.002731446339844281
0.036,-0.015748792579865965
0.037,-0.02683693593169211
0.038,-0.019444840363808013
0.039,0.010123541907728378
0.04,0.010123541907728378
0.041,-0.015748792579865965
0.042,-0.019444840363808013
0.043,-0.004660649228039817
0.044,0.002731446339844281
0.045,-0.02683693593169211
0.046,-0.004660649228039817
0.047,-0.008356697011981867
0.048,-0.004660649228039817
0.049,-0.019444840363808013
0.05,-0.008356697011981867
0.051,-0.012052744795923914
0.052,0.00642749412378633
0.053,-0.0009646014440977679
0.054,-0.0009646014440977679
0.055,-0.012052744795923914
0.056,-0.008356697011981867
0.057,-0.0009646014440977679
0.058,-0.012052744795923914
0.059,-0.008356697011981867
0.06,-0.0009646014440977679
0.061,0.00642749412378633
0.062,0.00642749412378633
0.063,-0.019444840363808013
0.064,0.00642749412378633
0.065,-0.02683693593169211
0.066,-0.0009646014440977679
0.067,-0.008356697011981867
0.068,-0.0009646014440977679
0.069,0.017515637475612477
0.07,-0.015748792579865965
0.071,-0.004660649228039817
0.072,-0.008356697011981867
0.073,0.002731446339844281
0.074,-0.012052744795923914
0.075,-0.012052744795923914
0.076,0.002731446339844281
0.077,-0.004660649228039817
0.078,-0.004660649228039817
0.079,-0.02314088814775006
0.08,-0.019444840363808013
0.081,-0.004660649228039817
0.082,-0.019444840363808013
0.083,-0.004660649228039817
0.084,-0.004660649228039817
0.085,0.002731446339844281
0.086,-0.008356697011981867
0.087,-0.012052744795923914
0.088,-0.0009646014440977679
0.089,-0.012052744795923914
0.09,-0.015748792579865965
0.091,-0.02314088814775006
0.092,-0.008356697011981867
0.093,0.010123541907728378
0.094,0.013819589691670428
0.095,-0.008356697011981867
0.096,-0.015748792579865965
0.097,-0.0009646014440977679
0.098,0.002731446339844281
0.099,0.00642749412378633
0.1,-0.004660649228039817
0.101,-0.012052744795923914
0.102,0.010123541907728378
0.103,-0.008356697011981867
0.104,-0.004660649228039817
0.105,-0.012052744795923914
0.106,-0.015748792579865965
0.107,-0.015748792579865965
0.108,0.002731446339844281
0.109,0.00642749412378633
0.11,-0.0009646014440977679
0.111,0.013819589691670428
0.112,-0.004660649228039817
0.113,0.010123541907728378
0.114,-0.03053298371563416
0.115,-0.004660649228039817
0.116,0.00642749412378633
0.117,-0.019444840363808013
0.118,-0.03053298371563416
0.119,0.00642749412378633
0.12,-0.012052744795923914
0.121,-0.015748792579865965
0.122,0.002731446339844281
0.123,0.010123541907728378
0.124,0.00642749412378633
0.125,-0.02314088814775006
0.126,-0.004660649228039817
0.127,-0.019444840363808013
0.128,-0.004660649228039817
0.129,-0.015748792579865965
0.13,-0.004660649228039817
0.131,-0.019444840363808013
0.132,0.002731446339844281
0.133,0.021211685259554525
0.134,-0.015748792579865965
0.135,-0.015748792579865965
0.136,-0.019444840363808013
0.137,-0.015748792579865965
0.138,-0.012052744795923914
0.139,-0.02314088814775006
0.14,0.010123541907728378
0.141,0.013819589691670428
0.142,-0.015748792579865965
0.143,0.002731446339844281
0.144,-0.03053298371563416
0.145,-0.012052744795923914
0.146,-0.015748792579865965
0.147,-0.008356697011981867
0.148,-0.03792507928351826
0.149,-0.0009646014440977679
0.15,-0.004660649228039817
0.151,-0.02314088814775006
0.152,-0.012052744795923914
0.153,-0.012052744795923914
0.154,-0.02683693593169211
0.155,-0.03053298371563416
0.156,-0.019444840363808013
0.157,0.002731446339844281
0.158,-0.02683693593169211
0.159,-0.012052744795923914
0.16,0.00642749412378633
0.161,-0.012052744795923914
0.162,0.013819589691670428
0.163,-0.004660649228039817
0.164,-0.008356697011981867
0.165,-0.012052744795923914
0.166,0.002731446339844281
0.167,0.00642749412378633
0.168,-0.015748792579865965
0.169,-0.015748792579865965
0.17,0.002731446339844281
0.171,-0.012052744795923914
0.172,0.017515637475612477
0.173,0.002731446339844281
0.174,-0.008356697011981867
0.175,-0.02314088814775006
0.176,0.002731446339844281
0.177,-0.004660649228039817
0.178,0.010123541907728378
0.179,-0.019444840363808013
0.18,-0.015748792579865965
0.181,-0.012052744795923914
0.182,0.002731446339844281
0.183,0.002731446339844281
0.184,-0.019444840363808013
0.185,-0.012052744795923914
0.186,-0.0009646014440977679
0.187,-0.012052744795923914
0.188,-0.004660649228039817
0.189,-0.004660649228039817
0.19,-0.008356697011981867
0.191,0.017515637475612477
0.192,-0.008356697011981867
0.193,-0.008356697011981867
0.194,-0.0009646014440977679
0.195,-0.008356697011981867
0.196,-0.02314088814775006
0.197,-0.012052744795923914
0.198,-0.004660649228039817
0.199,-0.012052744795923914
0.2,-0.012052744795923914
0.201,-0.004660649228039817
0.202,-0.004660649228039817
0.203,-0.02314088814775006
0.204,-0.012052744795923914
0.205,-0.0009646014440977679
0.206,-0.008356697011981867
0.207,0.010123541907728378
0.208,-0.008356697011981867
0.209,-0.019444840363808013
0.21,0.002731446339844281
0.211,0.017515637475612477
0.212,-0.015748792579865965
0.213,-0.004660649228039817
0.214,-0.015748792579865965
0.215,-0.004660649228039817
0.216,0.002731446339844281
0.217,-0.015748792579865965
0.218,0.002731446339844281
0.219,0.010123541907728378
0.22,-0.015748792579865965
0.221,-0.008356697011981867
0.222,-0.019444840363808013
0.223,0.002731446339844281
0.224,0.024907733043496576
0.225,-0.02683693593169211
0.226,-0.03792507928351826
0.227,0.002731446339844281
0.228,-0.02314088814775006
0.229,0.002731446339844281
0.23,-0.02314088814775006
0.231,0.00642749412378633
0.232,-0.0009646014440977679
0.233,-0.0009646014440977679
0.234,0.002731446339844281
0.235,0.010123541907728378
0.236,0.00642749412378633
0.237,-0.008356697011981867
0.238,-0.02314088814775006
0.239,-0.015748792579865965
0.24,-0.019444840363808013
0.241,-0.015748792579865965
0.242,-0.02314088814775006
0.243,-0.008356697011981867
0.244,-0.02314088814775006
0.245,-0.012052744795923914
0.246,-0.004660649228039817
0.247,-0.019444840363808013
0.248,-0.019444840363808013
0.249,-0.015748792579865965
0.25,-0.019444840363808013
0.251,-0.012052744795923914
0.252,-0.012052744795923914
0.253,0.010123541907728378
0.254,0.002731446339844281
0.255,-0.008356697011981867
0.256,-0.015748792579865965
0.257,-0.008356697011981867
0.258,0.010123541907728378
0.259,-0.0009646014440977679
0.26,-0.0009646014440977679
0.261,-0.015748792579865965
0.262,-0.004660649228039817
0.263,-0.02683693593169211
0.264,-0.03053298371563416
0.265,-0.02683693593169211
0.266,-0.004660649228039817
0.267,-0.0009646014440977679
0.268,-0.008356697011981867
0.269,0.024907733043496576
0.27,-0.015748792579865965
0.271,-0.012052744795923914
0.272,-0.0009646014440977679
0.273,-0.019444840363808013
0.274,-0.008356697011981867
0.275,-0.008356697011981867
0.276,0.002731446339844281
0.277,-0.008356697011981867
0.278,-0.008356697011981867
0.279,-0.019444840363808013
0.28,0.002731446339844281
0.281,-0.02683693593169211
0.282,-0.012052744795923914
0.283,-0.0009646014440977679
0.284,-0.008356697011981867
0.285,-0.008356697011981867
0.286,0.010123541907728378
0.287,-0.004660649228039817
0.288,-0.012052744795923914
0.289,0.013819589691670428
0.29,-0.004660649228039817
0.291,-0.004660649228039817
0.292,-0.0009646014440977679
0.293,0.002731446339844281
0.294,-0.015748792579865965
0.295,0.002731446339844281
0.296,-0.0009646014440977679
0.297,-0.004660649228039817
0.298,-0.008356697011981867
0.299,-0.012052744795923914
0.3,-0.0009646014440977679
0.301,0.00642749412378633
0.302,0.002731446339844281
0.303,-0.008356697011981867
0.304,0.013819589691670428
0.305,-0.019444840363808013
0.306,-0.012052744795923914
0.307,0.002731446339844281
0.308,0.00642749412378633
0.309,0.002731446339844281
0.31,0.002731446339844281
0.311,-0.012052744795923914
0.312,-0.015748792579865965
0.313,-0.004660649228039817
0.314,-0.004660649228039817
0.315,-0.0009646014440977679
0.316,-0.0009646014440977679
0.317,-0.02314088814775006
0.318,-0.004660649228039817
0.319,-0.012052744795923914
0.32,-0.02314088814775006
0.321,-0.03422903149957621
0.322,-0.02314088814775006
0.323,0.010123541907728378
0.324,-0.012052744795923914
0.325,-0.015748792579865965
0.326,-0.019444840363808013
0.327,-0.0009646014440977679
0.328,-0.0009646014440977679
0.329,-0.012052744795923914
0.33,0.010123541907728378
0.331,0.002731446339844281
0.332,0.002731446339844281
0.333,0.017515637475612477
0.334,-0.0009646014440977679
0.335,-0.019444840363808013
0.336,-0.015748792579865965
0.337,-0.02683693593169211
0.338,-0.015748792579865965
0.339,-0.019444840363808013
0.34,0.002731446339844281
0.341,0.002731446339844281
0.342,-0.008356697011981867
0.343,-0.0009646014440977679
0.344,-0.0009646014440977679
0.345,-0.015748792579865965
0.346,0.00642749412378633
0.347,-0.02314088814775006
0.348,-0.015748792579865965
0.349,0.017515637475612477
0.35,-0.004660649228039817
0.351,-0.012052744795923914
0.352,-0.012052744795923914
0.353,-0.012052744795923914
0.354,-0.012052744795923914
0.355,-0.019444840363808013
0.356,0.00642749412378633
0.357,0.00642749412378633
0.358,0.010123541907728378
0.359,0.002731446339844281
0.36,-0.012052744795923914
0.361,-0.03053298371563416
0.362,-0.03053298371563416
0.363,0.002731446339844281
0.364,-0.02683693593169211
0.365,-0.02683693593169211
0.366,-0.012052744795923914
0.367,-0.0009646014440977679
0.368,-0.004660649228039817
0.369,-0.0009646014440977679
0.37,-0.012052744795923914
0.371,-0.04162112706746031
0.372,-0.004660649228039817
0.373,0.017515637475612477
0.374,-0.02683693593169211
0.375,0.002731446339844281
0.376,0.00642749412378633
0.377,-0.015748792579865965
0.378,-0.02683693593169211
0.379,-0.004660649228039817
0.38,-0.02314088814775006
0.381,-0.015748792579865965
0.382,-0.02683693593169211
0.383,-0.02314088814775006
0.384,0.002731446339844281
0.385,-0.015748792579865965
0.386,-0.012052744795923914
0.387,-0.008356697011981867
0.388,0.002731446339844281
0.389,-0.03053298371563416
0.39,-0.019444840363808013
0.391,-0.008356697011981867
0.392,-0.012052744795923914
0.393,-0.004660649228039817
0.394,-0.0009646014440977679
0.395,0.00642749412378633
0.396,0.00642749412378633
0.397,-0.019444840363808013
0.398,-0.019444840363808013
0.399,-0.015748792579865965
0.4,-0.02683693593169211
0.401,-0.012052744795923914
0.402,-0.004660649228039817
0.403,0.00642749412378633
0.404,-0.012052744795923914
0.405,-0.03792507928351826
0.406,-0.02683693593169211
0.407,-0.008356697011981867
0.408,-0.008356697011981867
0.409,0.013819589691670428
0.41,-0.012052744795923914
0.411,-0.012052744795923914
0.412,-0.008356697011981867
0.413,-0.004660649228039817
0.414,0.002731446339844281
0.415,-0.02314088814775006
0.416,-0.019444840363808013
0.417,-0.015748792579865965
0.418,0.010123541907728378
0.419,-0.0009646014440977679
0.42,0.013819589691670428
0.421,-0.019444840363808013
0.422,0.002731446339844281
0.423,-0.015748792579865965
0.424,-0.0009646014440977679
0.425,-0.004660649228039817
0.426,-0.015748792579865965
0.427,-0.008356697011981867
0.428,0.002731446339844281
0.429,0.002731446339844281
0.43,0.002731446339844281
0.431,-0.004660649228039817
0.432,-0.019444840363808013
0.433,0.00642749412378633
0.434,-0.004660649228039817
0.435,-0.015748792579865965
0.436,-0.03053298371563416
0.437,0.00642749412378633
0.438,-0.004660649228039817
0.439,-0.02683693593169211
0.44,-0.019444840363808013
0.441,-0.004660649228039817
0.442,0.013819589691670428
0.443,-0.019444840363808013
0.444,0.010123541907728378
0.445,-0.015748792579865965
0.446,-0.015748792579865965
0.447,-0.008356697011981867
0.448,-0.019444840363808013
0.449,-0.015748792579865965
0.45,-0.02314088814775006
0.451,-0.015748792579865965
0.452,0.002731446339844281
0.453,-0.012052744795923914
0.454,0.00642749412378633
0.455,-0.012052744795923914
0.456,-0.008356697011981867
0.457,0.00642749412378633
0.458,-0.012052744795923914
0.459,-0.019444840363808013
0.46,-0.015748792579865965
0.461,-0.0009646014440977679
0.462,-0.012052744795923914
0.463,-0.012052744795923914
0.464,-0.0009646014440977679
0.465,0.013819589691670428
0.466,0.017515637475612477
0.467,0.00642749412378633
0.468,0.002731446339844281
0.469,-0.004660649228039817
0.47,-0.012052744795923914
0.471,-0.0009646014440977679
0.472,0.010123541907728378
0.473,0.013819589691670428
0.474,-0.004660649228039817
0.475,0.002731446339844281
0.476,-0.03422903149957621
0.477,-0.004660649228039817
0.478,-0.008356697011981867
0.479,-0.004660649228039817
0.48,-0.015748792579865965
0.481,-0.02683693593169211
0.482,-0.02314088814775006
0.483,-0.004660649228039817
0.484,-0.008356697011981867
0.485,-0.015748792579865965
0.486,-0.015748792579865965
0.487,0.013819589691670428
0.488,-0.008356697011981867
0.489,-0.019444840363808013
0.49,-0.015748792579865965
0.491,-0.02683693593169211
0.492,0.002731446339844281
0.493,0.013819589691670428
0.494,-0.02314088814775006
0.495,-0.004660649228039817
0.496,0.010123541907728378
0.497,-0.004660649228039817
0.498,0.010123541907728378
0.499,-0.008356697011981867
0.5,-0.008356697011981867
0.501,-0.03053298371563416
0.502,-0.012052744795923914
0.503,-0.0009646014440977679
0.504,-0.015748792579865965
0.505,0.002731446339844281
0.506,0.010123541907728378
0.507,-0.008356697011981867
0.508,-0.008356697011981867
0.509,-0.0009646014440977679
0.51,-0.015748792579865965
0.511,0.002731446339844281
0.512,-0.015748792579865965
0.513,-0.0009646014440977679
0.514,-0.019444840363808013
0.515,0.010123541907728378
0.516,-0.008356697011981867
0.517,-0.0009646014440977679
0.518,-0.015748792579865965
0.519,-0.03053298371563416
0.52,-0.019444840363808013
0.521,0.00642749412378633
0.522,0.002731446339844281
0.523,-0.0009646014440977679
0.524,0.002731446339844281
0.525,-0.019444840363808013
0.526,-0.012052744795923914
0.527,-0.012052744795923914
0.528,-0.019444840363808013
0.529,-0.03053298371563416
0.53,-0.0009646014440977679
0.531,-0.02314088814775006
0.532,0.00642749412378633
0.533,-0.0009646014440977679
0.534,-0.008356697011981867
0.535,-0.008356697011981867
0.536,-0.03422903149957621
0.537,-0.0009646014440977679
0.538,0.017515637475612477
0.539,-0.019444840363808013
0.54,-0.004660649228039817
0.541,-0.019444840363808013
0.542,0.010123541907728378
0.543,-0.008356697011981867
0.544,-0.02683693593169211
0.545,-0.02314088814775006
0.546,-0.012052744795923914
0.547,-0.008356697011981867
0.548,-0.02314088814775006
0.549,-0.03053298371563416
0.55,0.010123541907728378
0.551,0.002731446339844281
0.552,-0.015748792579865965
0.553,-0.004660649228039817
0.554,-0.019444840363808013
0.555,-0.012052744795923914
0.556,-0.012052744795923914
0.557,-0.0009646014440977679
0.558,0.013819589691670428
0.559,-0.019444840363808013
0.56,-0.0009646014440977679
0.561,-0.02314088814775006
0.562,-0.008356697011981867
0.563,0.002731446339844281
0.564,-0.0009646014440977679
0.565,-0.019444840363808013
0.566,-0.008356697011981867
0.567,0.010123541907728378
0.568,-0.019444840363808013
0.569,-0.008356697011981867
0.57,-0.019444840363808013
0.571,-0.04162112706746031
0.572,-0.02683693593169211
0.573,-0.008356697011981867
0.574,-0.008356697011981867
0.575,-0.015748792579865965
0.576,-0.008356697011981867
0.577,-0.012052744795923914
0.578,-0.004660649228039817
0.579,-0.0009646014440977679
0.58,-0.02683693593169211
0.581,-0.004660649228039817
0.582,0.00642749412378633
0.583,-0.012052744795923914
0.584,-0.015748792579865965
0.585,-0.019444840363808013
0.586,-0.02314088814775006
0.587,-0.004660649228039817
0.588,0.021211685259554525
0.589,-0.02683693593169211
0.59,-0.02314088814775006
0.591,-0.019444840363808013
0.592,-0.012052744795923914
0.593,-0.03792507928351826
0.594,-0.012052744795923914
0.595,-0.019444840363808013
0.596,-0.012052744795923914
0.597,-0.0009646014440977679
0.598,0.010123541907728378
0.599,-0.008356697011981867
0.6,0.017515637475612477
0.601,-0.012052744795923914
0.602,0.002731446339844281
0.603,-0.0009646014440977679
0.604,-0.008356697011981867
0.605,-0.0009646014440977679
0.606,-0.02314088814775006
0.607,-0.004660649228039817
0.608,-0.019444840363808013
0.609,-0.008356697011981867
0.61,-0.012052744795923914
0.611,0.028603780827438623
0.612,0.00642749412378633
0.613,-0.008356697011981867
0.614,0.021211685259554525
0.615,-0.004660649228039817
0.616,0.00642749412378633
0.617,0.010123541907728378
0.618,0.010123541907728378
0.619,-0.004660649228039817
0.62,-0.02683693593169211
0.621,-0.03422903149957621
0.622,-0.03422903149957621
0.623,-0.02314088814775006
0.624,-0.02314088814775006
0.625,-0.02314088814775006
0.626,-0.008356697011981867
0.627,0.00642749412378633
0.628,-0.015748792579865965
0.629,-0.0009646014440977679
0.63,0.002731446339844281
0.631,0.010123541907728378
0.632,-0.004660649228039817
0.633,-0.0009646014440977679
0.634,-0.012052744795923914
0.635,0.010123541907728378
0.636,-0.004660649228039817
0.637,-0.03792507928351826
0.638,-0.019444840363808013
0.639,-0.02683693593169211
0.64,0.013819589691670428
0.641,0.00642749412378633
0.642,-0.008356697011981867
0.643,0.021211685259554525
0.644,-0.015748792579865965
0.645,0.010123541907728378
0.646,-0.02683693593169211
0.647,-0.012052744795923914
0.648,-0.02683693593169211
0.649,-0.008356697011981867
0.65,0.00642749412378633
0.651,-0.019444840363808013
0.652,0.010123541907728378
0.653,-0.012052744795923914
0.654,-0.015748792579865965
0.655,0.010123541907728378
0.656,-0.012052744795923914
0.657,0.00642749412378633
0.658,-0.015748792579865965
0.659,-0.019444840363808013
0.66,-0.012052744795923914
0.661,-0.015748792579865965
0.662,0.013819589691670428
0.663,0.013819589691670428
0.664,-0.015748792579865965
0.665,0.002731446339844281
0.666,-0.015748792579865965
0.667,-0.02683693593169211
0.668,-0.0009646014440977679
0.669,-0.012052744795923914
0.67,-0.015748792579865965
0.671,0.002731446339844281
0.672,-0.015748792579865965
0.673,-0.004660649228039817
0.674,0.017515637475612477
0.675,-0.02683693593169211
0.676,0.013819589691670428
0.677,-0.008356697011981867
0.678,-0.0009646014440977679
0.679,-0.015748792579865965
0.68,0.00642749412378633
0.681,-0.019444840363808013
0.682,-0.012052744795923914
0.683,0.013819589691670428
0.684,-0.004660649228039817
0.685,0.00642749412378633
0.686,0.002731446339844281
0.687,-0.02314088814775006
0.688,-0.004660649228039817
0.689,-0.02314088814775006
0.69,-0.008356697011981867
0.691,-0.02314088814775006
0.692,-0.012052744795923914
0.693,-0.015748792579865965
0.694,0.013819589691670428
0.695,-0.015748792579865965
0.696,-0.008356697011981867
0.697,0.002731446339844281
0.698,-0.02683693593169211
0.699,-0.004660649228039817
0.7,-0.0009646014440977679
0.701,-0.019444840363808013
0.702,0.013819589691670428
0.703,0.00642749412378633
0.704,-0.015748792579865965
0.705,-0.004660649228039817
0.706,-0.015748792579865965
0.707,0.002731446339844281
0.708,0.013819589691670428
0.709,-0.012052744795923914
0.71,-0.004660649228039817
0.711,-0.012052744795923914
0.712,-0.004660649228039817
0.713,-0.012052744795923914
0.714,-0.004660649228039817
0.715,-0.019444840363808013
0.716,-0.004660649228039817
0.717,-0.0009646014440977679
0.718,-0.012052744795923914
0.719,-0.02314088814775006
0.72,0.002731446339844281
0.721,-0.012052744795923914
0.722,0.002731446339844281
0.723,-0.008356697011981867
0.724,-0.019444840363808013
0.725,-0.012052744795923914
0.726,-0.004660649228039817
0.727,-0.0009646014440977679
0.728,0.002731446339844281
0.729,-0.019444840363808013
0.73,0.00642749412378633
0.731,-0.015748792579865965
0.732,-0.015748792579865965
0.733,-0.015748792579865965
0.734,0.002731446339844281
0.735,-0.012052744795923914
0.736,-0.012052744795923914
0.737,-0.012052744795923914
0.738,-0.019444840363808013
0.739,-0.019444840363808013
0.74,0.002731446339844281
0.741,-0.008356697011981867
0.742,0.00642749412378633
0.743,0.03229982861138067
0.744,0.013819589691670428
0.745,-0.02683693593169211
0.746,0.002731446339844281
0.747,-0.008356697011981867
0.748,-0.004660649228039817
0.749,-0.019444840363808013
0.75,-0.008356697011981867
0.751,0.002731446339844281
0.752,-0.015748792579865965
0.753,-0.015748792579865965
0.754,-0.0009646014440977679
0.755,0.002731446339844281
0.756,-0.015748792579865965
0.757,-0.0009646014440977679
0.758,-0.015748792579865965
0.759,-0.019444840363808013
0.76,-0.004660649228039817
0.761,-0.0009646014440977679
0.762,-0.019444840363808013
0.763,-0.02683693593169211
0.764,-0.012052744795923914
0.765,-0.03053298371563416
0.766,-0.015748792579865965
0.767,0.00642749412378633
0.768,0.00642749412378633
0.769,-0.004660649228039817
0.77,-0.008356697011981867
0.771,-0.004660649228039817
0.772,-0.02683693593169211
0.773,0.002731446339844281
0.774,-0.02683693593169211
0.775,-0.004660649228039817
0.776,0.002731446339844281
0.777,-0.02683693593169211
0.778,-0.015748792579865965
0.779,-0.0009646014440977679
0.78,-0.02314088814775006
0.781,-0.004660649228039817
0.782,-0.015748792579865965
0.783,-0.012052744795923914
0.784,-0.012052744795923914
0.785,-0.004660649228039817
0.786,0.010123541907728378
0.787,-0.012052744795923914
0.788,-0.0009646014440977679
0.789,-0.0009646014440977679
0.79,-0.004660649228039817
0.791,0.010123541907728378
0.792,-0.004660649228039817
0.793,0.010123541907728378
0.794,-0.012052744795923914
0.795,-0.019444840363808013
0.796,-0.012052744795923914
0.797,-0.02683693593169211
0.798,-0.004660649228039817
0.799,-0.004660649228039817
0.8,-0.004660649228039817
0.801,-0.019444840363808013
0.802,-0.004660649228039817
0.803,-0.004660649228039817
0.804,-0.012052744795923914
0.805,0.002731446339844281
0.806,0.00642749412378633
0.807,-0.03053298371563416
0.808,-0.019444840363808013
0.809,0.002731446339844281
0.81,-0.012052744795923914
0.811,0.021211685259554525
0.812,0.002731446339844281
0.813,-0.0009646014440977679
0.814,-0.02683693593169211
0.815,-0.008356697011981867
0.816,-0.012052744795923914
0.817,-0.019444840363808013
0.818,-0.015748792579865965
0.819,-0.03053298371563416
0.82,-0.012052744795923914
0.821,-0.008356697011981867
0.822,0.002731446339844281
0.823,-0.004660649228039817
0.824,-0.004660649228039817
0.825,-0.02314088814775006
0.826,0.002731446339844281
0.827,-0.02683693593169211
0.828,-0.03422903149957621
0.829,-0.0009646014440977679
0.83,-0.008356697011981867
0.831,-0.008356697011981867
0.832,-0.004660649228039817
0.833,0.002731446339844281
0.834,-0.0009646014440977679
0.835,-0.008356697011981867
0.836,-0.012052744795923914
0.837,-0.02683693593169211
0.838,-0.008356697011981867
0.839,-0.012052744795923914
0.84,-0.015748792579865965
0.841,-0.02314088814775006
0.842,-0.008356697011981867
0.843,-0.004660649228039817
0.844,-0.004660649228039817
0.845,-0.015748792579865965
0.846,-0.004660649228039817
0.847,-0.008356697011981867
0.848,-0.015748792579865965
0.849,-0.004660649228039817
0.85,-0.004660649228039817
0.851,0.010123541907728378
0.852,-0.008356697011981867
0.853,-0.02314088814775006
0.854,0.00642749412378633
0.855,-0.019444840363808013
0.856,-0.008356697011981867
0.857,-0.012052744795923914
0.858,-0.015748792579865965
0.859,-0.008356697011981867
0.86,-0.02683693593169211
0.861,-0.004660649228039817
0.862,-0.015748792579865965
0.863,0.010123541907728378
0.864,-0.012052744795923914
0.865,-0.012052744795923914
0.866,0.00642749412378633
0.867,-0.004660649228039817
0.868,-0.004660649228039817
0.869,-0.008356697011981867
0.87,-0.0009646014440977679
0.871,-0.008356697011981867
0.872,-0.02314088814775006
0.873,0.00642749412378633
0.874,0.00642749412378633
0.875,-0.008356697011981867
0.876,-0.008356697011981867
0.877,-0.008356697011981867
0.878,0.002731446339844281
0.879,-0.02683693593169211
0.88,-0.015748792579865965
0.881,0.00642749412378633
0.882,-0.015748792579865965
0.883,-0.019444840363808013
0.884,-0.019444840363808013
0.885,-0.019444840363808013
0.886,-0.012052744795923914
0.887,-0.008356697011981867
0.888,-0.004660649228039817
0.889,-0.0009646014440977679
0.89,-0.0009646014440977679
0.891,-0.012052744795923914
0.892,-0.015748792579865965
0.893,-0.019444840363808013
0.894,-0.004660649228039817
0.895,-0.004660649228039817
0.896,-0.012052744795923914
0.897,-0.019444840363808013
0.898,-0.019444840363808013
0.899,-0.004660649228039817
0.9,0.013819589691670428
0.901,0.002731446339844281
0.902,0.010123541907728378
0.903,-0.012052744795923914
0.904,-0.004660649228039817
0.905,-0.02314088814775006
0.906,-0.015748792579865965
0.907,-0.03053298371563416
0.908,0.002731446339844281
0.909,0.010123541907728378
0.91,0.013819589691670428
0.911,-0.04162112706746031
0.912,-0.008356697011981867
0.913,-0.004660649228039817
0.914,-0.012052744795923914
0.915,-0.008356697011981867
0.916,-0.008356697011981867
0.917,-0.008356697011981867
0.918,0.021211685259554525
0.919,-0.019444840363808013
0.92,0.002731446339844281
0.921,-0.012052744795923914
0.922,0.002731446339844281
0.923,-0.012052744795923914
0.924,-0.012052744795923914
0.925,-0.0009646014440977679
0.926,0.002731446339844281
0.927,-0.019444840363808013
0.928,0.013819589691670428
0.929,-0.04162112706746031
0.93,-0.015748792579865965
0.931,-0.03792507928351826
0.932,0.002731446339844281
0.933,-0.004660649228039817
0.934,-0.019444840363808013
0.935,-0.008356697011981867
0.936,-0.008356697011981867
0.937,-0.02314088814775006
0.938,-0.015748792579865965
0.939,0.010123541907728378
0.94,-0.012052744795923914
0.941,-0.03053298371563416
0.942,-0.012052744795923914
0.943,-0.019444840363808013
0.944,-0.02683693593169211
0.945,-0.004660649228039817
0.946,-0.02314088814775006
0.947,-0.012052744795923914
0.948,-0.015748792579865965
0.949,0.002731446339844281
0.95,-0.02314088814775006
0.951,-0.015748792579865965
0.952,-0.015748792579865965
0.953,-0.004660649228039817
0.954,-0.0009646014440977679
0.955,-0.012052744795923914
0.956,-0.03053298371563416
0.957,-0.015748792579865965
0.958,-0.04162112706746031
0.959,-0.008356697011981867
0.96,-0.02683693593169211
0.961,-0.03422903149957621
0.962,-0.004660649228039817
0.963,0.021211685259554525
0.964,-0.012052744795923914
0.965,0.010123541907728378
0.966,0.002731446339844281
0.967,-0.004660649228039817
0.968,-0.02683693593169211
0.969,-0.03053298371563416
0.97,-0.0009646014440977679
0.971,-0.004660649228039817
0.972,0.002731446339844281
0.973,-0.0009646014440977679
0.974,0.021211685259554525
0.975,-0.02683693593169211
0.976,-0.015748792579865965
0.977,0.002731446339844281
0.978,-0.019444840363808013
0.979,-0.012052744795923914
0.98,-0.008356697011981867
0.981,-0.004660649228039817
0.982,-0.008356697011981867
0.983,-0.02314088814775006
0.984,-0.012052744795923914
0.985,-0.008356697011981867
0.986,-0.019444840363808013
0.987,-0.02683693593169211
0.988,-0.0009646014440977679
0.989,-0.008356697011981867
0.99,0.00642749412378633
0.991,-0.008356697011981867
0.992,-0.0009646014440977679
0.993,0.002731446339844281
0.994,0.010123541907728378
0.995,-0.004660649228039817
0.996,-0.0009646014440977679
0.997,-0.008356697011981867
0.998,-0.012052744795923914
0.999,-0.02314088814775006
1.0,-0.019444840363808013
1.001,-0.019444840363808013
1.002,-0.012052744795923914
1.003,0.002731446339844281
1.004,-0.019444840363808013
1.005,-0.015748792579865965
1.006,-0.0009646014440977679
1.007,-0.015748792579865965
1.008,-0.019444840363808013
1.009,-0.015748792579865965
1.01,-0.02314088814775006
1.011,-0.008356697011981867
1.012,-0.008356697011981867
1.013,-0.019444840363808013
1.014,-0.008356697011981867
1.015,-0.004660649228039817
1.016,0.028603780827438623
1.017,-0.004660649228039817
1.018,-0.0009646014440977679
1.019,-0.019444840363808013
1.02,0.00642749412378633
1.021,-0.008356697011981867
1.022,-0.004660649228039817
1.023,0.002731446339844281
1.024,-0.0009646014440977679
1.025,0.002731446339844281
1.026,0.021211685259554525
1.027,-0.019444840363808013
1.028,0.002731446339844281
1.029,0.00642749412378633
1.03,-0.008356697011981867
1.031,-0.015748792579865965
1.032,-0.008356697011981867
1.033,0.013819589691670428
1.034,0.002731446339844281
1.035,0.010123541907728378
1.036,-0.04162112706746031
1.037,-0.015748792579865965
1.038,-0.008356697011981867
1.039,-0.004660649228039817
1.04,0.002731446339844281
1.041,-0.008356697011981867
1.042,-0.008356697011981867
1.043,-0.012052744795923914
1.044,0.010123541907728378
1.045,-0.004660649228039817
1.046,-0.02683693593169211
1.047,0.002731446339844281
1.048,0.021211685259554525
1.049,-0.008356697011981867
1.05,-0.008356697011981867
1.051,0.010123541907728378
1.052,-0.04162112706746031
1.053,-0.0009646014440977679
1.054,-0.012052744795923914
1.055,-0.015748792579865965
1.056,-0.03422903149957621
1.057,-0.008356697011981867
1.058,-0.008356697011981867
1.059,0.00642749412378633
1.06,-0.019444840363808013
1.061,-0.0009646014440977679
1.062,-0.012052744795923914
1.063,-0.008356697011981867
1.064,-0.02683693593169211
1.065,-0.004660649228039817
1.066,-0.004660649228039817
1.067,-0.0009646014440977679
1.068,-0.015748792579865965
1.069,-0.012052744795923914
1.07,-0.015748792579865965
1.071,-0.008356697011981867
1.072,0.002731446339844281
1.073,-0.0009646014440977679
1.074,0.002731446339844281
1.075,0.002731446339844281
1.076,-0.012052744795923914
1.077,0.00642749412378633
1.078,-0.004660649228039817
1.079,-0.004660649228039817
1.08,-0.008356697011981867
1.081,-0.019444840363808013
1.082,-0.019444840363808013
1.083,-0.0009646014440977679
1.084,-0.004660649228039817
1.085,0.013819589691670428
1.086,-0.004660649228039817
1.087,-0.012052744795923914
1.088,-0.008356697011981867
1.089,-0.012052744795923914
1.09,0.013819589691670428
1.091,-0.008356697011981867
1.092,-0.019444840363808013
1.093,-0.004660649228039817
1.094,-0.012052744795923914
1.095,-0.015748792579865965
1.096,-0.02683693593169211
1.097,-0.019444840363808013
1.098,-0.012052744795923914
1.099,-0.015748792579865965
1.1,0.010123541907728378
1.101,-0.012052744795923914
1.102,-0.015748792579865965
1.103,-0.04531717485140235
1.104,-0.008356697011981867
1.105,-0.0009646014440977679
1.106,-0.02683693593169211
1.107,-0.008356697011981867
1.108,-0.015748792579865965
1.109,0.013819589691670428
1.11,-0.012052744795923914
1.111,0.017515637475612477
1.112,0.002731446339844281
1.113,-0.02314088814775006
1.114,-0.02683693593169211
1.115,0.002731446339844281
1.116,-0.0009646014440977679
1.117,0.017515637475612477
1.118,-0.015748792579865965
1.119,-0.0009646014440977679
1.12,-0.02314088814775006
1.121,-0.0009646014440977679
1.122,-0.02683693593169211
1.123,-0.008356697011981867
1.124,-0.02683693593169211
1.125,-0.008356697011981867
1.126,0.00642749412378633
1.127,-0.019444840363808013
1.128,-0.02314088814775006
1.129,-0.004660649228039817
1.13,-0.012052744795923914
1.131,-0.02314088814775006
1.132,-0.008356697011981867
1.133,-0.0009646014440977679
1.134,0.002731446339844281
1.135,-0.008356697011981867
1.136,0.013819589691670428
1.137,0.002731446339844281
1.138,-0.0009646014440977679
1.139,-0.019444840363808013
1.14,-0.012052744795923914
1.141,-0.004660649228039817
1.142,0.013819589691670428
1.143,-0.015748792579865965
1.144,0.010123541907728378
1.145,-0.008356697011981867
1.146,0.00642749412378633
1.147,-0.008356697011981867
1.148,-0.02314088814775006
1.149,0.002731446339844281
1.15,-0.03053298371563416
1.151,-0.02314088814775006
1.152,-0.019444840363808013
1.153,0.002731446339844281
1.154,0.002731446339844281
1.155,0.002731446339844281
1.156,-0.015748792579865965
1.157,-0.008356697011981867
1.158,-0.03053298371563416
1.159,-0.019444840363808013
1.16,-0.015748792579865965
1.161,-0.015748792579865965
1.162,-0.004660649228039817
1.163,0.010123541907728378
1.164,-0.019444840363808013
1.165,-0.019444840363808013
1.166,0.010123541907728378
1.167,0.00642749412378633
1.168,0.00642749412378633
1.169,-0.008356697011981867
1.17,-0.019444840363808013
1.171,-0.004660649228039817
1.172,-0.03422903149957621
1.173,-0.004660649228039817
1.174,-0.0009646014440977679
1.175,0.010123541907728378
1.176,0.010123541907728378
1.177,-0.004660649228039817
1.178,-0.004660649228039817
1.179,0.00642749412378633
1.18,-0.0009646014440977679
1.181,-0.008356697011981867
1.182,-0.015748792579865965
1.183,0.013819589691670428
1.184,-0.012052744795923914
1.185,-0.012052744795923914
1.186,0.002731446339844281
1.187,-0.008356697011981867
1.188,0.017515637475612477
1.189,-0.004660649228039817
1.19,-0.03792507928351826
1.191,0.002731446339844281
1.192,0.00642749412378633
1.193,-0.015748792579865965
1.194,0.010123541907728378
1.195,-0.012052744795923914
1.196,-0.02683693593169211
1.197,-0.004660649228039817
1.198,0.00642749412378633
1.199,-0.03053298371563416
1.2,-0.008356697011981867
1.201,0.002731446339844281
1.202,0.00642749412378633
1.203,-0.012052744795923914
1.204,-0.019444840363808013
1.205,-0.004660649228039817
1.206,-0.019444840363808013
1.207,-0.019444840363808013
1.208,-0.008356697011981867
1.209,-0.008356697011981867
1.21,-0.012052744795923914
1.211,-0.008356697011981867
1.212,0.00642749412378633
1.213,-0.012052744795923914
1.214,0.002731446339844281
1.215,-0.004660649228039817
1.216,-0.03053298371563416
1.217,-0.0009646014440977679
1.218,0.010123541907728378
1.219,-0.004660649228039817
1.22,-0.008356697011981867
1.221,-0.004660649228039817
1.222,-0.0009646014440977679
1.223,0.028603780827438623
1.224,0.00642749412378633
1.225,-0.012052744795923914
1.226,-0.012052744795923914
1.227,-0.019444840363808013
1.228,-0.015748792579865965
1.229,-0.0009646014440977679
1.23,-0.019444840363808013
1.231,0.013819589691670428
1.232,-0.012052744795923914
1.233,-0.004660649228039817
1.234,-0.019444840363808013
1.235,-0.012052744795923914
1.236,-0.012052744795923914
1.237,-0.012052744795923914
1.238,-0.008356697011981867
1.239,-0.0009646014440977679
1.24,-0.0009646014440977679
1.241,0.00642749412378633
1.242,-0.004660649228039817
1.243,0.00642749412378633
1.244,-0.0009646014440977679
1.245,-0.004660649228039817
1.246,0.002731446339844281
1.247,-0.015748792579865965
1.248,-0.0009646014440977679
1.249,-0.008356697011981867
1.25,-0.02314088814775006
1.251,0.002731446339844281
1.252,-0.0009646014440977679
1.253,-0.008356697011981867
1.254,-0.008356697011981867
1.255,-0.008356697011981867
1.256,-0.008356697011981867
1.257,-0.012052744795923914
1.258,-0.019444840363808013
1.259,-0.004660649228039817
1.26,0.002731446339844281
1.261,0.010123541907728378
1.262,0.002731446339844281
1.263,-0.004660649228039817
1.264,-0.02683693593169211
1.265,0.00642749412378633
1.266,0.00642749412378633
1.267,-0.0009646014440977679
1.268,-0.015748792579865965
1.269,-0.004660649228039817
1.27,-0.019444840363808013
1.271,-0.008356697011981867
1.272,-0.0009646014440977679
1.273,-0.02314088814775006
1.274,-0.03792507928351826
1.275,-0.019444840363808013
1.276,-0.008356697011981867
1.277,-0.019444840363808013
1.278,-0.008356697011981867
1.279,-0.008356697011981867
1.28,0.021211685259554525
1.281,-0.019444840363808013
1.282,-0.004660649228039817
1.283,-0.008356697011981867
1.284,-0.0009646014440977679
1.285,-0.004660649228039817
1.286,-0.004660649228039817
1.287,-0.012052744795923914
1.288,-0.008356697011981867
1.289,-0.015748792579865965
1.29,-0.008356697011981867
1.291,0.013819589691670428
1.292,0.002731446339844281
1.293,-0.004660649228039817
1.294,-0.02314088814775006
1.295,-0.004660649228039817
1.296,-0.004660649228039817
1.297,-0.015748792579865965
1.298,-0.015748792579865965
1.299,0.002731446339844281
1.3,-0.012052744795923914
1.301,-0.008356697011981867
1.302,0.002731446339844281
1.303,-0.0009646014440977679
1.304,0.00642749412378633
1.305,-0.012052744795923914
1.306,-0.0009646014440977679
1.307,0.002731446339844281
1.308,-0.019444840363808013
1.309,0.002731446339844281
1.31,-0.012052744795923914
1.311,-0.012052744795923914
1.312,-0.0009646014440977679
1.313,-0.004660649228039817
1.314,-0.0009646014440977679
1.315,-0.015748792579865965
1.316,-0.008356697011981867
1.317,0.03229982861138067
1.318,0.002731446339844281
1.319,0.010123541907728378
1.32,0.010123541907728378
1.321,0.00642749412378633
1.322,0.00642749412378633
1.323,-0.03422903149957621
1.324,0.03229982861138067
1.325,0.002731446339844281
1.326,-0.008356697011981867
1.327,-0.019444840363808013
1.328,-0.015748792579865965
1.329,-0.012052744795923914
1.33,-0.02683693593169211
1.331,0.00642749412378633
1.332,-0.0009646014440977679
1.333,-0.02314088814775006
1.334,-0.02683693593169211
1.335,-0.02314088814775006
1.336,-0.008356697011981867
1.337,-0.015748792579865965
1.338,0.00642749412378633
1.339,-0.02683693593169211
1.34,-0.03053298371563416
1.341,-0.008356697011981867
1.342,-0.012052744795923914
1.343,-0.008356697011981867
1.344,-0.004660649228039817
1.345,0.010123541907728378
1.346,-0.008356697011981867
1.347,-0.019444840363808013
1.348,-0.03053298371563416
1.349,-0.0009646014440977679
1.35,-0.008356697011981867
1.351,-0.012052744795923914
1.352,-0.019444840363808013
1.353,-0.019444840363808013
1.354,-0.008356697011981867
1.355,-0.012052744795923914
1.356,-0.008356697011981867
1.357,-0.004660649228039817
1.358,-0.0009646014440977679
1.359,-0.019444840363808013
1.36,-0.019444840363808013
1.361,0.010123541907728378
1.362,-0.03053298371563416
1.363,-0.012052744795923914
1.364,-0.03422903149957621
1.365,0.00642749412378633
1.366,0.00642749412378633
1.367,-0.0009646014440977679
1.368,-0.008356697011981867
1.369,-0.004660649228039817
1.37,-0.02683693593169211
1.371,-0.0009646014440977679
1.372,-0.012052744795923914
1.373,-0.008356697011981867
1.374,-0.019444840363808013
1.375,0.002731446339844281
1.376,-0.0009646014440977679
1.377,0.002731446339844281
1.378,-0.0009646014440977679
1.379,0.013819589691670428
1.38,-0.008356697011981867
1.381,-0.015748792579865965
1.382,-0.0009646014440977679
1.383,-0.04162112706746031
1.384,-0.008356697011981867
1.385,0.017515637475612477
1.386,-0.004660649228039817
1.387,-0.008356697011981867
1.388,-0.008356697011981867
1.389,0.002731446339844281
1.39,-0.015748792579865965
1.391,0.010123541907728378
1.392,-0.019444840363808013
1.393,-0.004660649228039817
1.394,-0.02314088814775006
1.395,-0.004660649228039817
1.396,0.010123541907728378
1.397,0.013819589691670428
1.398,0.00642749412378633
1.399,-0.015748792579865965
1.4,-0.02314088814775006
1.401,-0.012052744795923914
1.402,-0.02314088814775006
1.403,0.024907733043496576
1.404,0.010123541907728378
1.405,0.002731446339844281
1.406,-0.008356697011981867
1.407,-0.015748792579865965
1.408,-0.004660649228039817
1.409,-0.0009646014440977679
1.41,-0.019444840363808013
1.411,-0.03792507928351826
1.412,-0.004660649228039817
1.413,-0.008356697011981867
1.414,0.002731446339844281
1.415,0.013819589691670428
1.416,0.00642749412378633
1.417,-0.008356697011981867
1.418,-0.004660649228039817
1.419,0.028603780827438623
1.42,-0.008356697011981867
1.421,-0.008356697011981867
1.422,-0.02683693593169211
1.423,-0.0009646014440977679
1.424,0.010123541907728378
1.425,-0.02314088814775006
1.426,-0.008356697011981867
1.427,0.010123541907728378
1.428,-0.008356697011981867
1.429,-0.019444840363808013
1.43,-0.0009646014440977679
1.431,0.00642749412378633
1.432,0.002731446339844281
1.433,-0.0009646014440977679
1.434,-0.012052744795923914
1.435,0.00642749412378633
1.436,-0.0009646014440977679
1.437,-0.02314088814775006
1.438,0.002731446339844281
1.439,-0.008356697011981867
1.44,-0.012052744795923914
1.441,-0.008356697011981867
1.442,0.021211685259554525
1.443,-0.004660649228039817
1.444,-0.0009646014440977679
1.445,-0.015748792579865965
1.446,-0.0009646014440977679
1.447,-0.004660649228039817
1.448,-0.004660649228039817
1.449,-0.03422903149957621
1.45,-0.012052744795923914
1.451,-0.008356697011981867
1.452,-0.012052744795923914
1.453,0.010123541907728378
1.454,-0.0009646014440977679
1.455,-0.012052744795923914
1.456,-0.019444840363808013
1.457,0.002731446339844281
1.458,-0.02314088814775006
1.459,-0.012052744795923914
1.46,-0.012052744795923914
1.461,0.00642749412378633
1.462,-0.0009646014440977679
1.463,-0.03422903149957621
1.464,-0.008356697011981867
1.465,-0.019444840363808013
1.466,-0.0009646014440977679
1.467,0.013819589691670428
1.468,-0.019444840363808013
1.469,-0.012052744795923914
1.47,-0.019444840363808013
1.471,-0.008356697011981867
1.472,-0.008356697011981867
1.473,-0.015748792579865965
1.474,-0.008356697011981867
1.475,-0.02314088814775006
1.476,-0.004660649228039817
1.477,0.002731446339844281
1.478,-0.008356697011981867
1.479,-0.004660649228039817
1.48,-0.015748792579865965
1.481,-0.03422903149957621
1.482,-0.008356697011981867
1.483,-0.004660649228039817
1.484,0.010123541907728378
1.485,-0.03422903149957621
1.486,-0.004660649228039817
1.487,-0.019444840363808013
1.488,0.002731446339844281
1.489,-0.03053298371563416
1.49,-0.004660649228039817
1.491,-0.019444840363808013
1.492,-0.008356697011981867
1.493,-0.019444840363808013
1.494,-0.004660649228039817
1.495,-0.0009646014440977679
1.496,0.002731446339844281
1.497,-0.02314088814775006
1.498,-0.004660649228039817
1.499,-0.012052744795923914
1.5,-0.019444840363808013
1.501,-0.004660649228039817
1.502,-0.015748792579865965
1.503,-0.008356697011981867
1.504,-0.015748792579865965
1.505,-0.004660649228039817
1.506,-0.004660649228039817
1.507,-0.03792507928351826
1.508,-0.004660649228039817
1.509,-0.012052744795923914
1.51,-0.004660649228039817
1.511,-0.0009646014440977679
1.512,-0.0009646014440977679
1.513,-0.012052744795923914
1.514,-0.012052744795923914
1.515,-0.012052744795923914
1.516,0.002731446339844281
1.517,-0.02314088814775006
1.518,-0.02314088814775006
1.519,-0.008356697011981867
1.52,-0.004660649228039817
1.521,-0.008356697011981867
1.522,0.013819589691670428
1.523,-0.02314088814775006
1.524,-0.03422903149957621
1.525,-0.019444840363808013
1.526,-0.019444840363808013
1.527,-0.02314088814775006
1.528,-0.02314088814775006
1.529,-0.015748792579865965
1.53,-0.02683693593169211
1.531,-0.019444840363808013
1.532,-0.015748792579865965
1.533,-0.008356697011981867
1.534,-0.012052744795923914
1.535,-0.0009646014440977679
1.536,-0.03422903149957621
1.537,-0.0009646014440977679
1.538,-0.004660649228039817
1.539,0.002731446339844281
1.54,-0.02314088814775006
1.541,-0.008356697011981867
1.542,0.002731446339844281
1.543,-0.02314088814775006
1.544,-0.008356697011981867
1.545,0.021211685259554525
1.546,-0.019444840363808013
1.547,-0.015748792579865965
1.548,-0.012052744795923914
1.549,0.002731446339844281
1.55,-0.02314088814775006
1.551,-0.008356697011981867
1.552,-0.0009646014440977679
1.553,0.002731446339844281
1.554,-0.015748792579865965
1.555,-0.03422903149957621
1.556,-0.0564053182032285
1.557,-0.015748792579865965
1.558,-0.015748792579865965
1.559,-0.012052744795923914
1.56,-0.008356697011981867
1.561,-0.012052744795923914
1.562,-0.015748792579865965
1.563,-0.008356697011981867
1.564,-0.004660649228039817
1.565,-0.015748792579865965
1.566,-0.02314088814775006
1.567,-0.008356697011981867
1.568,0.010123541907728378
1.569,0.00642749412378633
1.57,0.002731446339844281
1.571,-0.008356697011981867
1.572,-0.0009646014440977679
1.573,-0.03422903149957621
1.574,-0.015748792579865965
1.575,0.010123541907728378
1.576,-0.0009646014440977679
1.577,0.002731446339844281
1.578,-0.0009646014440977679
1.579,-0.0009646014440977679
1.58,-0.004660649228039817
1.581,-0.004660649228039817
1.582,-0.02683693593169211
1.583,-0.008356697011981867
1.584,-0.015748792579865965
1.585,0.010123541907728378
1.586,0.017515637475612477
1.587,-0.004660649228039817
1.588,-0.03053298371563416
1.589,-0.008356697011981867
1.59,-0.02683693593169211
1.591,-0.015748792579865965
1.592,-0.004660649228039817
1.593,-0.015748792579865965
1.594,-0.012052744795923914
1.595,0.021211685259554525
1.596,0.002731446339844281
1.597,-0.02683693593169211
1.598,-0.008356697011981867
1.599,-0.008356697011981867
1.6,-0.012052744795923914
1.601,-0.019444840363808013
1.602,-0.012052744795923914
1.603,-0.012052744795923914
1.604,-0.019444840363808013
1.605,-0.02683693593169211
1.606,-0.03053298371563416
1.607,-0.03422903149957621
1.608,-0.004660649228039817
1.609,0.002731446339844281
1.61,-0.015748792579865965
1.611,-0.008356697011981867
1.612,-0.019444840363808013
1.613,-0.019444840363808013
1.614,0.010123541907728378
1.615,0.002731446339844281
1.616,0.017515637475612477
1.617,-0.02314088814775006
1.618,-0.0009646014440977679
1.619,-0.008356697011981867
1.62,-0.004660649228039817
1.621,-0.03792507928351826
1.622,-0.008356697011981867
1.623,-0.0009646014440977679
1.624,-0.012052744795923914
1.625,0.00642749412378633
1.626,-0.004660649228039817
1.627,-0.004660649228039817
1.628,-0.004660649228039817
1.629,-0.008356697011981867
1.63,-0.008356697011981867
1.631,-0.012052744795923914
1.632,0.013819589691670428
1.633,-0.008356697011981867
1.634,0.00642749412378633
1.635,-0.03422903149957621
1.636,-0.004660649228039817
1.637,-0.015748792579865965
1.638,-0.004660649228039817
1.639,-0.0009646014440977679
1.64,-0.008356697011981867
1.641,0.002731446339844281
1.642,0.002731446339844281
1.643,-0.0009646014440977679
1.644,-0.03792507928351826
1.645,-0.008356697011981867
1.646,0.010123541907728378
1.647,-0.015748792579865965
1.648,0.013819589691670428
1.649,-0.0009646014440977679
1.65,-0.004660649228039817
1.651,-0.0009646014440977679
1.652,-0.015748792579865965
1.653,-0.0009646014440977679
1.654,-0.02314088814775006
1.655,0.03229982861138067
1.656,0.002731446339844281
1.657,-0.012052744795923914
1.658,-0.019444840363808013
1.659,-0.03422903149957621
1.66,0.00642749412378633
1.661,-0.012052744795923914
1.662,0.002731446339844281
1.663,0.010123541907728378
1.664,-0.004660649228039817
1.665,-0.015748792579865965
1.666,0.002731446339844281
1.667,-0.015748792579865965
1.668,-0.015748792579865965
1.669,0.002731446339844281
1.67,-0.0009646014440977679
1.671,0.002731446339844281
1.672,-0.004660649228039817
1.673,0.00642749412378633
1.674,0.00642749412378633
1.675,-0.0009646014440977679
1.676,-0.012052744795923914
1.677,-0.004660649228039817
1.678,0.017515637475612477
1.679,-0.015748792579865965
1.68,-0.02683693593169211
1.681,-0.008356697011981867
1.682,0.024907733043496576
1.683,-0.004660649228039817
1.684,-0.012052744795923914
1.685,-0.015748792579865965
1.686,-0.02683693593169211
1.687,-0.02314088814775006
1.688,-0.019444840363808013
1.689,-0.019444840363808013
1.69,-0.012052744795923914
1.691,0.002731446339844281
1.692,-0.008356697011981867
1.693,-0.004660649228039817
1.694,-0.02314088814775006
1.695,-0.004660649228039817
1.696,-0.004660649228039817
1.697,-0.004660649228039817
1.698,0.010123541907728378
1.699,-0.004660649228039817
1.7,-0.03053298371563416
1.701,-0.015748792579865965
1.702,-0.019444840363808013
1.703,-0.015748792579865965
1.704,-0.015748792579865965
1.705,-0.015748792579865965
1.706,-0.019444840363808013
1.707,0.010123541907728378
1.708,-0.012052744795923914
1.709,-0.03053298371563416
1.71,0.002731446339844281
1.711,-0.004660649228039817
1.712,-0.012052744795923914
1.713,0.002731446339844281
1.714,-0.0009646014440977679
1.715,0.002731446339844281
1.716,-0.03422903149957621
1.717,-0.012052744795923914
1.718,-0.008356697011981867
1.719,-0.012052744795923914
1.72,-0.008356697011981867
1.721,-0.02683693593169211
1.722,-0.012052744795923914
1.723,-0.015748792579865965
1.724,-0.015748792579865965
1.725,-0.008356697011981867
1.726,-0.004660649228039817
1.727,0.00642749412378633
1.728,-0.03053298371563416
1.729,0.00642749412378633
1.73,-0.02314088814775006
1.731,-0.0009646014440977679
1.732,0.010123541907728378
1.733,-0.008356697011981867
1.734,-0.02683693593169211
1.735,-0.008356697011981867
1.736,-0.02683693593169211
1.737,-0.008356697011981867
1.738,-0.008356697011981867
1.739,-0.012052744795923914
1.74,0.002731446339844281
1.741,0.00642749412378633
1.742,-0.008356697011981867
1.743,0.024907733043496576
1.744,0.002731446339844281
1.745,0.00642749412378633
1.746,-0.02314088814775006
1.747,-0.015748792579865965
1.748,-0.02314088814775006
1.749,-0.04162112706746031
1.75,0.00642749412378633
1.751,-0.015748792579865965
1.752,-0.019444840363808013
1.753,-0.02314088814775006
1.754,-0.008356697011981867
1.755,0.010123541907728378
1.756,-0.004660649228039817
1.757,-0.012052744795923914
1.758,-0.012052744795923914
1.759,-0.008356697011981867
1.76,-0.0009646014440977679
1.761,-0.015748792579865965
1.762,-0.02683693593169211
1.763,0.002731446339844281
1.764,0.00642749412378633
1.765,-0.004660649228039817
1.766,-0.02314088814775006
1.767,-0.0009646014440977679
1.768,-0.008356697011981867
1.769,-0.019444840363808013
1.77,-0.004660649228039817
1.771,-0.008356697011981867
1.772,-0.008356697011981867
1.773,-0.0009646014440977679
1.774,-0.012052744795923914
1.775,-0.008356697011981867
1.776,-0.02683693593169211
1.777,-0.012052744795923914
1.778,0.00642749412378633
1.779,-0.004660649228039817
1.78,0.002731446339844281
1.781,-0.008356697011981867
1.782,0.010123541907728378
1.783,-0.008356697011981867
1.784,0.010123541907728378
1.785,0.002731446339844281
1.786,-0.008356697011981867
1.787,-0.02314088814775006
1.788,-0.012052744795923914
1.789,-0.004660649228039817
1.79,-0.004660649228039817
1.791,-0.04162112706746031
1.792,-0.03422903149957621
1.793,0.00642749412378633
1.794,-0.03053298371563416
1.795,-0.015748792579865965
1.796,-0.019444840363808013
1.797,0.002731446339844281
1.798,0.002731446339844281
1.799,-0.019444840363808013
1.8,0.00642749412378633
1.801,-0.008356697011981867
1.802,0.010123541907728378
1.803,-0.015748792579865965
1.804,-0.008356697011981867
1.805,0.002731446339844281
1.806,-0.015748792579865965
1.807,-0.0009646014440977679
1.808,-0.012052744795923914
1.809,0.013819589691670428
1.81,-0.02683693593169211
1.811,0.010123541907728378
1.812,0.010123541907728378
1.813,-0.008356697011981867
1.814,0.00642749412378633
1.815,0.002731446339844281
1.816,-0.015748792579865965
1.817,-0.004660649228039817
1.818,-0.0009646014440977679
1.819,-0.015748792579865965
1.82,-0.008356697011981867
1.821,-0.008356697011981867
1.822,-0.012052744795923914
1.823,-0.0009646014440977679
1.824,-0.0009646014440977679
1.825,-0.008356697011981867
1.826,-0.015748792579865965
1.827,-0.004660649228039817
1.828,0.010123541907728378
1.829,-0.015748792579865965
1.83,-0.02683693593169211
1.831,-0.0009646014440977679
1.832,-0.004660649228039817
1.833,-0.015748792579865965
1.834,0.028603780827438623
1.835,-0.012052744795923914
1.836,-0.019444840363808013
1.837,-0.015748792579865965
1.838,0.002731446339844281
1.839,-0.0009646014440977679
1.84,-0.019444840363808013
1.841,0.00642749412378633
1.842,-0.0009646014440977679
1.843,-0.015748792579865965
1.844,-0.008356697011981867
1.845,-0.008356697011981867
1.846,-0.012052744795923914
1.847,-0.015748792579865965
1.848,-0.02314088814775006
1.849,-0.02314088814775006
1.85,-0.008356697011981867
1.851,0.002731446339844281
1.852,-0.008356697011981867
1.853,0.002731446339844281
1.854,-0.012052744795923914
1.855,0.002731446339844281
1.856,-0.0009646014440977679
1.857,-0.012052744795923914
1.858,0.013819589691670428
1.859,-0.03422903149957621
1.86,-0.015748792579865965
1.861,-0.015748792579865965
1.862,0.00642749412378633
1.863,-0.0009646014440977679
1.864,0.002731446339844281
1.865,-0.004660649228039817
1.866,0.002731446339844281
1.867,-0.008356697011981867
1.868,-0.004660649228039817
1.869,0.002731446339844281
1.87,-0.015748792579865965
1.871,-0.004660649228039817
1.872,-0.012052744795923914
1.873,0.013819589691670428
1.874,-0.008356697011981867
1.875,-0.02314088814775006
1.876,-0.004660649228039817
1.877,-0.008356697011981867
1.878,-0.012052744795923914
1.879,-0.004660649228039817
1.88,-0.012052744795923914
1.881,-0.019444840363808013
1.882,-0.012052744795923914
1.883,-0.008356697011981867
1.884,-0.015748792579865965
1.885,-0.008356697011981867
1.886,-0.02314088814775006
1.887,-0.019444840363808013
1.888,-0.004660649228039817
1.889,0.00642749412378633
1.89,-0.012052744795923914
1.891,-0.008356697011981867
1.892,-0.012052744795923914
1.893,-0.008356697011981867
1.894,-0.019444840363808013
1.895,0.010123541907728378
1.896,-0.008356697011981867
1.897,-0.03422903149957621
1.898,-0.015748792579865965
1.899,-0.012052744795923914
1.9,0.010123541907728378
1.901,-0.008356697011981867
1.902,0.013819589691670428
1.903,-0.004660649228039817
1.904,-0.0009646014440977679
1.905,0.002731446339844281
1.906,-0.004660649228039817
1.907,-0.02683693593169211
1.908,0.002731446339844281
1.909,-0.008356697011981867
1.91,-0.0009646014440977679
1.911,-0.012052744795923914
1.912,-0.015748792579865965
1.913,0.00642749412378633
1.914,0.010123541907728378
1.915,-0.02314088814775006
1.916,-0.0009646014440977679
1.917,-0.008356697011981867
1.918,-0.008356697011981867
1.919,-0.012052744795923914
1.92,0.002731446339844281
1.921,0.00642749412378633
1.922,-0.004660649228039817
1.923,-0.02314088814775006
1.924,-0.02314088814775006
1.925,-0.02314088814775006
1.926,-0.012052744795923914
1.927,-0.02314088814775006
1.928,-0.015748792579865965
1.929,0.010123541907728378
1.93,0.002731446339844281
1.931,-0.008356697011981867
1.932,-0.0009646014440977679
1.933,0.010123541907728378
1.934,0.013819589691670428
1.935,-0.008356697011981867
1.936,-0.02683693593169211
1.937,-0.004660649228039817
1.938,-0.019444840363808013
1.939,-0.02314088814775006
1.94,-0.008356697011981867
1.941,-0.03792507928351826
1.942,-0.03422903149957621
1.943,-0.015748792579865965
1.944,-0.012052744795923914
1.945,-0.02314088814775006
1.946,-0.012052744795923914
1.947,0.002731446339844281
1.948,-0.004660649228039817
1.949,-0.03053298371563416
1.95,-0.02314088814775006
1.951,-0.02314088814775006
1.952,-0.03422903149957621
1.953,-0.03422903149957621
1.954,-0.012052744795923914
1.955,-0.0009646014440977679
1.956,0.010123541907728378
1.957,-0.0009646014440977679
1.958,0.010123541907728378
1.959,-0.004660649228039817
1.96,0.00642749412378633
1.961,-0.0009646014440977679
1.962,-0.008356697011981867
1.963,-0.004660649228039817
1.964,-0.008356697011981867
1.965,-0.0009646014440977679
1.966,-0.019444840363808013
1.967,-0.004660649228039817
1.968,-0.015748792579865965
1.969,-0.03053298371563416
1.97,-0.03053298371563416
1.971,-0.012052744795923914
1.972,-0.004660649228039817
1.973,-0.008356697011981867
1.974,-0.004660649228039817
1.975,-0.019444840363808013
1.976,0.00642749412378633
1.977,-0.015748792579865965
1.978,-0.03792507928351826
1.979,-0.019444840363808013
1.98,-0.004660649228039817
1.981,-0.02314088814775006
1.982,-0.02683693593169211
1.983,-0.012052744795923914
1.984,-0.012052744795923914
1.985,-0.015748792579865965
1.986,-0.012052744795923914
1.987,-0.004660649228039817
1.988,-0.004660649228039817
1.989,0.002731446339844281
1.99,0.010123541907728378
1.991,-0.015748792579865965
1.992,-0.008356697011981867
1.993,-0.015748792579865965
1.994,-0.004660649228039817
1.995,-0.004660649228039817
1.996,0.013819589691670428
1.997,-0.015748792579865965
1.998,0.002731446339844281
1.999,-0.019444840363808013
2.0,0.010123541907728378
2.001,0.021211685259554525
2.002,-0.012052744795923914
2.003,-0.008356697011981867
2.004,-0.0009646014440977679
2.005,-0.015748792579865965
2.006,-0.012052744795923914
2.007,0.013819589691670428
2.008,-0.019444840363808013
2.009,-0.02314088814775006
2.01,-0.02314088814775006
2.011,-0.004660649228039817
2.012,-0.019444840363808013
2.013,-0.0009646014440977679
2.014,-0.008356697011981867
2.015,-0.0009646014440977679
2.016,-0.004660649228039817
2.017,0.013819589691670428
2.018,-0.004660649228039817
2.019,-0.004660649228039817
2.02,0.002731446339844281
2.021,-0.015748792579865965
2.022,-0.008356697011981867
2.023,-0.015748792579865965
2.024,-0.012052744795923914
2.025,0.017515637475612477
2.026,-0.02683693593169211
2.027,-0.02314088814775006
2.028,0.00642749412378633
2.029,-0.008356697011981867
2.03,0.013819589691670428
2.031,-0.012052744795923914
2.032,-0.03053298371563416
2.033,-0.019444840363808013
2.034,-0.008356697011981867
2.035,-0.02314088814775006
2.036,-0.004660649228039817
2.037,-0.008356697011981867
2.038,-0.02683693593169211
2.039,-0.004660649228039817
2.04,-0.03053298371563416
2.041,-0.0009646014440977679
2.042,-0.012052744795923914
2.043,0.00642749412378633
2.044,-0.015748792579865965
2.045,-0.0009646014440977679
2.046,-0.02314088814775006
2.047,0.00642749412378633
2.048,-0.008356697011981867
2.049,-0.008356697011981867
2.05,-0.019444840363808013
2.051,-0.019444840363808013
2.052,0.00642749412378633
2.053,-0.0009646014440977679
2.054,-0.008356697011981867
2.055,0.00642749412378633
2.056,-0.019444840363808013
2.057,0.002731446339844281
2.058,-0.019444840363808013
2.059,0.00642749412378633
2.06,-0.012052744795923914
2.061,-0.019444840363808013
2.062,-0.02683693593169211
2.063,-0.004660649228039817
2.064,0.002731446339844281
2.065,-0.012052744795923914
2.066,0.013819589691670428
2.067,-0.02314088814775006
2.068,0.002731446339844281
2.069,-0.012052744795923914
2.07,-0.03422903149957621
2.071,-0.03422903149957621
2.072,-0.015748792579865965
2.073,-0.015748792579865965
2.074,-0.012052744795923914
2.075,-0.008356697011981867
2.076,-0.0009646014440977679
2.077,0.002731446339844281
2.078,-0.019444840363808013
2.079,-0.012052744795923914
2.08,-0.004660649228039817
2.081,0.013819589691670428
2.082,-0.02683693593169211
2.083,-0.02314088814775006
2.084,-0.0009646014440977679
2.085,-0.008356697011981867
2.086,-0.02314088814775006
2.087,0.010123541907728378
2.088,-0.004660649228039817
2.089,0.002731446339844281
2.09,-0.019444840363808013
2.091,-0.012052744795923914
2.092,-0.019444840363808013
2.093,-0.0009646014440977679
2.094,-0.02683693593169211
2.095,-0.008356697011981867
2.096,-0.0009646014440977679
2.097,-0.004660649228039817
2.098,-0.0009646014440977679
2.099,-0.0009646014440977679
2.1,-0.004660649228039817
2.101,-0.015748792579865965
2.102,-0.0009646014440977679
2.103,0.002731446339844281
2.104,-0.004660649228039817
2.105,-0.004660649228039817
2.106,-0.019444840363808013
2.107,-0.004660649228039817
2.108,-0.008356697011981867
2.109,0.002731446339844281
2.11,-0.012052744795923914
2.111,-0.02314088814775006
2.112,-0.008356697011981867
2.113,-0.019444840363808013
2.114,-0.008356697011981867
2.115,-0.008356697011981867
2.116,-0.0009646014440977679
2.117,-0.019444840363808013
2.118,-0.0009646014440977679
2.119,-0.012052744795923914
2.12,-0.008356697011981867
2.121,-0.008356697011981867
2.122,-0.019444840363808013
2.123,-0.008356697011981867
2.124,-0.019444840363808013
2.125,-0.012052744795923914
2.126,-0.004660649228039817
2.127,-0.0009646014440977679
2.128,-0.015748792579865965
2.129,-0.008356697011981867
2.13,0.002731446339844281
2.131,-0.008356697011981867
2.132,-0.02314088814775006
2.133,-0.012052744795923914
2.134,-0.019444840363808013
2.135,-0.02683693593169211
2.136,-0.012052744795923914
2.137,-0.015748792579865965
2.138,-0.008356697011981867
2.139,-0.019444840363808013
2.14,-0.019444840363808013
2.141,-0.004660649228039817
2.142,0.010123541907728378
2.143,-0.019444840363808013
2.144,-0.008356697011981867
2.145,-0.012052744795923914
2.146,0.00642749412378633
2.147,-0.004660649228039817
2.148,-0.012052744795923914
2.149,-0.019444840363808013
2.15,0.00642749412378633
2.151,-0.012052744795923914
2.152,-0.012052744795923914
2.153,-0.03422903149957621
2.154,-0.03053298371563416
2.155,-0.015748792579865965
2.156,-0.03422903149957621
2.157,0.00642749412378633
2.158,-0.015748792579865965
2.159,0.010123541907728378
2.16,-0.02683693593169211
2.161,-0.019444840363808013
2.162,-0.004660649228039817
2.163,-0.012052744795923914
2.164,-0.02683693593169211
2.165,-0.015748792579865965
2.166,0.010123541907728378
2.167,-0.004660649228039817
2.168,-0.02314088814775006
2.169,0.00642749412378633
2.17,-0.019444840363808013
2.171,-0.004660649228039817
2.172,-0.03422903149957621
2.173,-0.008356697011981867
2.174,-0.004660649228039817
2.175,-0.02314088814775006
2.176,-0.012052744795923914
2.177,-0.0009646014440977679
2.178,-0.019444840363808013
2.179,0.002731446339844281
2.18,-0.019444840363808013
2.181,-0.012052744795923914
2.182,-0.012052744795923914
2.183,-0.008356697011981867
2.184,-0.0009646014440977679
2.185,-0.019444840363808013
2.186,-0.02314088814775006
2.187,0.013819589691670428
2.188,-0.02683693593169211
2.189,-0.019444840363808013
2.19,-0.019444840363808013
2.191,-0.008356697011981867
2.192,0.010123541907728378
2.193,-0.004660649228039817
2.194,-0.0009646014440977679
2.195,-0.03053298371563416
2.196,-0.02314088814775006
2.197,-0.015748792579865965
2.198,-0.0009646014440977679
2.199,-0.019444840363808013
2.2,-0.015748792579865965
2.201,-0.015748792579865965
2.202,0.00642749412378633
2.203,-0.008356697011981867
2.204,-0.004660649228039817
2.205,-0.02683693593169211
2.206,-0.02683693593169211
2.207,0.013819589691670428
2.208,0.00642749412378633
2.209,-0.03422903149957621
2.21,-0.012052744795923914
2.211,0.002731446339844281
2.212,-0.004660649228039817
2.213,-0.02683693593169211
2.214,-0.008356697011981867
2.215,-0.0009646014440977679
2.216,-0.004660649228039817
2.217,-0.012052744795923914
2.218,-0.012052744795923914
2.219,-0.015748792579865965
2.22,0.021211685259554525
2.221,0.010123541907728378
2.222,0.002731446339844281
2.223,-0.012052744795923914
2.224,0.010123541907728378
2.225,-0.012052744795923914
2.226,-0.004660649228039817
2.227,-0.008356697011981867
2.228,-0.012052744795923914
2.229,-0.02683693593169211
2.23,-0.02314088814775006
2.231,-0.008356697011981867
2.232,0.00642749412378633
2.233,0.002731446339844281
2.234,0.013819589691670428
2.235,0.021211685259554525
2.236,-0.008356697011981867
2.237,-0.008356697011981867
2.238,-0.015748792579865965
2.239,-0.015748792579865965
2.24,-0.015748792579865965
2.241,-0.008356697011981867
2.242,-0.012052744795923914
2.243,-0.004660649228039817
2.244,-0.015748792579865965
2.245,-0.0009646014440977679
2.246,-0.0009646014440977679
2.247,0.002731446339844281
2.248,0.002731446339844281
2.249,-0.03053298371563416
2.25,-0.012052744795923914
2.251,-0.004660649228039817
2.252,0.010123541907728378
2.253,-0.019444840363808013
2.254,-0.015748792579865965
2.255,-0.015748792579865965
2.256,-0.019444840363808013
2.257,-0.004660649228039817
2.258,-0.02314088814775006
2.259,-0.004660649228039817
2.26,-0.008356697011981867
2.261,-0.03422903149957621
2.262,-0.004660649228039817
2.263,-0.008356697011981867
2.264,-0.02683693593169211
2.265,0.021211685259554525
2.266,-0.0009646014440977679
2.267,-0.03422903149957621
2.268,-0.015748792579865965
2.269,0.00642749412378633
2.27,0.010123541907728378
2.271,-0.02683693593169211
2.272,-0.015748792579865965
2.273,-0.008356697011981867
2.274,-0.004660649228039817
2.275,-0.008356697011981867
2.276,-0.012052744795923914
2.277,-0.008356697011981867
2.278,-0.012052744795923914
2.279,-0.012052744795923914
2.28,-0.008356697011981867
2.281,-0.012052744795923914
2.282,0.010123541907728378
2.283,0.013819589691670428
2.284,-0.004660649228039817
2.285,-0.02683693593169211
2.286,-0.008356697011981867
2.287,-0.012052744795923914
2.288,0.002731446339844281
2.289,-0.015748792579865965
2.29,0.010123541907728378
2.291,-0.0009646014440977679
2.292,-0.012052744795923914
2.293,-0.004660649228039817
2.294,0.002731446339844281
2.295,-0.015748792579865965
2.296,-0.012052744795923914
2.297,0.00642749412378633
2.298,-0.012052744795923914
2.299,-0.004660649228039817
2.3,0.00642749412378633
2.301,-0.004660649228039817
2.302,-0.0009646014440977679
2.303,-0.004660649228039817
2.304,-0.008356697011981867
2.305,-0.0009646014440977679
2.306,-0.03792507928351826
2.307,0.00642749412378633
2.308,0.00642749412378633
2.309,-0.0009646014440977679
2.31,-0.008356697011981867
2.311,0.002731446339844281
2.312,0.002731446339844281
2.313,-0.004660649228039817
2.314,-0.02683693593169211
2.315,0.002731446339844281
2.316,-0.03053298371563416
2.317,-0.015748792579865965
2.318,0.00642749412378633
2.319,0.002731446339844281
2.32,-0.015748792579865965
2.321,-0.012052744795923914
2.322,-0.015748792579865965
2.323,-0.015748792579865965
2.324,0.017515637475612477
2.325,-0.004660649228039817
2.326,-0.0009646014440977679
2.327,-0.0009646014440977679
2.328,-0.03053298371563416
2.329,-0.008356697011981867
2.33,0.017515637475612477
2.331,-0.02683693593169211
2.332,0.002731446339844281
2.333,-0.0009646014440977679
2.334,0.024907733043496576
2.335,-0.004660649228039817
2.336,0.00642749412378633
2.337,-0.02314088814775006
2.338,0.002731446339844281
2.339,-0.012052744795923914
2.34,0.00642749412378633
2.341,-0.019444840363808013
2.342,0.013819589691670428
2.343,-0.02683693593169211
2.344,-0.004660649228039817
2.345,0.00642749412378633
2.346,-0.019444840363808013
2.347,-0.008356697011981867
2.348,-0.008356697011981867
2.349,-0.02683693593169211
2.35,-0.008356697011981867
2.351,-0.008356697011981867
2.352,-0.019444840363808013
2.353,0.00642749412378633
2.354,-0.0009646014440977679
2.355,0.013819589691670428
2.356,-0.008356697011981867
2.357,-0.008356697011981867
2.358,-0.008356697011981867
2.359,-0.015748792579865965
2.36,-0.015748792579865965
2.361,-0.0009646014440977679
2.362,0.00642749412378633
2.363,-0.008356697011981867
2.364,-0.019444840363808013
2.365,-0.02314088814775006
2.366,-0.012052744795923914
2.367,-0.008356697011981867
2.368,0.00642749412378633
2.369,0.00642749412378633
2.37,-0.019444840363808013
2.371,-0.03053298371563416
2.372,-0.019444840363808013
2.373,-0.0009646014440977679
2.374,-0.049013222635344404
2.375,-0.008356697011981867
2.376,-0.03422903149957621
2.377,-0.0009646014440977679
2.378,-0.019444840363808013
2.379,-0.012052744795923914
2.38,-0.015748792579865965
2.381,-0.008356697011981867
2.382,-0.019444840363808013
2.383,-0.008356697011981867
2.384,-0.004660649228039817
2.385,-0.012052744795923914
2.386,-0.015748792579865965
2.387,-0.015748792579865965
2.388,-0.008356697011981867
2.389,-0.012052744795923914
2.39,-0.019444840363808013
2.391,0.00642749412378633
2.392,-0.012052744795923914
2.393,-0.012052744795923914
2.394,-0.015748792579865965
2.395,-0.008356697011981867
2.396,-0.008356697011981867
2.397,-0.015748792579865965
2.398,0.00642749412378633
2.399,-0.012052744795923914
2.4,-0.004660649228039817
2.401,-0.008356697011981867
2.402,-0.02314088814775006
2.403,-0.012052744795923914
2.404,-0.02314088814775006
2.405,-0.015748792579865965
2.406,-0.019444840363808013
2.407,0.002731446339844281
2.408,-0.012052744795923914
2.409,-0.03422903149957621
2.41,-0.008356697011981867
2.411,-0.019444840363808013
2.412,-0.012052744795923914
2.413,-0.015748792579865965
2.414,-0.0009646014440977679
2.415,-0.012052744795923914
2.416,0.010123541907728378
2.417,-0.015748792579865965
2.418,-0.02683693593169211
2.419,-0.019444840363808013
2.42,0.00642749412378633
2.421,-0.015748792579865965
2.422,-0.019444840363808013
2.423,0.010123541907728378
2.424,-0.015748792579865965
2.425,-0.008356697011981867
2.426,-0.019444840363808013
2.427,-0.012052744795923914
2.428,0.002731446339844281
2.429,-0.008356697011981867
2.43,-0.019444840363808013
2.431,-0.03053298371563416
2.432,-0.0009646014440977679
2.433,-0.019444840363808013
2.434,-0.008356697011981867
2.435,-0.008356697011981867
2.436,-0.03792507928351826
2.437,-0.012052744795923914
2.438,-0.015748792579865965
2.439,-0.019444840363808013
2.44,-0.02683693593169211
2.441,0.002731446339844281
2.442,-0.015748792579865965
2.443,0.00642749412378633
2.444,-0.02314088814775006
2.445,0.010123541907728378
2.446,-0.015748792579865965
2.447,-0.004660649228039817
2.448,0.002731446339844281
2.449,-0.004660649228039817
2.45,-0.0009646014440977679
2.451,-0.012052744795923914
2.452,0.002731446339844281
2.453,-0.008356697011981867
2.454,-0.008356697011981867
2.455,-0.015748792579865965
2.456,-0.03053298371563416
2.457,-0.008356697011981867
2.458,0.010123541907728378
2.459,-0.004660649228039817
2.46,-0.02314088814775006
2.461,0.010123541907728378
2.462,-0.015748792579865965
2.463,-0.0009646014440977679
2.464,-0.02683693593169211
2.465,-0.008356697011981867
2.466,-0.0009646014440977679
2.467,-0.0009646014440977679
2.468,-0.008356697011981867
2.469,0.024907733043496576
2.47,0.002731446339844281
2.471,-0.008356697011981867
2.472,-0.015748792579865965
2.473,-0.019444840363808013
2.474,-0.02314088814775006
2.475,0.002731446339844281
2.476,-0.015748792579865965
2.477,-0.004660649228039817
2.478,-0.012052744795923914
2.479,-0.02683693593169211
2.48,-0.03422903149957621
2.481,-0.008356697011981867
2.482,-0.04162112706746031
2.483,0.002731446339844281
2.484,-0.012052744795923914
2.485,0.010123541907728378
2.486,-0.015748792579865965
2.487,-0.03422903149957621
2.488,-0.019444840363808013
2.489,-0.03422903149957621
2.49,-0.019444840363808013
2.491,0.010123541907728378
2.492,-0.008356697011981867
2.493,-0.015748792579865965
2.494,-0.008356697011981867
2.495,-0.0009646014440977679
2.496,-0.02683693593169211
2.497,-0.004660649228039817
2.498,-0.02314088814775006
2.499,0.002731446339844281
2.5,-0.019444840363808013
2.501,0.017515637475612477
2.502,-0.004660649228039817
2.503,0.00642749412378633
2.504,-0.012052744795923914
2.505,0.00642749412378633
2.506,-0.02314088814775006
2.507,0.010123541907728378
2.508,-0.0009646014440977679
2.509,-0.03053298371563416
2.51,-0.008356697011981867
2.511,-0.004660649228039817
2.512,0.013819589691670428
2.513,-0.004660649228039817
2.514,-0.015748792579865965
2.515,-0.0009646014440977679
2.516,-0.008356697011981867
2.517,-0.0009646014440977679
2.518,-0.004660649228039817
2.519,-0.02683693593169211
2.52,-0.019444840363808013
2.521,-0.012052744795923914
2.522,-0.012052744795923914
2.523,-0.0009646014440977679
2.524,-0.03053298371563416
2.525,-0.02314088814775006
2.526,-0.0009646014440977679
2.527,0.002731446339844281
2.528,-0.008356697011981867
2.529,-0.008356697011981867
2.53,-0.008356697011981867
2.531,-0.0009646014440977679
2.532,0.021211685259554525
2.533,-0.03792507928351826
2.534,0.002731446339844281
2.535,-0.04162112706746031
2.536,-0.015748792579865965
2.537,-0.004660649228039817
2.538,-0.008356697011981867
2.539,-0.019444840363808013
2.54,-0.008356697011981867
2.541,-0.012052744795923914
2.542,-0.008356697011981867
2.543,-0.019444840363808013
2.544,0.002731446339844281
2.545,-0.019444840363808013
2.546,0.010123541907728378
2.547,-0.0009646014440977679
2.548,-0.019444840363808013
2.549,-0.019444840363808013
2.55,0.002731446339844281
2.551,-0.004660649228039817
2.552,-0.004660649228039817
2.553,-0.02314088814775006
2.554,-0.004660649228039817
2.555,0.002731446339844281
2.556,-0.012052744795923914
2.557,0.002731446339844281
2.558,-0.008356697011981867
2.559,-0.019444840363808013
2.56,0.002731446339844281
2.561,-0.0009646014440977679
2.562,-0.015748792579865965
2.563,-0.008356697011981867
2.564,-0.012052744795923914
2.565,0.00642749412378633
2.566,-0.0009646014440977679
2.567,-0.015748792579865965
2.568,-0.008356697011981867
2.569,-0.03053298371563416
2.57,-0.004660649228039817
2.571,0.010123541907728378
2.572,-0.008356697011981867
2.573,0.002731446339844281
2.574,-0.02314088814775006
2.575,0.002731446339844281
2.576,0.017515637475612477
2.577,-0.02314088814775006
2.578,0.013819589691670428
2.579,-0.004660649228039817
2.58,-0.004660649228039817
2.581,-0.03422903149957621
2.582,-0.008356697011981867
2.583,-0.02314088814775006
2.584,-0.019444840363808013
2.585,-0.012052744795923914
2.586,-0.008356697011981867
2.587,-0.008356697011981867
2.588,-0.008356697011981867
2.589,0.00642749412378633
2.59,-0.02683693593169211
2.591,-0.0009646014440977679
2.592,0.017515637475612477
2.593,-0.015748792579865965
2.594,-0.0009646014440977679
2.595,0.002731446339844281
2.596,0.002731446339844281
2.597,-0.019444840363808013
2.598,-0.012052744795923914
2.599,-0.012052744795923914
2.6,-0.03422903149957621
2.601,-0.019444840363808013
2.602,-0.008356697011981867
2.603,-0.004660649228039817
2.604,-0.0009646014440977679
2.605,-0.004660649228039817
2.606,-0.004660649228039817
2.607,-0.015748792579865965
2.608,-0.004660649228039817
2.609,-0.008356697011981867
2.61,0.002731446339844281
2.611,-0.015748792579865965
2.612,-0.012052744795923914
2.613,-0.012052744795923914
2.614,-0.012052744795923914
2.615,-0.012052744795923914
2.616,0.002731446339844281
2.617,-0.004660649228039817
2.618,0.013819589691670428
2.619,-0.012052744795923914
2.62,-0.008356697011981867
2.621,-0.0009646014440977679
2.622,-0.0009646014440977679
2.623,-0.019444840363808013
2.624,0.013819589691670428
2.625,0.010123541907728378
2.626,-0.004660649228039817
2.627,0.002731446339844281
2.628,0.021211685259554525
2.629,-0.019444840363808013
2.63,-0.019444840363808013
2.631,-0.004660649228039817
2.632,-0.004660649228039817
2.633,-0.012052744795923914
2.634,0.00642749412378633
2.635,-0.0009646014440977679
2.636,-0.02314088814775006
2.637,-0.004660649228039817
2.638,-0.008356697011981867
2.639,-0.019444840363808013
2.64,-0.019444840363808013
2.641,-0.008356697011981867
2.642,-0.019444840363808013
2.643,-0.008356697011981867
2.644,-0.03053298371563416
2.645,0.002731446339844281
2.646,-0.02683693593169211
2.647,-0.015748792579865965
2.648,0.017515637475612477
2.649,0.002731446339844281
2.65,0.00642749412378633
2.651,-0.008356697011981867
2.652,0.017515637475612477
2.653,-0.015748792579865965
2.654,-0.015748792579865965
2.655,-0.004660649228039817
2.656,-0.02314088814775006
2.657,-0.012052744795923914
2.658,-0.0009646014440977679
2.659,-0.015748792579865965
2.66,-0.012052744795923914
2.661,-0.019444840363808013
2.662,-0.015748792579865965
2.663,-0.008356697011981867
2.664,-0.02683693593169211
2.665,-0.012052744795923914
2.666,0.002731446339844281
2.667,0.002731446339844281
2.668,0.002731446339844281
2.669,0.002731446339844281
2.67,-0.015748792579865965
2.671,-0.0009646014440977679
2.672,-0.008356697011981867
2.673,-0.015748792579865965
2.674,-0.004660649228039817
2.675,-0.004660649228039817
2.676,-0.02314088814775006
2.677,0.017515637475612477
2.678,0.00642749412378633
2.679,-0.015748792579865965
2.68,0.002731446339844281
2.681,-0.008356697011981867
2.682,0.002731446339844281
2.683,-0.004660649228039817
2.684,-0.008356697011981867
2.685,-0.004660649228039817
2.686,-0.02314088814775006
2.687,-0.0009646014440977679
2.688,-0.015748792579865965
2.689,-0.012052744795923914
2.69,-0.0009646014440977679
2.691,-0.004660649228039817
2.692,-0.019444840363808013
2.693,-0.012052744795923914
2.694,-0.012052744795923914
2.695,-0.0009646014440977679
2.696,-0.03053298371563416
2.697,-0.008356697011981867
2.698,-0.02314088814775006
2.699,-0.019444840363808013
2.7,-0.0009646014440977679
2.701,-0.02683693593169211
2.702,-0.0009646014440977679
2.703,-0.004660649228039817
2.704,-0.0009646014440977679
2.705,-0.02683693593169211
2.706,-0.004660649228039817
2.707,-0.015748792579865965
2.708,-0.015748792579865965
2.709,-0.02683693593169211
2.71,-0.019444840363808013
2.711,-0.0009646014440977679
2.712,-0.02314088814775006
2.713,0.00642749412378633
2.714,-0.019444840363808013
2.715,-0.02683693593169211
2.716,0.002731446339844281
2.717,-0.004660649228039817
2.718,-0.015748792579865965
2.719,-0.0009646014440977679
2.72,-0.02314088814775006
2.721,0.013819589691670428
2.722,0.00642749412378633
2.723,-0.008356697011981867
2.724,-0.019444840363808013
2.725,0.00642749412378633
2.726,0.021211685259554525
2.727,-0.008356697011981867
2.728,-0.004660649228039817
2.729,-0.015748792579865965
2.73,-0.004660649228039817
2.731,-0.008356697011981867
2.732,-0.015748792579865965
2.733,0.002731446339844281
2.734,-0.008356697011981867
2.735,-0.004660649228039817
2.736,0.013819589691670428
2.737,0.010123541907728378
2.738,0.010123541907728378
2.739,-0.03053298371563416
2.74,-0.015748792579865965
2.741,-0.012052744795923914
2.742,-0.019444840363808013
2.743,0.010123541907728378
2.744,-0.004660649228039817
2.745,-0.004660649228039817
2.746,-0.008356697011981867
2.747,-0.02314088814775006
2.748,-0.012052744795923914
2.749,-0.0009646014440977679
2.75,-0.02683693593169211
2.751,-0.02683693593169211
2.752,0.024907733043496576
2.753,-0.004660649228039817
2.754,0.002731446339844281
2.755,-0.02314088814775006
2.756,-0.004660649228039817
2.757,0.010123541907728378
2.758,-0.008356697011981867
2.759,0.002731446339844281
2.76,-0.015748792579865965
2.761,-0.004660649228039817
2.762,-0.0009646014440977679
2.763,0.002731446339844281
2.764,-0.019444840363808013
2.765,0.010123541907728378
2.766,-0.02314088814775006
2.767,-0.008356697011981867
2.768,-0.004660649228039817
2.769,-0.004660649228039817
2.77,-0.004660649228039817
2.771,-0.03053298371563416
2.772,-0.004660649228039817
2.773,-0.008356697011981867
2.774,0.00642749412378633
2.775,0.002731446339844281
2.776,-0.03053298371563416
2.777,-0.004660649228039817
2.778,0.00642749412378633
2.779,-0.02683693593169211
2.78,-0.008356697011981867
2.781,-0.004660649228039817
2.782,0.002731446339844281
2.783,-0.0009646014440977679
2.784,0.010123541907728378
2.785,-0.0009646014440977679
2.786,-0.008356697011981867
2.787,-0.02314088814775006
2.788,-0.004660649228039817
2.789,0.002731446339844281
2.79,-0.008356697011981867
2.791,0.002731446339844281
2.792,-0.04162112706746031
2.793,-0.02314088814775006
2.794,-0.015748792579865965
2.795,0.002731446339844281
2.796,-0.015748792579865965
2.797,0.00642749412378633
2.798,-0.008356697011981867
2.799,-0.004660649228039817
2.8,0.002731446339844281
2.801,-0.02683693593169211
2.802,0.021211685259554525
2.803,-0.008356697011981867
2.804,-0.015748792579865965
2.805,-0.02314088814775006
2.806,-0.03422903149957621
2.807,-0.0009646014440977679
2.808,-0.019444840363808013
2.809,-0.008356697011981867
2.81,-0.02683693593169211
2.811,-0.0009646014440977679
2.812,-0.004660649228039817
2.813,-0.012052744795923914
2.814,-0.015748792579865965
2.815,-0.015748792579865965
2.816,-0.004660649228039817
2.817,-0.0009646014440977679
2.818,-0.02683693593169211
2.819,-0.0009646014440977679
2.82,0.010123541907728378
2.821,-0.004660649228039817
2.822,-0.008356697011981867
2.823,0.00642749412378633
2.824,-0.0009646014440977679
2.825,0.002731446339844281
2.826,-0.02314088814775006
2.827,-0.019444840363808013
2.828,0.024907733043496576
2.829,-0.02683693593169211
2.83,-0.0009646014440977679
2.831,-0.02683693593169211
2.832,0.010123541907728378
2.833,-0.012052744795923914
2.834,0.010123541907728378
2.835,-0.03422903149957621
2.836,-0.004660649228039817
2.837,-0.012052744795923914
2.838,0.013819589691670428
2.839,0.00642749412378633
2.84,0.013819589691670428
2.841,0.017515637475612477
2.842,-0.004660649228039817
2.843,-0.03053298371563416
2.844,-0.04162112706746031
2.845,0.002731446339844281
2.846,-0.012052744795923914
2.847,-0.012052744795923914
2.848,0.002731446339844281
2.849,-0.0009646014440977679
2.85,0.00642749412378633
2.851,0.010123541907728378
2.852,-0.02683693593169211
2.853,-0.03792507928351826
2.854,-0.008356697011981867
2.855,-0.03422903149957621
2.856,0.00642749412378633
2.857,-0.015748792579865965
2.858,-0.004660649228039817
2.859,-0.012052744795923914
2.86,-0.008356697011981867
2.861,-0.012052744795923914
2.862,-0.012052744795923914
2.863,-0.004660649228039817
2.864,0.002731446339844281
2.865,-0.008356697011981867
2.866,-0.02314088814775006
2.867,-0.019444840363808013
2.868,-0.008356697011981867
2.869,-0.02314088814775006
2.87,0.00642749412378633
2.871,-0.004660649228039817
2.872,0.00642749412378633
2.873,-0.0009646014440977679
2.874,-0.008356697011981867
2.875,0.010123541907728378
2.876,0.002731446339844281
2.877,-0.02314088814775006
2.878,-0.012052744795923914
2.879,0.010123541907728378
2.88,-0.02314088814775006
2.881,-0.012052744795923914
2.882,-0.02314088814775006
2.883,0.00642749412378633
2.884,-0.008356697011981867
2.885,-0.008356697011981867
2.886,-0.012052744795923914
2.887,-0.004660649228039817
2.888,0.00642749412378633
2.889,-0.012052744795923914
2.89,-0.008356697011981867
2.891,0.00642749412378633
2.892,-0.04162112706746031
2.893,-0.012052744795923914
2.894,-0.004660649228039817
2.895,0.013819589691670428
2.896,0.010123541907728378
2.897,-0.004660649228039817
2.898,-0.0009646014440977679
2.899,-0.004660649228039817
2.9,-0.0009646014440977679
2.901,-0.012052744795923914
2.902,-0.008356697011981867
2.903,-0.008356697011981867
2.904,0.010123541907728378
2.905,0.00642749412378633
2.906,-0.02314088814775006
2.907,-0.008356697011981867
2.908,-0.02683693593169211
2.909,-0.008356697011981867
2.91,-0.008356697011981867
2.911,-0.02314088814775006
2.912,-0.02314088814775006
2.913,-0.019444840363808013
2.914,-0.012052744795923914
2.915,-0.0009646014440977679
2.916,-0.02683693593169211
2.917,-0.0009646014440977679
2.918,-0.0009646014440977679
2.919,-0.004660649228039817
2.92,-0.012052744795923914
2.921,0.002731446339844281
2.922,-0.015748792579865965
2.923,0.010123541907728378
2.924,-0.019444840363808013
2.925,0.002731446339844281
2.926,0.00642749412378633
2.927,-0.02314088814775006
2.928,-0.015748792579865965
2.929,-0.03422903149957621
2.93,-0.015748792579865965
2.931,0.021211685259554525
2.932,-0.004660649228039817
2.933,-0.0009646014440977679
2.934,-0.02314088814775006
2.935,-0.008356697011981867
2.936,-0.008356697011981867
2.937,-0.02314088814775006
2.938,0.013819589691670428
2.939,-0.0009646014440977679
2.94,-0.015748792579865965
2.941,0.013819589691670428
2.942,-0.012052744795923914
2.943,-0.012052744795923914
2.944,-0.019444840363808013
2.945,-0.03792507928351826
2.946,-0.015748792579865965
2.947,-0.004660649228039817
2.948,-0.004660649228039817
2.949,-0.004660649228039817
2.95,-0.004660649228039817
2.951,-0.012052744795923914
2.952,-0.008356697011981867
2.953,0.017515637475612477
2.954,-0.015748792579865965
2.955,-0.008356697011981867
2.956,-0.004660649228039817
2.957,-0.02683693593169211
2.958,-0.0009646014440977679
2.959,0.00642749412378633
2.96,-0.012052744795923914
2.961,0.002731446339844281
2.962,0.024907733043496576
2.963,-0.008356697011981867
2.964,-0.004660649228039817
2.965,-0.008356697011981867
2.966,-0.015748792579865965
2.967,-0.012052744795923914
2.968,-0.012052744795923914
2.969,-0.004660649228039817
2.97,0.002731446339844281
2.971,-0.019444840363808013
2.972,0.021211685259554525
2.973,-0.0009646014440977679
2.974,-0.012052744795923914
2.975,0.002731446339844281
2.976,-0.012052744795923914
2.977,-0.019444840363808013
2.978,-0.008356697011981867
2.979,-0.015748792579865965
2.98,0.002731446339844281
2.981,-0.004660649228039817
2.982,-0.015748792579865965
2.983,0.002731446339844281
2.984,-0.004660649228039817
2.985,-0.008356697011981867
2.986,-0.004660649228039817
2.987,-0.0009646014440977679
2.988,-0.008356697011981867
2.989,-0.004660649228039817
2.99,-0.008356697011981867
2.991,0.002731446339844281
2.992,-0.012052744795923914
2.993,-0.02683693593169211
2.994,-0.0009646014440977679
2.995,-0.008356697011981867
2.996,-0.03422903149957621
2.997,-0.019444840363808013
2.998,-0.004660649228039817
2.999,-0.015748792579865965
3.0,-0.015748792579865965
3.001,-0.008356697011981867
3.002,-0.015748792579865965
3.003,-0.019444840363808013
3.004,-0.03422903149957621
3.005,-0.0009646014440977679
3.006,-0.012052744795923914
3.007,0.021211685259554525
3.008,-0.015748792579865965
3.009,-0.02683693593169211
3.01,-0.02683693593169211
3.011,-0.02314088814775006
3.012,-0.008356697011981867
3.013,-0.012052744795923914
3.014,-0.0009646014440977679
3.015,-0.02683693593169211
3.016,-0.015748792579865965
3.017,0.002731446339844281
3.018,0.00642749412378633
3.019,-0.008356697011981867
3.02,-0.008356697011981867
3.021,-0.008356697011981867
3.022,-0.019444840363808013
3.023,-0.0009646014440977679
3.024,-0.02683693593169211
3.025,-0.019444840363808013
3.026,-0.008356697011981867
3.027,-0.0009646014440977679
3.028,0.013819589691670428
3.029,-0.02683693593169211
3.03,0.010123541907728378
3.031,-0.0009646014440977679
3.032,-0.012052744795923914
3.033,-0.019444840363808013
3.034,0.00642749412378633
3.035,-0.012052744795923914
3.036,0.002731446339844281
3.037,0.002731446339844281
3.038,-0.008356697011981867
3.039,-0.0009646014440977679
3.04,-0.02314088814775006
3.041,-0.008356697011981867
3.042,-0.008356697011981867
3.043,-0.0009646014440977679
3.044,-0.008356697011981867
3.045,0.010123541907728378
3.046,-0.019444840363808013
3.047,-0.008356697011981867
3.048,-0.004660649228039817
3.049,-0.015748792579865965
3.05,-0.012052744795923914
3.051,-0.008356697011981867
3.052,-0.004660649228039817
3.053,-0.02683693593169211
3.054,-0.008356697011981867
3.055,-0.012052744795923914
3.056,-0.012052744795923914
3.057,-0.019444840363808013
3.058,-0.015748792579865965
3.059,-0.004660649228039817
3.06,-0.0009646014440977679
3.061,-0.02683693593169211
3.062,-0.015748792579865965
3.063,-0.0009646014440977679
3.064,-0.008356697011981867
3.065,-0.008356697011981867
3.066,-0.015748792579865965
3.067,0.002731446339844281
3.068,-0.008356697011981867
3.069,-0.0009646014440977679
3.07,0.002731446339844281
3.071,-0.012052744795923914
3.072,-0.008356697011981867
3.073,-0.004660649228039817
3.074,-0.008356697011981867
3.075,-0.008356697011981867
3.076,-0.004660649228039817
3.077,-0.03422903149957621
3.078,-0.004660649228039817
3.079,-0.012052744795923914
3.08,0.002731446339844281
3.081,-0.03053298371563416
3.082,-0.008356697011981867
3.083,-0.012052744795923914
3.084,0.017515637475612477
3.085,-0.019444840363808013
3.086,-0.03422903149957621
3.087,-0.004660649228039817
3.088,-0.02314088814775006
3.089,-0.0009646014440977679
3.09,-0.0009646014440977679
3.091,-0.012052744795923914
3.092,-0.019444840363808013
3.093,-0.004660649228039817
3.094,-0.004660649228039817
3.095,-0.03792507928351826
3.096,-0.0009646014440977679
3.097,0.00642749412378633
3.098,0.013819589691670428
3.099,0.002731446339844281
3.1,-0.02683693593169211
3.101,-0.004660649228039817
3.102,0.002731446339844281
3.103,-0.004660649228039817
3.104,-0.012052744795923914
3.105,-0.012052744795923914
3.106,0.00642749412378633
3.107,0.017515637475612477
3.108,0.00642749412378633
3.109,-0.015748792579865965
3.11,0.010123541907728378
3.111,-0.015748792579865965
3.112,-0.019444840363808013
3.113,-0.02683693593169211
3.114,-0.0009646014440977679
3.115,0.010123541907728378
3.116,-0.008356697011981867
3.117,-0.03422903149957621
3.118,-0.0009646014440977679
3.119,-0.02314088814775006
3.12,-0.02683693593169211
3.121,-0.019444840363808013
3.122,-0.03422903149957621
3.123,-0.008356697011981867
3.124,0.002731446339844281
3.125,-0.012052744795923914
3.126,-0.0009646014440977679
3.127,-0.03053298371563416
3.128,-0.012052744795923914
3.129,-0.004660649228039817
3.13,-0.004660649228039817
3.131,-0.02683693593169211
3.132,-0.015748792579865965
3.133,0.010123541907728378
3.134,-0.019444840363808013
3.135,-0.019444840363808013
3.136,-0.015748792579865965
3.137,-0.004660649228039817
3.138,-0.0009646014440977679
3.139,0.010123541907728378
3.14,0.00642749412378633
3.141,-0.012052744795923914
3.142,-0.004660649228039817
3.143,-0.0009646014440977679
3.144,0.010123541907728378
3.145,-0.004660649228039817
3.146,-0.0009646014440977679
3.147,-0.008356697011981867
3.148,-0.0009646014440977679
3.149,-0.04162112706746031
3.15,0.00642749412378633
3.151,-0.015748792579865965
3.152,-0.0009646014440977679
3.153,-0.012052744795923914
3.154,-0.012052744795923914
3.155,0.002731446339844281
3.156,0.013819589691670428
3.157,-0.004660649228039817
3.158,-0.004660649228039817
3.159,-0.008356697011981867
3.16,-0.0009646014440977679
3.161,-0.015748792579865965
3.162,0.002731446339844281
3.163,0.00642749412378633
3.164,-0.004660649228039817
3.165,0.00642749412378633
3.166,-0.0009646014440977679
3.167,-0.03053298371563416
3.168,-0.015748792579865965
3.169,-0.008356697011981867
3.17,-0.02314088814775006
3.171,-0.004660649228039817
3.172,0.00642749412378633
3.173,-0.008356697011981867
3.174,-0.008356697011981867
3.175,0.00642749412378633
3.176,-0.019444840363808013
3.177,-0.019444840363808013
3.178,-0.004660649228039817
3.179,0.0877405453705114
3.18,0.8860868667019939
3.181,2.41255460147006
3.182,3.8687974283432274
3.183,5.077405053692277
3.184,5.720517368098194
3.185,5.746389702585788
3.186,5.624420125715701
3.187,5.668772699123005
3.188,5.794438323777035
3.189,5.990328856325964
3.19,6.115994480979993
3.191,6.0938181942763405
3.192,6.0162011908135575
3.193,5.9977209518938475
3.194,6.005113047461732
3.195,6.0753379553566305
3.196,6.090122146492399
3.197,6.0753379553566305
3.198,6.060553764220862
3.199,6.060553764220862
3.2,6.097514242060283
3.201,6.079034003140572
3.202,6.1122984331960515
3.203,6.082730050924515
3.204,6.0938181942763405
3.205,6.012505143029616
3.206,5.4174414498149455
3.207,3.9685907185096627
3.208,2.471691366013133
3.209,1.1743785938494737
3.21,0.43147298927712197
3.211,0.3649441291661651
3.212,0.48321765825231067
3.213,0.4721295149004845
3.214,0.32428760354280256
3.215,0.15426940548146828
3.216,0.07665240201868526
3.217,0.024907733043496576
3.218,0.1025247365062796
3.219,0.132093118777816
3.22,0.1247010232099319
3.221,0.07665240201868526
3.222,0.03599587639532272
3.223,0.03229982861138067
3.224,0.04708401974714887
3.225,0.061868210882917066
3.226,0.04708401974714887
3.227,0.05078006753109092
3.228,0.028603780827438623
3.229,0.028603780827438623
3.23,0.00642749412378633
3.231,0.04338797196320682
3.232,0.021211685259554525
3.233,-0.0009646014440977679
3.234,-0.019444840363808013
3.235,-0.04162112706746031
3.236,-0.02314088814775006
3.237,-0.03792507928351826
3.238,-0.03422903149957621
3.239,-0.049013222635344404
3.24,-0.02314088814775006
3.241,-0.0564053182032285
3.242,-0.049013222635344404
3.243,-0.04531717485140235
3.244,-0.02314088814775006
3.245,-0.0564053182032285
3.246,-0.03792507928351826
3.247,-0.03422903149957621
3.248,-0.03792507928351826
3.249,-0.03422903149957621
3.25,-0.019444840363808013
3.251,-0.02314088814775006
3.252,-0.008356697011981867
3.253,-0.004660649228039817
3.254,-0.004660649228039817
3.255,0.013819589691670428
3.256,0.021211685259554525
3.257,-0.004660649228039817
3.258,0.03229982861138067
3.259,0.024907733043496576
3.26,0.021211685259554525
3.261,0.04338797196320682
3.262,0.024907733043496576
3.263,0.00642749412378633
3.264,0.03599587639532272
3.265,0.024907733043496576
3.266,0.03969192417926477
3.267,0.013819589691670428
3.268,0.024907733043496576
3.269,0.021211685259554525
3.27,0.03599587639532272
3.271,0.024907733043496576
3.272,0.03229982861138067
3.273,0.010123541907728378
3.274,0.010123541907728378
3.275,-0.008356697011981867
3.276,-0.0009646014440977679
3.277,-0.015748792579865965
3.278,-0.015748792579865965
3.279,-0.015748792579865965
3.28,-0.004660649228039817
3.281,-0.012052744795923914
3.282,-0.03422903149957621
3.283,-0.04162112706746031
3.284,-0.03792507928351826
3.285,-0.04531717485140235
3.286,-0.03053298371563416
3.287,-0.06749346155505465
3.288,-0.0564053182032285
3.289,-0.02314088814775006
3.29,-0.04162112706746031
3.291,-0.03792507928351826
3.292,-0.02314088814775006
3.293,-0.019444840363808013
3.294,-0.03792507928351826
3.295,0.002731446339844281
3.296,-0.02683693593169211
3.297,-0.015748792579865965
3.298,-0.019444840363808013
3.299,-0.0009646014440977679
3.3,-0.012052744795923914
3.301,-0.008356697011981867
3.302,0.021211685259554525
3.303,-0.008356697011981867
3.304,0.017515637475612477
3.305,0.017515637475612477
3.306,0.017515637475612477
3.307,-0.008356697011981867
3.308,-0.004660649228039817
3.309,0.021211685259554525
3.31,0.00642749412378633
3.311,-0.012052744795923914
3.312,0.002731446339844281
3.313,-0.004660649228039817
3.314,0.03229982861138067
3.315,0.00642749412378633
3.316,-0.004660649228039817
3.317,-0.004660649228039817
3.318,-0.015748792579865965
3.319,0.00642749412378633
3.32,-0.019444840363808013
3.321,-0.015748792579865965
3.322,-0.008356697011981867
3.323,-0.0009646014440977679
3.324,-0.02314088814775006
3.325,-0.02683693593169211
3.326,-0.02314088814775006
3.327,-0.012052744795923914
3.328,-0.04162112706746031
3.329,-0.03792507928351826
3.33,-0.02314088814775006
3.331,-0.019444840363808013
3.332,-0.04162112706746031
3.333,-0.019444840363808013
3.334,-0.04531717485140235
3.335,-0.015748792579865965
3.336,-0.02314088814775006
3.337,-0.02683693593169211
3.338,-0.02683693593169211
3.339,-0.012052744795923914
3.34,0.002731446339844281
3.341,-0.02683693593169211
3.342,-0.015748792579865965
3.343,-0.015748792579865965
3.344,0.002731446339844281
3.345,-0.019444840363808013
3.346,0.00642749412378633
3.347,-0.008356697011981867
3.348,0.021211685259554525
3.349,-0.008356697011981867
3.35,-0.004660649228039817
3.351,-0.015748792579865965
3.352,0.013819589691670428
3.353,-0.008356697011981867
3.354,0.00642749412378633
3.355,-0.0009646014440977679
3.356,0.03229982861138067
3.357,0.03599587639532272
3.358,0.010123541907728378
3.359,-0.008356697011981867
3.36,0.002731446339844281
3.361,0.002731446339844281
3.362,0.021211685259554525
3.363,-0.008356697011981867
3.364,-0.0009646014440977679
3.365,0.024907733043496576
3.366,-0.012052744795923914
3.367,-0.03053298371563416
3.368,-0.03053298371563416
3.369,-0.02683693593169211
3.37,-0.019444840363808013
3.371,-0.03422903149957621
3.372,-0.02683693593169211
3.373,-0.019444840363808013
3.374,-0.019444840363808013
3.375,-0.03422903149957621
3.376,-0.04162112706746031
3.377,-0.03422903149957621
3.378,-0.0009646014440977679
3.379,-0.015748792579865965
3.38,-0.04162112706746031
3.381,-0.02314088814775006
3.382,-0.015748792579865965
3.383,-0.03422903149957621
3.384,0.002731446339844281
3.385,-0.04531717485140235
3.386,-0.0009646014440977679
3.387,-0.04162112706746031
3.388,-0.012052744795923914
3.389,-0.015748792579865965
3.39,-0.019444840363808013
3.391,-0.015748792579865965
3.392,0.002731446339844281
3.393,0.024907733043496576
3.394,0.00642749412378633
3.395,-0.0009646014440977679
3.396,-0.004660649228039817
3.397,-0.015748792579865965
3.398,0.002731446339844281
3.399,-0.004660649228039817
3.4,-0.0009646014440977679
3.401,-0.03053298371563416
3.402,-0.004660649228039817
3.403,-0.008356697011981867
3.404,0.00642749412378633
3.405,0.010123541907728378
3.406,0.002731446339844281
3.407,-0.012052744795923914
3.408,-0.02314088814775006
3.409,-0.012052744795923914
3.41,-0.019444840363808013
3.411,-0.008356697011981867
3.412,-0.015748792579865965
3.413,-0.03053298371563416
3.414,-0.015748792579865965
3.415,-0.008356697011981867
3.416,-0.004660649228039817
3.417,0.010123541907728378
3.418,-0.02683693593169211
3.419,0.002731446339844281
3.42,-0.008356697011981867
3.421,-0.0009646014440977679
3.422,0.013819589691670428
3.423,-0.02314088814775006
3.424,-0.03053298371563416
3.425,-0.019444840363808013
3.426,-0.015748792579865965
3.427,-0.03792507928351826
3.428,-0.012052744795923914
3.429,-0.0009646014440977679
3.43,-0.02314088814775006
3.431,-0.019444840363808013
3.432,-0.03053298371563416
3.433,-0.019444840363808013
3.434,-0.0009646014440977679
3.435,-0.015748792579865965
3.436,-0.03053298371563416
3.437,-0.008356697011981867
3.438,0.010123541907728378
3.439,0.024907733043496576
3.44,-0.012052744795923914
3.441,0.017515637475612477
3.442,-0.015748792579865965
3.443,-0.015748792579865965
3.444,-0.012052744795923914
3.445,-0.004660649228039817
3.446,-0.008356697011981867
3.447,-0.02683693593169211
3.448,-0.008356697011981867
3.449,-0.008356697011981867
3.45,-0.015748792579865965
3.451,0.002731446339844281
3.452,0.010123541907728378
3.453,-0.015748792579865965
3.454,-0.015748792579865965
3.455,-0.012052744795923914
3.456,-0.015748792579865965
3.457,-0.004660649228039817
3.458,-0.008356697011981867
3.459,-0.012052744795923914
3.46,0.002731446339844281
3.461,-0.008356697011981867
3.462,-0.008356697011981867
3.463,0.00642749412378633
3.464,-0.012052744795923914
3.465,-0.019444840363808013
3.466,-0.008356697011981867
3.467,0.00642749412378633
3.468,-0.012052744795923914
3.469,-0.008356697011981867
3.47,-0.012052744795923914
3.471,-0.019444840363808013
3.472,-0.0009646014440977679
3.473,-0.02683693593169211
3.474,0.002731446339844281
3.475,-0.019444840363808013
3.476,-0.012052744795923914
3.477,-0.019444840363808013
3.478,-0.015748792579865965
3.479,-0.008356697011981867
3.48,-0.02314088814775006
3.481,0.00642749412378633
3.482,-0.019444840363808013
3.483,-0.012052744795923914
3.484,0.00642749412378633
3.485,-0.008356697011981867
3.486,0.00642749412378633
3.487,-0.012052744795923914
3.488,-0.0009646014440977679
3.489,-0.004660649228039817
3.49,-0.0009646014440977679
3.491,0.002731446339844281
3.492,-0.015748792579865965
3.493,-0.008356697011981867
3.494,-0.008356697011981867
3.495,-0.004660649228039817
3.496,-0.012052744795923914
3.497,0.00642749412378633
3.498,-0.02683693593169211
3.499,-0.008356697011981867
3.5,-0.019444840363808013
3.501,-0.015748792579865965
3.502,0.00642749412378633
3.503,-0.004660649228039817
3.504,0.010123541907728378
3.505,0.002731446339844281
3.506,-0.0009646014440977679
3.507,0.010123541907728378
3.508,-0.03053298371563416
3.509,-0.03422903149957621
3.51,-0.012052744795923914
3.511,0.017515637475612477
3.512,-0.015748792579865965
3.513,-0.008356697011981867
3.514,-0.015748792579865965
3.515,0.002731446339844281
3.516,-0.019444840363808013
3.517,-0.0009646014440977679
3.518,-0.0009646014440977679
3.519,0.00642749412378633
3.52,-0.0009646014440977679
3.521,-0.03422903149957621
3.522,-0.012052744795923914
3.523,-0.012052744795923914
3.524,-0.0009646014440977679
3.525,-0.019444840363808013
3.526,-0.004660649228039817
3.527,-0.015748792579865965
3.528,-0.012052744795923914
3.529,0.00642749412378633
3.53,-0.0009646014440977679
3.531,-0.019444840363808013
3.532,-0.012052744795923914
3.533,0.010123541907728378
3.534,-0.02314088814775006
3.535,-0.02314088814775006
3.536,-0.019444840363808013
3.537,-0.004660649228039817
3.538,-0.004660649228039817
3.539,-0.02683693593169211
3.54,0.010123541907728378
3.541,-0.012052744795923914
3.542,-0.008356697011981867
3.543,0.00642749412378633
3.544,-0.02314088814775006
3.545,0.00642749412378633
3.546,-0.019444840363808013
3.547,-0.008356697011981867
3.548,-0.019444840363808013
3.549,-0.0009646014440977679
3.55,-0.019444840363808013
3.551,-0.008356697011981867
3.552,0.017515637475612477
3.553,-0.004660649228039817
3.554,-0.012052744795923914
3.555,-0.012052744795923914
3.556,0.002731446339844281
3.557,-0.019444840363808013
3.558,-0.012052744795923914
3.559,-0.015748792579865965
3.56,-0.012052744795923914
3.561,-0.008356697011981867
3.562,-0.02683693593169211
3.563,-0.012052744795923914
3.564,-0.004660649228039817
3.565,-0.012052744795923914
3.566,-0.008356697011981867
3.567,-0.02314088814775006
3.568,-0.012052744795923914
3.569,0.002731446339844281
3.57,-0.0009646014440977679
3.571,0.002731446339844281
3.572,0.021211685259554525
3.573,-0.0009646014440977679
3.574,-0.02314088814775006
3.575,0.010123541907728378
3.576,-0.012052744795923914
3.577,-0.03053298371563416
3.578,0.00642749412378633
3.579,-0.012052744795923914
3.58,0.002731446339844281
3.581,-0.015748792579865965
3.582,-0.0009646014440977679
3.583,-0.02314088814775006
3.584,-0.03422903149957621
3.585,0.010123541907728378
3.586,-0.03053298371563416
3.587,0.013819589691670428
3.588,0.00642749412378633
3.589,-0.019444840363808013
3.59,-0.004660649228039817
3.591,-0.0009646014440977679
3.592,0.010123541907728378
3.593,-0.019444840363808013
3.594,-0.004660649228039817
3.595,0.017515637475612477
3.596,0.002731446339844281
3.597,0.010123541907728378
3.598,0.021211685259554525
3.599,-0.0009646014440977679
3.6,-0.015748792579865965
3.601,0.010123541907728378
3.602,-0.012052744795923914
3.603,-0.008356697011981867
3.604,-0.015748792579865965
3.605,0.002731446339844281
3.606,-0.004660649228039817
3.607,-0.019444840363808013
3.608,-0.015748792579865965
3.609,-0.03792507928351826
3.61,-0.012052744795923914
3.611,-0.004660649228039817
3.612,-0.008356697011981867
3.613,-0.04531717485140235
3.614,-0.0009646014440977679
3.615,0.002731446339844281
3.616,-0.02314088814775006
3.617,0.010123541907728378
3.618,-0.02683693593169211
3.619,-0.02314088814775006
3.62,-0.019444840363808013
3.621,-0.012052744795923914
3.622,-0.004660649228039817
3.623,-0.019444840363808013
3.624,-0.008356697011981867
3.625,-0.004660649228039817
3.626,-0.008356697011981867
3.627,-0.015748792579865965
3.628,0.00642749412378633
3.629,-0.015748792579865965
3.63,-0.015748792579865965
3.631,-0.004660649228039817
3.632,-0.015748792579865965
3.633,-0.015748792579865965
3.634,-0.008356697011981867
3.635,-0.03792507928351826
3.636,-0.03792507928351826
3.637,-0.015748792579865965
3.638,-0.012052744795923914
3.639,-0.008356697011981867
3.64,-0.008356697011981867
3.641,-0.015748792579865965
3.642,-0.0009646014440977679
3.643,-0.004660649228039817
3.644,0.002731446339844281
3.645,-0.008356697011981867
3.646,-0.0009646014440977679
3.647,0.010123541907728378
3.648,-0.004660649228039817
3.649,-0.004660649228039817
3.65,-0.008356697011981867
3.651,0.002731446339844281
3.652,-0.004660649228039817
3.653,-0.004660649228039817
3.654,-0.04162112706746031
3.655,-0.019444840363808013
3.656,-0.02314088814775006
3.657,-0.02683693593169211
3.658,0.002731446339844281
3.659,-0.015748792579865965
3.66,0.00642749412378633
3.661,-0.012052744795923914
3.662,-0.004660649228039817
3.663,-0.0009646014440977679
3.664,-0.019444840363808013
3.665,-0.012052744795923914
3.666,-0.004660649228039817
3.667,0.00642749412378633
3.668,-0.004660649228039817
3.669,-0.012052744795923914
3.67,-0.02314088814775006
3.671,-0.02314088814775006
3.672,-0.0009646014440977679
3.673,-0.0009646014440977679
3.674,-0.019444840363808013
3.675,-0.012052744795923914
3.676,-0.015748792579865965
3.677,-0.008356697011981867
3.678,-0.004660649228039817
3.679,-0.015748792579865965
3.68,-0.02314088814775006
3.681,-0.012052744795923914
3.682,-0.015748792579865965
3.683,-0.015748792579865965
3.684,-0.015748792579865965
3.685,0.00642749412378633
3.686,-0.0009646014440977679
3.687,0.002731446339844281
3.688,-0.019444840363808013
3.689,-0.02683693593169211
3.69,-0.008356697011981867
3.691,-0.02314088814775006
3.692,0.010123541907728378
3.693,-0.008356697011981867
3.694,-0.0009646014440977679
3.695,-0.004660649228039817
3.696,0.002731446339844281
3.697,-0.019444840363808013
3.698,-0.0009646014440977679
3.699,0.002731446339844281
3.7,-0.015748792579865965
3.701,-0.019444840363808013
3.702,-0.012052744795923914
3.703,-0.02683693593169211
3.704,0.010123541907728378
3.705,-0.02683693593169211
3.706,0.002731446339844281
3.707,-0.008356697011981867
3.708,-0.02683693593169211
3.709,0.010123541907728378
3.71,0.00642749412378633
3.711,-0.0009646014440977679
3.712,0.002731446339844281
3.713,0.002731446339844281
3.714,-0.008356697011981867
3.715,-0.02314088814775006
3.716,-0.04162112706746031
3.717,-0.008356697011981867
3.718,-0.012052744795923914
3.719,-0.015748792579865965
3.72,-0.008356697011981867
3.721,-0.019444840363808013
3.722,-0.0009646014440977679
3.723,-0.008356697011981867
3.724,-0.012052744795923914
3.725,-0.015748792579865965
3.726,-0.012052744795923914
3.727,-0.0009646014440977679
3.728,-0.012052744795923914
3.729,-0.03422903149957621
3.73,-0.015748792579865965
3.731,-0.012052744795923914
3.732,-0.008356697011981867
3.733,-0.008356697011981867
3.734,-0.004660649228039817
3.735,-0.008356697011981867
3.736,-0.012052744795923914
3.737,0.00642749412378633
3.738,0.002731446339844281
3.739,0.010123541907728378
3.74,-0.012052744795923914
3.741,-0.008356697011981867
3.742,-0.019444840363808013
3.743,-0.0009646014440977679
3.744,-0.008356697011981867
3.745,-0.02314088814775006
3.746,-0.008356697011981867
3.747,-0.012052744795923914
3.748,-0.015748792579865965
3.749,-0.0009646014440977679
3.75,-0.012052744795923914
3.751,-0.008356697011981867
3.752,0.010123541907728378
3.753,-0.02683693593169211
3.754,0.002731446339844281
3.755,-0.015748792579865965
3.756,-0.015748792579865965
3.757,-0.019444840363808013
3.758,-0.004660649228039817
3.759,-0.019444840363808013
3.76,-0.019444840363808013
3.761,0.013819589691670428
3.762,-0.019444840363808013
3.763,0.00642749412378633
3.764,-0.0009646014440977679
3.765,0.002731446339844281
3.766,0.002731446339844281
3.767,-0.004660649228039817
3.768,0.024907733043496576
3.769,-0.012052744795923914
3.77,-0.008356697011981867
3.771,-0.004660649228039817
3.772,0.013819589691670428
3.773,-0.012052744795923914
3.774,-0.004660649228039817
3.775,0.017515637475612477
3.776,-0.019444840363808013
3.777,-0.0009646014440977679
3.778,-0.008356697011981867
3.779,-0.008356697011981867
3.78,-0.012052744795923914
3.781,0.002731446339844281
3.782,-0.0009646014440977679
3.783,-0.008356697011981867
3.784,-0.004660649228039817
3.785,-0.008356697011981867
3.786,-0.008356697011981867
3.787,-0.004660649228039817
3.788,0.028603780827438623
3.789,0.002731446339844281
3.79,0.002731446339844281
3.791,-0.004660649228039817
3.792,-0.012052744795923914
3.793,-0.012052744795923914
3.794,-0.008356697011981867
3.795,-0.004660649228039817
3.796,-0.015748792579865965
3.797,-0.012052744795923914
3.798,-0.02683693593169211
3.799,0.002731446339844281
3.8,0.002731446339844281
3.801,-0.008356697011981867
3.802,-0.008356697011981867
3.803,-0.02314088814775006
3.804,-0.02314088814775006
3.805,0.002731446339844281
3.806,-0.012052744795923914
3.807,-0.02683693593169211
3.808,-0.012052744795923914
3.809,0.00642749412378633
3.81,-0.008356697011981867
3.811,-0.019444840363808013
3.812,-0.0009646014440977679
3.813,-0.015748792579865965
3.814,-0.004660649228039817
3.815,0.002731446339844281
3.816,-0.02314088814775006
3.817,-0.019444840363808013
3.818,-0.015748792579865965
3.819,0.00642749412378633
3.82,-0.02683693593169211
3.821,-0.015748792579865965
3.822,0.00642749412378633
3.823,-0.015748792579865965
3.824,-0.02314088814775006
3.825,-0.008356697011981867
3.826,-0.012052744795923914
3.827,0.002731446339844281
3.828,-0.004660649228039817
3.829,0.017515637475612477
3.83,-0.02683693593169211
3.831,0.00642749412378633
3.832,-0.02683693593169211
3.833,-0.004660649228039817
3.834,-0.019444840363808013
3.835,-0.03422903149957621
3.836,-0.03053298371563416
3.837,-0.015748792579865965
3.838,-0.015748792579865965
3.839,-0.008356697011981867
3.84,-0.015748792579865965
3.841,0.013819589691670428
3.842,0.010123541907728378
3.843,-0.015748792579865965
3.844,-0.008356697011981867
3.845,0.002731446339844281
3.846,-0.004660649228039817
3.847,-0.019444840363808013
3.848,-0.004660649228039817
3.849,-0.008356697011981867
3.85,-0.0009646014440977679
3.851,0.00642749412378633
3.852,0.002731446339844281
3.853,-0.004660649228039817
3.854,-0.019444840363808013
3.855,0.00642749412378633
3.856,0.010123541907728378
3.857,-0.012052744795923914
3.858,-0.03053298371563416
3.859,0.002731446339844281
3.86,-0.015748792579865965
3.861,0.010123541907728378
3.862,-0.02314088814775006
3.863,-0.019444840363808013
3.864,0.002731446339844281
3.865,-0.015748792579865965
3.866,-0.008356697011981867
3.867,-0.008356697011981867
3.868,-0.0009646014440977679
3.869,-0.019444840363808013
3.87,-0.02683693593169211
3.871,-0.012052744795923914
3.872,-0.004660649228039817
3.873,0.002731446339844281
3.874,-0.004660649228039817
3.875,0.013819589691670428
3.876,0.010123541907728378
3.877,0.013819589691670428
3.878,-0.04162112706746031
3.879,-0.004660649228039817
3.88,-0.0009646014440977679
3.881,-0.015748792579865965
3.882,-0.015748792579865965
3.883,-0.015748792579865965
3.884,-0.012052744795923914
3.885,-0.02683693593169211
3.886,0.002731446339844281
3.887,0.00642749412378633
3.888,-0.008356697011981867
3.889,-0.0009646014440977679
3.89,0.00642749412378633
3.891,-0.0009646014440977679
3.892,-0.019444840363808013
3.893,-0.008356697011981867
3.894,0.002731446339844281
3.895,-0.015748792579865965
3.896,-0.008356697011981867
3.897,-0.008356697011981867
3.898,0.002731446339844281
3.899,-0.015748792579865965
3.9,-0.004660649228039817
3.901,-0.008356697011981867
3.902,-0.0009646014440977679
3.903,-0.004660649228039817
3.904,-0.012052744795923914
3.905,-0.004660649228039817
3.906,-0.008356697011981867
3.907,0.017515637475612477
3.908,-0.015748792579865965
3.909,0.010123541907728378
3.91,-0.004660649228039817
3.911,-0.004660649228039817
3.912,0.00642749412378633
3.913,-0.0009646014440977679
3.914,0.017515637475612477
3.915,-0.019444840363808013
3.916,-0.015748792579865965
3.917,-0.019444840363808013
3.918,-0.0009646014440977679
3.919,-0.0009646014440977679
3.92,-0.008356697011981867
3.921,0.00642749412378633
3.922,-0.019444840363808013
3.923,-0.012052744795923914
3.924,-0.04162112706746031
3.925,-0.019444840363808013
3.926,-0.0009646014440977679
3.927,0.002731446339844281
3.928,-0.019444840363808013
3.929,-0.004660649228039817
3.93,-0.02683693593169211
3.931,-0.004660649228039817
3.932,0.00642749412378633
3.933,-0.004660649228039817
3.934,-0.012052744795923914
3.935,-0.012052744795923914
3.936,0.00642749412378633
3.937,-0.019444840363808013
3.938,-0.012052744795923914
3.939,-0.02314088814775006
3.94,0.002731446339844281
3.941,-0.012052744795923914
3.942,-0.004660649228039817
3.943,-0.008356697011981867
3.944,-0.008356697011981867
3.945,-0.019444840363808013
3.946,-0.008356697011981867
3.947,-0.02314088814775006
3.948,-0.012052744795923914
3.949,-0.012052744795923914
3.95,-0.012052744795923914
3.951,-0.0009646014440977679
3.952,-0.02314088814775006
3.953,-0.015748792579865965
3.954,0.013819589691670428
3.955,-0.004660649228039817
3.956,-0.004660649228039817
3.957,-0.004660649228039817
3.958,-0.0009646014440977679
3.959,-0.004660649228039817
3.96,-0.019444840363808013
3.961,-0.03422903149957621
3.962,-0.02683693593169211
3.963,0.010123541907728378
3.964,0.013819589691670428
3.965,-0.004660649228039817
3.966,-0.015748792579865965
3.967,-0.0009646014440977679
3.968,-0.03422903149957621
3.969,-0.008356697011981867
3.97,-0.008356697011981867
3.971,-0.015748792579865965
3.972,-0.02314088814775006
3.973,0.010123541907728378
3.974,-0.004660649228039817
3.975,-0.008356697011981867
3.976,-0.004660649228039817
3.977,-0.012052744795923914
3.978,-0.012052744795923914
3.979,0.00642749412378633
3.98,-0.015748792579865965
3.981,0.002731446339844281
3.982,-0.004660649228039817
3.983,-0.019444840363808013
3.984,-0.004660649228039817
3.985,0.017515637475612477
3.986,0.00642749412378633
3.987,0.021211685259554525
3.988,0.002731446339844281
3.989,0.002731446339844281
3.99,-0.0009646014440977679
3.991,-0.03792507928351826
3.992,-0.0009646014440977679
3.993,-0.019444840363808013
3.994,-0.012052744795923914
3.995,-0.008356697011981867
3.996,-0.008356697011981867
3.997,0.00642749412378633
3.998,0.002731446339844281
3.999,0.010123541907728378
4.0,0.00642749412378633
4.001,-0.02683693593169211
4.002,-0.015748792579865965
4.003,-0.03053298371563416
4.004,-0.012052744795923914
4.005,0.010123541907728378
4.006,0.010123541907728378
4.007,-0.02314088814775006
4.008,0.00642749412378633
4.009,-0.008356697011981867
4.01,-0.019444840363808013
4.011,-0.004660649228039817
4.012,-0.0009646014440977679
4.013,-0.012052744795923914
4.014,-0.03422903149957621
4.015,-0.012052744795923914
4.016,-0.02314088814775006
4.017,-0.012052744795923914
4.018,-0.0009646014440977679
4.019,-0.004660649228039817
4.02,-0.019444840363808013
4.021,0.010123541907728378
4.022,-0.004660649228039817
4.023,-0.03053298371563416
4.024,-0.02314088814775006
4.025,-0.008356697011981867
4.026,-0.008356697011981867
4.027,-0.019444840363808013
4.028,0.002731446339844281
4.029,0.010123541907728378
4.03,-0.008356697011981867
4.031,-0.0009646014440977679
4.032,-0.0009646014440977679
4.033,0.002731446339844281
4.034,0.013819589691670428
4.035,0.017515637475612477
4.036,-0.012052744795923914
4.037,-0.02314088814775006
4.038,-0.0009646014440977679
4.039,-0.015748792579865965
4.04,0.002731446339844281
4.041,0.010123541907728378
4.042,-0.008356697011981867
4.043,-0.004660649228039817
4.044,0.002731446339844281
4.045,-0.012052744795923914
4.046,-0.0009646014440977679
4.047,0.00642749412378633
4.048,-0.004660649228039817
4.049,0.002731446339844281
4.05,-0.008356697011981867
4.051,0.021211685259554525
4.052,0.00642749412378633
4.053,0.013819589691670428
4.054,-0.02314088814775006
4.055,-0.004660649228039817
4.056,-0.02314088814775006
4.057,0.002731446339844281
4.058,-0.004660649228039817
4.059,0.002731446339844281
4.06,-0.008356697011981867
4.061,-0.015748792579865965
4.062,-0.03422903149957621
4.063,0.002731446339844281
4.064,-0.008356697011981867
4.065,-0.015748792579865965
4.066,-0.008356697011981867
4.067,0.013819589691670428
4.068,-0.019444840363808013
4.069,-0.012052744795923914
4.07,-0.008356697011981867
4.071,0.010123541907728378
4.072,0.002731446339844281
4.073,-0.015748792579865965
4.074,-0.012052744795923914
4.075,-0.019444840363808013
4.076,-0.008356697011981867
4.077,-0.012052744795923914
4.078,-0.0009646014440977679
4.079,-0.0009646014440977679
4.08,-0.004660649228039817
4.081,-0.015748792579865965
4.082,0.010123541907728378
4.083,0.010123541907728378
4.084,-0.004660649228039817
4.085,-0.012052744795923914
4.086,-0.04162112706746031
4.087,0.010123541907728378
4.088,0.002731446339844281
4.089,0.013819589691670428
4.09,-0.012052744795923914
4.091,-0.004660649228039817
4.092,-0.008356697011981867
4.093,0.002731446339844281
4.094,-0.004660649228039817
4.095,-0.004660649228039817
4.096,-0.0009646014440977679
4.097,-0.019444840363808013
4.098,-0.008356697011981867
4.099,-0.03422903149957621
4.1,-0.008356697011981867
4.101,-0.012052744795923914
4.102,-0.012052744795923914
4.103,-0.012052744795923914
4.104,-0.008356697011981867
4.105,-0.008356697011981867
4.106,0.024907733043496576
4.107,-0.02683693593169211
4.108,0.00642749412378633
4.109,-0.02314088814775006
4.11,-0.0009646014440977679
4.111,0.00642749412378633
4.112,-0.012052744795923914
4.113,0.002731446339844281
4.114,-0.008356697011981867
4.115,-0.008356697011981867
4.116,-0.03053298371563416
4.117,-0.03422903149957621
4.118,-0.019444840363808013
4.119,0.013819589691670428
4.12,0.002731446339844281
4.121,-0.0009646014440977679
4.122,-0.0009646014440977679
4.123,-0.0009646014440977679
4.124,-0.004660649228039817
4.125,-0.0009646014440977679
4.126,-0.004660649228039817
4.127,-0.019444840363808013
4.128,-0.0009646014440977679
4.129,-0.012052744795923914
4.13,-0.012052744795923914
4.131,-0.015748792579865965
4.132,-0.019444840363808013
4.133,-0.012052744795923914
4.134,-0.008356697011981867
4.135,-0.015748792579865965
4.136,-0.0009646014440977679
4.137,-0.004660649228039817
4.138,-0.004660649228039817
4.139,-0.0009646014440977679
4.14,-0.004660649228039817
4.141,0.002731446339844281
4.142,-0.015748792579865965
4.143,-0.03053298371563416
4.144,0.00642749412378633
4.145,-0.02314088814775006
4.146,-0.004660649228039817
4.147,-0.012052744795923914
4.148,-0.004660649228039817
4.149,-0.008356697011981867
4.15,-0.0009646014440977679
4.151,0.00642749412378633
4.152,-0.008356697011981867
4.153,-0.015748792579865965
4.154,-0.015748792579865965
4.155,-0.0009646014440977679
4.156,0.00642749412378633
4.157,0.00642749412378633
4.158,-0.012052744795923914
4.159,-0.019444840363808013
4.16,0.00642749412378633
4.161,-0.0009646014440977679
4.162,-0.008356697011981867
4.163,-0.0009646014440977679
4.164,-0.03053298371563416
4.165,-0.019444840363808013
4.166,-0.0009646014440977679
4.167,-0.0009646014440977679
4.168,-0.012052744795923914
4.169,-0.0009646014440977679
4.17,-0.008356697011981867
4.171,-0.004660649228039817
4.172,-0.0009646014440977679
4.173,-0.02683693593169211
4.174,0.00642749412378633
4.175,-0.02314088814775006
4.176,0.00642749412378633
4.177,-0.0009646014440977679
4.178,0.017515637475612477
4.179,0.002731446339844281
4.18,-0.012052744795923914
4.181,0.002731446339844281
4.182,-0.004660649228039817
4.183,-0.015748792579865965
4.184,-0.012052744795923914
4.185,-0.015748792579865965
4.186,-0.004660649228039817
4.187,-0.02683693593169211
4.188,-0.019444840363808013
4.189,-0.004660649228039817
4.19,-0.02683693593169211
4.191,-0.02683693593169211
4.192,-0.0009646014440977679
4.193,0.002731446339844281
4.194,-0.004660649228039817
4.195,-0.012052744795923914
4.196,-0.004660649228039817
4.197,-0.02314088814775006
4.198,-0.0009646014440977679
4.199,-0.03053298371563416
4.2,-0.015748792579865965
4.201,-0.0009646014440977679
4.202,-0.008356697011981867
4.203,-0.004660649228039817
4.204,-0.015748792579865965
4.205,-0.0009646014440977679
4.206,-0.004660649228039817
4.207,0.002731446339844281
4.208,-0.012052744795923914
4.209,-0.019444840363808013
4.21,-0.03053298371563416
4.211,-0.03053298371563416
4.212,-0.0009646014440977679
4.213,0.002731446339844281
4.214,-0.03422903149957621
4.215,0.00642749412378633
4.216,-0.0009646014440977679
4.217,-0.015748792579865965
4.218,-0.008356697011981867
4.219,-0.012052744795923914
4.22,-0.02314088814775006
4.221,0.002731446339844281
4.222,-0.012052744795923914
4.223,-0.008356697011981867
4.224,-0.008356697011981867
4.225,-0.008356697011981867
4.226,-0.004660649228039817
4.227,0.010123541907728378
4.228,0.017515637475612477
4.229,-0.012052744795923914
4.23,-0.008356697011981867
4.231,-0.004660649228039817
4.232,-0.02314088814775006
4.233,-0.0009646014440977679
4.234,0.00642749412378633
4.235,-0.008356697011981867
4.236,-0.02314088814775006
4.237,-0.0009646014440977679
4.238,-0.012052744795923914
4.239,-0.008356697011981867
4.24,-0.012052744795923914
4.241,0.002731446339844281
4.242,-0.02683693593169211
4.243,0.00642749412378633
4.244,-0.0009646014440977679
4.245,-0.008356697011981867
4.246,-0.02314088814775006
4.247,-0.03053298371563416
4.248,0.002731446339844281
4.249,-0.02314088814775006
4.25,-0.019444840363808013
4.251,-0.02314088814775006
4.252,-0.015748792579865965
4.253,0.00642749412378633
4.254,-0.004660649228039817
4.255,-0.02683693593169211
4.256,-0.0009646014440977679
4.257,-0.012052744795923914
4.258,-0.008356697011981867
4.259,-0.004660649228039817
4.26,-0.004660649228039817
4.261,-0.012052744795923914
4.262,-0.008356697011981867
4.263,-0.019444840363808013
4.264,-0.02314088814775006
4.265,0.010123541907728378
4.266,-0.012052744795923914
4.267,-0.008356697011981867
4.268,-0.02314088814775006
4.269,-0.012052744795923914
4.27,-0.008356697011981867
4.271,-0.0009646014440977679
4.272,-0.004660649228039817
4.273,-0.004660649228039817
4.274,-0.012052744795923914
4.275,-0.008356697011981867
4.276,0.00642749412378633
4.277,-0.019444840363808013
4.278,-0.03422903149957621
4.279,-0.012052744795923914
4.28,-0.03053298371563416
4.281,-0.0009646014440977679
4.282,0.024907733043496576
4.283,0.002731446339844281
4.284,0.002731446339844281
4.285,0.010123541907728378
4.286,0.010123541907728378
4.287,0.002731446339844281
4.288,0.002731446339844281
4.289,-0.0009646014440977679
4.29,-0.02314088814775006
4.291,-0.008356697011981867
4.292,0.017515637475612477
4.293,-0.0009646014440977679
4.294,-0.012052744795923914
4.295,-0.0009646014440977679
4.296,-0.015748792579865965
4.297,-0.0009646014440977679
4.298,-0.0009646014440977679
4.299,0.00642749412378633
4.3,-0.015748792579865965
4.301,-0.012052744795923914
4.302,0.002731446339844281
4.303,-0.015748792579865965
4.304,-0.02683693593169211
4.305,0.00642749412378633
4.306,-0.0009646014440977679
4.307,-0.0009646014440977679
4.308,-0.004660649228039817
4.309,0.013819589691670428
4.31,-0.008356697011981867
4.311,-0.019444840363808013
4.312,-0.012052744795923914
4.313,-0.02314088814775006
4.314,-0.012052744795923914
4.315,0.017515637475612477
4.316,-0.03053298371563416
4.317,0.002731446339844281
4.318,-0.0009646014440977679
4.319,-0.015748792579865965
4.32,-0.015748792579865965
4.321,-0.02683693593169211
4.322,-0.019444840363808013
4.323,0.00642749412378633
4.324,-0.004660649228039817
4.325,-0.015748792579865965
4.326,-0.019444840363808013
4.327,-0.004660649228039817
4.328,-0.03053298371563416
4.329,-0.02314088814775006
4.33,-0.008356697011981867
4.331,-0.019444840363808013
4.332,-0.02314088814775006
4.333,-0.008356697011981867
4.334,-0.008356697011981867
4.335,-0.015748792579865965
4.336,-0.004660649228039817
4.337,-0.012052744795923914
4.338,-0.019444840363808013
4.339,-0.004660649228039817
4.34,-0.0009646014440977679
4.341,-0.008356697011981867
4.342,-0.02314088814775006
4.343,0.010123541907728378
4.344,-0.012052744795923914
4.345,-0.008356697011981867
4.346,-0.02683693593169211
4.347,0.00642749412378633
4.348,-0.019444840363808013
4.349,-0.03053298371563416
4.35,-0.008356697011981867
4.351,0.002731446339844281
4.352,-0.008356697011981867
4.353,0.00642749412378633
4.354,-0.0009646014440977679
4.355,0.002731446339844281
4.356,-0.004660649228039817
4.357,-0.012052744795923914
4.358,-0.019444840363808013
4.359,0.013819589691670428
4.36,-0.0009646014440977679
4.361,0.010123541907728378
4.362,-0.019444840363808013
4.363,-0.015748792579865965
4.364,0.010123541907728378
4.365,0.00642749412378633
4.366,-0.019444840363808013
4.367,-0.02314088814775006
4.368,-0.004660649228039817
4.369,-0.004660649228039817
4.37,-0.02314088814775006
4.371,0.010123541907728378
4.372,-0.015748792579865965
4.373,-0.004660649228039817
4.374,0.00642749412378633
4.375,-0.004660649228039817
4.376,-0.03053298371563416
4.377,-0.015748792579865965
4.378,-0.0009646014440977679
4.379,-0.03792507928351826
4.38,-0.004660649228039817
4.381,-0.02314088814775006
4.382,0.002731446339844281
4.383,-0.008356697011981867
4.384,-0.012052744795923914
4.385,-0.0009646014440977679
4.386,-0.012052744795923914
4.387,-0.008356697011981867
4.388,0.002731446339844281
4.389,-0.008356697011981867
4.39,-0.015748792579865965
4.391,-0.0009646014440977679
4.392,0.00642749412378633
4.393,-0.008356697011981867
4.394,0.00642749412378633
4.395,0.00642749412378633
4.396,-0.008356697011981867
4.397,-0.0009646014440977679
4.398,0.017515637475612477
4.399,-0.015748792579865965
4.4,-0.02683693593169211
4.401,-0.004660649228039817
4.402,-0.015748792579865965
4.403,-0.015748792579865965
4.404,-0.008356697011981867
4.405,-0.012052744795923914
4.406,-0.019444840363808013
4.407,0.002731446339844281
4.408,-0.004660649228039817
4.409,-0.019444840363808013
4.41,-0.02683693593169211
4.411,0.017515637475612477
4.412,-0.008356697011981867
4.413,0.002731446339844281
4.414,-0.019444840363808013
4.415,0.00642749412378633
4.416,-0.012052744795923914
4.417,-0.0009646014440977679
4.418,0.002731446339844281
4.419,0.002731446339844281
4.42,-0.0009646014440977679
4.421,-0.03053298371563416
4.422,0.021211685259554525
4.423,0.002731446339844281
4.424,-0.004660649228039817
4.425,-0.0009646014440977679
4.426,-0.015748792579865965
4.427,-0.004660649228039817
4.428,-0.015748792579865965
4.429,-0.008356697011981867
4.43,-0.015748792579865965
4.431,-0.0009646014440977679
4.432,-0.008356697011981867
4.433,-0.008356697011981867
4.434,-0.0009646014440977679
4.435,-0.004660649228039817
4.436,-0.012052744795923914
4.437,0.002731446339844281
4.438,-0.004660649228039817
4.439,-0.008356697011981867
4.44,-0.015748792579865965
4.441,-0.0009646014440977679
4.442,-0.02314088814775006
4.443,-0.008356697011981867
4.444,-0.02683693593169211
4.445,-0.02683693593169211
4.446,0.002731446339844281
4.447,0.002731446339844281
4.448,-0.015748792579865965
4.449,0.00642749412378633
4.45,0.013819589691670428
4.451,-0.004660649228039817
4.452,0.002731446339844281
4.453,-0.02683693593169211
4.454,0.00642749412378633
4.455,0.00642749412378633
4.456,-0.004660649228039817
4.457,-0.008356697011981867
4.458,0.00642749412378633
4.459,0.010123541907728378
4.46,0.010123541907728378
4.461,0.013819589691670428
4.462,-0.02683693593169211
4.463,-0.012052744795923914
4.464,0.010123541907728378
4.465,-0.0009646014440977679
4.466,-0.0009646014440977679
4.467,-0.008356697011981867
4.468,-0.03422903149957621
4.469,-0.0009646014440977679
4.47,-0.02314088814775006
4.471,-0.0009646014440977679
4.472,0.017515637475612477
4.473,-0.004660649228039817
4.474,-0.004660649228039817
4.475,-0.012052744795923914
4.476,-0.0009646014440977679
4.477,-0.012052744795923914
4.478,0.002731446339844281
4.479,-0.004660649228039817
4.48,-0.012052744795923914
4.481,-0.012052744795923914
4.482,-0.019444840363808013
4.483,-0.0009646014440977679
4.484,-0.019444840363808013
4.485,-0.012052744795923914
4.486,-0.015748792579865965
4.487,-0.02683693593169211
4.488,-0.019444840363808013
4.489,-0.004660649228039817
4.49,-0.015748792579865965
4.491,-0.012052744795923914
4.492,-0.012052744795923914
4.493,0.028603780827438623
4.494,0.013819589691670428
4.495,-0.015748792579865965
4.496,-0.012052744795923914
4.497,-0.02314088814775006
4.498,-0.0009646014440977679
4.499,-0.02683693593169211
4.5,0.002731446339844281
4.501,-0.03053298371563416
4.502,-0.004660649228039817
4.503,-0.012052744795923914
4.504,-0.004660649228039817
4.505,-0.02314088814775006
4.506,-0.019444840363808013
4.507,-0.0009646014440977679
4.508,0.002731446339844281
4.509,-0.012052744795923914
4.51,0.00642749412378633
4.511,-0.015748792579865965
4.512,-0.015748792579865965
4.513,-0.004660649228039817
4.514,0.010123541907728378
4.515,-0.0009646014440977679
4.516,0.013819589691670428
4.517,-0.004660649228039817
4.518,-0.008356697011981867
4.519,-0.015748792579865965
4.52,-0.015748792579865965
4.521,-0.008356697011981867
4.522,-0.019444840363808013
4.523,-0.02314088814775006
4.524,-0.015748792579865965
4.525,-0.0009646014440977679
4.526,-0.015748792579865965
4.527,-0.0009646014440977679
4.528,-0.03053298371563416
4.529,0.017515637475612477
4.53,-0.004660649228039817
4.531,-0.012052744795923914
4.532,-0.004660649228039817
4.533,-0.008356697011981867
4.534,-0.004660649228039817
4.535,-0.008356697011981867
4.536,-0.012052744795923914
4.537,0.002731446339844281
4.538,-0.012052744795923914
4.539,-0.015748792579865965
4.54,-0.008356697011981867
4.541,-0.008356697011981867
4.542,-0.02314088814775006
4.543,-0.0009646014440977679
4.544,-0.008356697011981867
4.545,-0.012052744795923914
4.546,-0.004660649228039817
4.547,-0.0009646014440977679
4.548,0.002731446339844281
4.549,-0.008356697011981867
4.55,-0.008356697011981867
4.551,-0.019444840363808013
4.552,-0.004660649228039817
4.553,-0.008356697011981867
4.554,-0.015748792579865965
4.555,-0.02683693593169211
4.556,0.00642749412378633
4.557,0.010123541907728378
4.558,-0.004660649228039817
4.559,-0.008356697011981867
4.56,-0.02314088814775006
4.561,0.002731446339844281
4.562,-0.0009646014440977679
4.563,-0.008356697011981867
4.564,-0.008356697011981867
4.565,-0.0009646014440977679
4.566,-0.008356697011981867
4.567,-0.0009646014440977679
4.568,0.00642749412378633
4.569,-0.012052744795923914
4.57,-0.03053298371563416
4.571,-0.02314088814775006
4.572,-0.008356697011981867
4.573,0.002731446339844281
4.574,-0.012052744795923914
4.575,-0.015748792579865965
4.576,-0.0009646014440977679
4.577,-0.004660649228039817
4.578,-0.008356697011981867
4.579,0.002731446339844281
4.58,-0.008356697011981867
4.581,-0.02683693593169211
4.582,-0.012052744795923914
4.583,-0.02314088814775006
4.584,-0.02683693593169211
4.585,-0.03053298371563416
4.586,-0.008356697011981867
4.587,-0.004660649228039817
4.588,0.010123541907728378
4.589,-0.0009646014440977679
4.59,-0.019444840363808013
4.591,-0.008356697011981867
4.592,-0.004660649228039817
4.593,0.00642749412378633
4.594,0.002731446339844281
4.595,-0.008356697011981867
4.596,0.010123541907728378
4.597,0.002731446339844281
4.598,-0.02683693593169211
4.599,-0.008356697011981867
4.6,-0.012052744795923914
4.601,-0.008356697011981867
4.602,-0.012052744795923914
4.603,-0.015748792579865965
4.604,0.024907733043496576
4.605,-0.019444840363808013
4.606,-0.02314088814775006
4.607,-0.012052744795923914
4.608,-0.019444840363808013
4.609,-0.004660649228039817
4.61,-0.03422903149957621
4.611,-0.008356697011981867
4.612,0.00642749412378633
4.613,-0.02683693593169211
4.614,-0.012052744795923914
4.615,0.010123541907728378
4.616,-0.015748792579865965
4.617,-0.012052744795923914
4.618,-0.03053298371563416
4.619,-0.02314088814775006
4.62,-0.008356697011981867
4.621,-0.015748792579865965
4.622,-0.02314088814775006
4.623,-0.0009646014440977679
4.624,0.00642749412378633
4.625,0.010123541907728378
4.626,-0.012052744795923914
4.627,-0.008356697011981867
4.628,-0.004660649228039817
4.629,-0.012052744795923914
4.63,-0.004660649228039817
4.631,-0.0009646014440977679
4.632,-0.008356697011981867
4.633,-0.004660649228039817
4.634,-0.0009646014440977679
4.635,-0.02683693593169211
4.636,-0.008356697011981867
4.637,-0.015748792579865965
4.638,0.00642749412378633
4.639,-0.0009646014440977679
4.64,-0.0009646014440977679
4.641,0.002731446339844281
4.642,-0.0009646014440977679
4.643,0.00642749412378633
4.644,-0.015748792579865965
4.645,-0.02314088814775006
4.646,-0.008356697011981867
4.647,-0.004660649228039817
4.648,-0.03422903149957621
4.649,0.010123541907728378
4.65,-0.02683693593169211
4.651,0.002731446339844281
4.652,-0.02314088814775006
4.653,-0.004660649228039817
4.654,-0.02314088814775006
4.655,-0.0009646014440977679
4.656,0.002731446339844281
4.657,-0.02314088814775006
4.658,-0.012052744795923914
4.659,-0.02683693593169211
4.66,0.002731446339844281
4.661,-0.015748792579865965
4.662,0.010123541907728378
4.663,-0.004660649228039817
4.664,-0.004660649228039817
4.665,-0.008356697011981867
4.666,-0.02683693593169211
4.667,-0.03053298371563416
4.668,-0.004660649228039817
4.669,-0.02683693593169211
4.67,-0.015748792579865965
4.671,-0.012052744795923914
4.672,-0.015748792579865965
4.673,-0.019444840363808013
4.674,0.00642749412378633
4.675,-0.004660649228039817
4.676,-0.012052744795923914
4.677,-0.008356697011981867
4.678,-0.019444840363808013
4.679,-0.0009646014440977679
4.68,-0.019444840363808013
4.681,0.002731446339844281
4.682,-0.012052744795923914
4.683,-0.004660649228039817
4.684,-0.02314088814775006
4.685,-0.015748792579865965
4.686,-0.019444840363808013
4.687,-0.008356697011981867
4.688,-0.008356697011981867
4.689,-0.019444840363808013
4.69,-0.004660649228039817
4.691,-0.015748792579865965
4.692,-0.03792507928351826
4.693,-0.019444840363808013
4.694,0.002731446339844281
4.695,-0.008356697011981867
4.696,0.010123541907728378
4.697,-0.012052744795923914
4.698,-0.019444840363808013
4.699,-0.008356697011981867
4.7,-0.008356697011981867
4.701,-0.008356697011981867
4.702,-0.008356697011981867
4.703,-0.02314088814775006
4.704,-0.019444840363808013
4.705,0.002731446339844281
4.706,0.010123541907728378
4.707,-0.02314088814775006
4.708,-0.015748792579865965
4.709,-0.008356697011981867
4.71,-0.02314088814775006
4.711,-0.015748792579865965
4.712,-0.004660649228039817
4.713,-0.008356697011981867
4.714,-0.02314088814775006
4.715,0.013819589691670428
4.716,-0.004660649228039817
4.717,-0.03422903149957621
4.718,-0.004660649228039817
4.719,-0.008356697011981867
4.72,-0.012052744795923914
4.721,-0.004660649228039817
4.722,-0.019444840363808013
4.723,-0.0009646014440977679
4.724,-0.02314088814775006
4.725,-0.019444840363808013
4.726,-0.02314088814775006
4.727,-0.019444840363808013
4.728,-0.012052744795923914
4.729,-0.012052744795923914
4.73,0.021211685259554525
4.731,-0.03053298371563416
4.732,-0.015748792579865965
4.733,-0.012052744795923914
4.734,0.010123541907728378
4.735,0.002731446339844281
4.736,-0.0009646014440977679
4.737,-0.015748792579865965
4.738,-0.0009646014440977679
4.739,-0.008356697011981867
4.74,-0.02314088814775006
4.741,0.010123541907728378
4.742,-0.008356697011981867
4.743,-0.012052744795923914
4.744,-0.03053298371563416
4.745,-0.02683693593169211
4.746,-0.015748792579865965
4.747,-0.008356697011981867
4.748,-0.008356697011981867
4.749,-0.015748792579865965
4.75,-0.012052744795923914
4.751,-0.008356697011981867
4.752,-0.0009646014440977679
4.753,-0.0009646014440977679
4.754,0.002731446339844281
4.755,0.010123541907728378
4.756,-0.015748792579865965
4.757,-0.019444840363808013
4.758,0.00642749412378633
4.759,-0.004660649228039817
4.76,-0.012052744795923914
4.761,-0.019444840363808013
4.762,-0.0009646014440977679
4.763,-0.0009646014440977679
4.764,0.002731446339844281
4.765,-0.03792507928351826
4.766,0.010123541907728378
4.767,-0.008356697011981867
4.768,-0.0009646014440977679
4.769,-0.004660649228039817
4.77,-0.0009646014440977679
4.771,0.017515637475612477
4.772,-0.02314088814775006
4.773,0.00642749412378633
4.774,-0.012052744795923914
4.775,-0.02683693593169211
4.776,-0.015748792579865965
4.777,-0.015748792579865965
4.778,-0.012052744795923914
4.779,-0.03053298371563416
4.78,0.013819589691670428
4.781,0.00642749412378633
4.782,0.013819589691670428
4.783,-0.008356697011981867
4.784,-0.019444840363808013
4.785,-0.0009646014440977679
4.786,-0.008356697011981867
4.787,0.002731446339844281
4.788,-0.019444840363808013
4.789,-0.008356697011981867
4.79,0.010123541907728378
4.791,-0.015748792579865965
4.792,-0.019444840363808013
4.793,0.021211685259554525
4.794,-0.0009646014440977679
4.795,0.002731446339844281
4.796,-0.0009646014440977679
4.797,-0.015748792579865965
4.798,-0.008356697011981867
4.799,-0.02683693593169211
4.8,-0.015748792579865965
4.801,-0.008356697011981867
4.802,-0.008356697011981867
4.803,-0.015748792579865965
4.804,-0.02683693593169211
4.805,-0.019444840363808013
4.806,-0.02314088814775006
4.807,-0.0009646014440977679
4.808,-0.012052744795923914
4.809,0.002731446339844281
4.81,-0.02314088814775006
4.811,0.002731446339844281
4.812,-0.015748792579865965
4.813,-0.008356697011981867
4.814,-0.012052744795923914
4.815,-0.02683693593169211
4.816,-0.015748792579865965
4.817,-0.012052744795923914
4.818,-0.015748792579865965
4.819,-0.019444840363808013
4.82,-0.008356697011981867
4.821,-0.019444840363808013
4.822,-0.012052744795923914
4.823,-0.019444840363808013
4.824,-0.0009646014440977679
4.825,-0.012052744795923914
4.826,-0.012052744795923914
4.827,-0.019444840363808013
4.828,-0.015748792579865965
4.829,0.002731446339844281
4.83,-0.0009646014440977679
4.831,-0.03053298371563416
4.832,-0.008356697011981867
4.833,-0.015748792579865965
4.834,-0.03053298371563416
4.835,-0.004660649228039817
4.836,0.002731446339844281
4.837,-0.02314088814775006
4.838,0.00642749412378633
4.839,-0.0009646014440977679
4.84,-0.008356697011981867
4.841,-0.004660649228039817
4.842,-0.008356697011981867
4.843,-0.019444840363808013
4.844,0.00642749412378633
4.845,-0.012052744795923914
4.846,-0.008356697011981867
4.847,-0.008356697011981867
4.848,-0.004660649228039817
4.849,0.00642749412378633
4.85,0.002731446339844281
4.851,-0.008356697011981867
4.852,-0.008356697011981867
4.853,-0.019444840363808013
4.854,-0.008356697011981867
4.855,-0.03053298371563416
4.856,-0.012052744795923914
4.857,-0.02314088814775006
4.858,0.002731446339844281
4.859,-0.019444840363808013
4.86,-0.015748792579865965
4.861,-0.0009646014440977679
4.862,-0.012052744795923914
4.863,0.002731446339844281
4.864,-0.03053298371563416
4.865,-0.012052744795923914
4.866,0.00642749412378633
4.867,-0.008356697011981867
4.868,0.002731446339844281
4.869,-0.008356697011981867
4.87,0.00642749412378633
4.871,-0.015748792579865965
4.872,-0.02683693593169211
4.873,-0.02314088814775006
4.874,-0.02683693593169211
4.875,-0.008356697011981867
4.876,-0.02314088814775006
4.877,-0.02314088814775006
4.878,-0.019444840363808013
4.879,-0.012052744795923914
4.88,0.00642749412378633
4.881,0.002731446339844281
4.882,-0.02683693593169211
4.883,0.00642749412378633
4.884,-0.008356697011981867
4.885,-0.02314088814775006
4.886,-0.015748792579865965
4.887,-0.019444840363808013
4.888,0.010123541907728378
4.889,-0.02314088814775006
4.89,-0.012052744795923914
4.891,0.028603780827438623
4.892,-0.0009646014440977679
4.893,-0.02683693593169211
4.894,-0.004660649228039817
4.895,-0.008356697011981867
4.896,-0.0009646014440977679
4.897,0.010123541907728378
4.898,-0.008356697011981867
4.899,-0.0009646014440977679
4.9,0.00642749412378633
4.901,0.00642749412378633
4.902,-0.012052744795923914
4.903,-0.02314088814775006
4.904,-0.02314088814775006
4.905,-0.004660649228039817
4.906,-0.019444840363808013
4.907,-0.012052744795923914
4.908,-0.012052744795923914
4.909,0.002731446339844281
4.91,-0.004660649228039817
4.911,-0.004660649228039817
4.912,0.017515637475612477
4.913,-0.019444840363808013
4.914,-0.0009646014440977679
4.915,-0.015748792579865965
4.916,-0.008356697011981867
4.917,-0.019444840363808013
4.918,-0.012052744795923914
4.919,-0.008356697011981867
4.92,0.002731446339844281
4.921,-0.008356697011981867
4.922,-0.012052744795923914
4.923,-0.008356697011981867
4.924,-0.02683693593169211
4.925,-0.012052744795923914
4.926,-0.03053298371563416
4.927,-0.0009646014440977679
4.928,-0.008356697011981867
4.929,-0.015748792579865965
4.93,-0.0009646014440977679
4.931,-0.012052744795923914
4.932,0.002731446339844281
4.933,-0.02683693593169211
4.934,-0.03422903149957621
4.935,-0.004660649228039817
4.936,-0.004660649228039817
4.937,-0.012052744795923914
4.938,0.00642749412378633
4.939,-0.004660649228039817
4.94,0.024907733043496576
4.941,0.00642749412378633
4.942,-0.004660649228039817
4.943,-0.03422903149957621
4.944,-0.02314088814775006
4.945,0.010123541907728378
4.946,-0.012052744795923914
4.947,-0.008356697011981867
4.948,-0.02314088814775006
4.949,-0.008356697011981867
4.95,-0.008356697011981867
4.951,-0.0009646014440977679
4.952,0.00642749412378633
4.953,-0.008356697011981867
4.954,-0.008356697011981867
4.955,-0.004660649228039817
4.956,-0.019444840363808013
4.957,-0.012052744795923914
4.958,-0.004660649228039817
4.959,0.00642749412378633
4.96,0.00642749412378633
4.961,-0.012052744795923914
4.962,0.013819589691670428
4.963,-0.03053298371563416
4.964,0.013819589691670428
4.965,-0.012052744795923914
4.966,-0.004660649228039817
4.967,-0.02314088814775006
4.968,0.010123541907728378
4.969,-0.004660649228039817
4.97,-0.004660649228039817
4.971,-0.02314088814775006
4.972,-0.03422903149957621
4.973,-0.0009646014440977679
4.974,-0.015748792579865965
4.975,-0.02314088814775006
4.976,-0.012052744795923914
4.977,-0.02683693593169211
4.978,0.002731446339844281
4.979,0.013819589691670428
4.98,0.021211685259554525
4.981,-0.008356697011981867
4.982,-0.008356697011981867
4.983,0.002731446339844281
4.984,-0.019444840363808013
4.985,-0.012052744795923914
4.986,-0.02314088814775006
4.987,-0.004660649228039817
4.988,-0.03053298371563416
4.989,-0.03422903149957621
4.99,-0.012052744795923914
4.991,0.00642749412378633
4.992,-0.012052744795923914
4.993,-0.02314088814775006
4.994,0.002731446339844281
4.995,-0.0009646014440977679
4.996,-0.012052744795923914
4.997,-0.008356697011981867
4.998,0.00642749412378633
4.999,-0.015748792579865965
5.0,-0.015748792579865965
5.001,0.010123541907728378
5.002,-0.012052744795923914
5.003,0.010123541907728378
5.004,-0.0009646014440977679
5.005,0.010123541907728378
5.006,-0.02314088814775006
5.007,0.002731446339844281
5.008,-0.02314088814775006
5.009,-0.019444840363808013
5.01,-0.02683693593169211
5.011,0.010123541907728378
5.012,-0.015748792579865965
5.013,-0.015748792579865965
5.014,-0.008356697011981867
5.015,-0.015748792579865965
5.016,0.002731446339844281
5.017,-0.03053298371563416
5.018,-0.012052744795923914
5.019,-0.008356697011981867
5.02,-0.02683693593169211
5.021,-0.02314088814775006
5.022,-0.0009646014440977679
5.023,-0.008356697011981867
5.024,-0.03422903149957621
5.025,-0.004660649228039817
5.026,0.002731446339844281
5.027,-0.02314088814775006
5.028,-0.012052744795923914
5.029,-0.015748792579865965
5.03,0.010123541907728378
5.031,0.010123541907728378
5.032,-0.03053298371563416
5.033,-0.03053298371563416
5.034,-0.015748792579865965
5.035,-0.004660649228039817
5.036,-0.015748792579865965
5.037,0.00642749412378633
5.038,-0.015748792579865965
5.039,-0.015748792579865965
5.04,-0.008356697011981867
5.041,-0.02683693593169211
5.042,-0.004660649228039817
5.043,-0.004660649228039817
5.044,0.002731446339844281
5.045,-0.012052744795923914
5.046,-0.03053298371563416
5.047,-0.02314088814775006
5.048,0.010123541907728378
5.049,-0.02314088814775006
5.05,-0.0009646014440977679
5.051,-0.02683693593169211
5.052,0.002731446339844281
5.053,-0.015748792579865965
5.054,-0.019444840363808013
5.055,-0.02683693593169211
5.056,-0.0009646014440977679
5.057,-0.0009646014440977679
5.058,0.013819589691670428
5.059,-0.0009646014440977679
5.06,-0.008356697011981867
5.061,-0.012052744795923914
5.062,0.002731446339844281
5.063,0.010123541907728378
5.064,-0.015748792579865965
5.065,-0.012052744795923914
5.066,-0.015748792579865965
5.067,-0.019444840363808013
5.068,-0.02314088814775006
5.069,0.002731446339844281
5.07,0.00642749412378633
5.071,-0.019444840363808013
5.072,-0.019444840363808013
5.073,-0.012052744795923914
5.074,0.00642749412378633
5.075,-0.02314088814775006
5.076,-0.004660649228039817
5.077,0.013819589691670428
5.078,-0.008356697011981867
5.079,-0.03422903149957621
5.08,0.013819589691670428
5.081,-0.04162112706746031
5.082,-0.004660649228039817
5.083,-0.004660649228039817
5.084,-0.004660649228039817
5.085,-0.008356697011981867
5.086,-0.004660649228039817
5.087,-0.012052744795923914
5.088,-0.004660649228039817
5.089,0.002731446339844281
5.09,0.00642749412378633
5.091,-0.015748792579865965
5.092,-0.008356697011981867
5.093,-0.004660649228039817
5.094,-0.0009646014440977679
5.095,-0.004660649228039817
5.096,-0.02314088814775006
5.097,-0.004660649228039817
5.098,-0.008356697011981867
5.099,-0.008356697011981867
5.1,-0.004660649228039817
5.101,-0.012052744795923914
5.102,-0.0009646014440977679
5.103,-0.012052744795923914
5.104,-0.004660649228039817
5.105,0.00642749412378633
5.106,-0.012052744795923914
5.107,-0.019444840363808013
5.108,-0.015748792579865965
5.109,-0.012052744795923914
5.11,-0.008356697011981867
5.111,0.00642749412378633
5.112,0.002731446339844281
5.113,0.002731446339844281
5.114,-0.02314088814775006
5.115,-0.015748792579865965
5.116,-0.019444840363808013
5.117,-0.012052744795923914
5.118,-0.008356697011981867
5.119,-0.012052744795923914
5.12,-0.0009646014440977679
5.121,0.002731446339844281
5.122,-0.008356697011981867
5.123,-0.019444840363808013
5.124,-0.012052744795923914
5.125,-0.015748792579865965
5.126,-0.008356697011981867
5.127,-0.008356697011981867
5.128,-0.02683693593169211
5.129,-0.015748792579865965
5.13,-0.02683693593169211
5.131,0.002731446339844281
5.132,-0.008356697011981867
5.133,-0.008356697011981867
5.134,-0.004660649228039817
5.135,-0.008356697011981867
5.136,-0.0009646014440977679
5.137,0.00642749412378633
5.138,-0.02314088814775006
5.139,0.002731446339844281
5.14,0.002731446339844281
5.141,-0.0009646014440977679
5.142,-0.004660649228039817
5.143,-0.012052744795923914
5.144,-0.008356697011981867
5.145,-0.008356697011981867
5.146,0.00642749412378633
5.147,-0.019444840363808013
5.148,0.002731446339844281
5.149,-0.004660649228039817
5.15,0.002731446339844281
5.151,-0.015748792579865965
5.152,-0.019444840363808013
5.153,-0.019444840363808013
5.154,-0.0009646014440977679
5.155,-0.004660649228039817
5.156,-0.015748792579865965
5.157,-0.02314088814775006
5.158,-0.0009646014440977679
5.159,-0.019444840363808013
5.16,0.002731446339844281
5.161,-0.004660649228039817
5.162,-0.008356697011981867
5.163,0.00642749412378633
5.164,-0.004660649228039817
5.165,-0.019444840363808013
5.166,-0.02314088814775006
5.167,0.002731446339844281
5.168,-0.019444840363808013
5.169,-0.004660649228039817
5.17,-0.03422903149957621
5.171,-0.0009646014440977679
5.172,-0.0009646014440977679
5.173,0.010123541907728378
5.174,-0.008356697011981867
5.175,-0.008356697011981867
5.176,-0.0009646014440977679
5.177,-0.004660649228039817
5.178,-0.012052744795923914
5.179,-0.008356697011981867
5.18,-0.02314088814775006
5.181,0.00642749412378633
5.182,-0.008356697011981867
5.183,-0.019444840363808013
5.184,-0.004660649228039817
5.185,-0.02314088814775006
5.186,-0.008356697011981867
5.187,-0.019444840363808013
5.188,-0.02314088814775006
5.189,-0.015748792579865965
5.19,-0.012052744795923914
5.191,-0.008356697011981867
5.192,-0.03792507928351826
5.193,-0.019444840363808013
5.194,0.010123541907728378
5.195,-0.02314088814775006
5.196,-0.008356697011981867
5.197,-0.012052744795923914
5.198,0.00642749412378633
5.199,-0.004660649228039817
5.2,-0.015748792579865965
5.201,-0.02314088814775006
5.202,-0.012052744795923914
5.203,-0.015748792579865965
5.204,-0.019444840363808013
5.205,-0.0009646014440977679
5.206,-0.019444840363808013
5.207,-0.008356697011981867
5.208,-0.02683693593169211
5.209,0.010123541907728378
5.21,0.00642749412378633
5.211,-0.004660649228039817
5.212,-0.02314088814775006
5.213,0.002731446339844281
5.214,-0.015748792579865965
5.215,-0.004660649228039817
5.216,-0.012052744795923914
5.217,-0.012052744795923914
5.218,-0.0009646014440977679
5.219,0.002731446339844281
5.22,-0.012052744795923914
5.221,-0.008356697011981867
5.222,0.002731446339844281
5.223,-0.008356697011981867
5.224,-0.03053298371563416
5.225,-0.012052744795923914
5.226,-0.02683693593169211
5.227,0.00642749412378633
5.228,-0.008356697011981867
5.229,-0.008356697011981867
5.23,-0.015748792579865965
5.231,0.002731446339844281
5.232,-0.0009646014440977679
5.233,0.002731446339844281
5.234,-0.015748792579865965
5.235,-0.0009646014440977679
5.236,0.002731446339844281
5.237,-0.008356697011981867
5.238,-0.012052744795923914
5.239,-0.008356697011981867
5.24,-0.008356697011981867
5.241,-0.004660649228039817
5.242,-0.02314088814775006
5.243,-0.004660649228039817
5.244,0.00642749412378633
5.245,-0.004660649228039817
5.246,-0.03792507928351826
5.247,0.002731446339844281
5.248,0.021211685259554525
5.249,-0.012052744795923914
5.25,-0.02314088814775006
5.251,-0.0009646014440977679
5.252,-0.019444840363808013
5.253,-0.008356697011981867
5.254,-0.004660649228039817
5.255,0.013819589691670428
5.256,-0.02683693593169211
5.257,-0.012052744795923914
5.258,-0.0009646014440977679
5.259,-0.0009646014440977679
5.26,-0.02314088814775006
5.261,-0.004660649228039817
5.262,-0.019444840363808013
5.263,-0.02314088814775006
5.264,-0.004660649228039817
5.265,-0.004660649228039817
5.266,-0.02314088814775006
5.267,-0.02314088814775006
5.268,-0.012052744795923914
5.269,-0.019444840363808013
5.27,-0.0009646014440977679
5.271,-0.008356697011981867
5.272,-0.02683693593169211
5.273,-0.015748792579865965
5.274,-0.0009646014440977679
5.275,-0.015748792579865965
5.276,-0.019444840363808013
5.277,-0.03053298371563416
5.278,-0.015748792579865965
5.279,0.00642749412378633
5.28,-0.008356697011981867
5.281,-0.008356697011981867
5.282,-0.02683693593169211
5.283,-0.015748792579865965
5.284,-0.02314088814775006
5.285,-0.019444840363808013
5.286,-0.004660649228039817
5.287,0.010123541907728378
5.288,-0.019444840363808013
5.289,0.010123541907728378
5.29,-0.019444840363808013
5.291,-0.008356697011981867
5.292,-0.008356697011981867
5.293,-0.008356697011981867
5.294,-0.012052744795923914
5.295,-0.012052744795923914
5.296,0.00642749412378633
5.297,0.002731446339844281
5.298,-0.019444840363808013
5.299,-0.004660649228039817
5.3,-0.02683693593169211
5.301,-0.008356697011981867
5.302,0.00642749412378633
5.303,-0.012052744795923914
5.304,0.00642749412378633
5.305,-0.0009646014440977679
5.306,-0.012052744795923914
5.307,-0.03422903149957621
5.308,-0.02683693593169211
5.309,-0.02314088814775006
5.31,-0.015748792579865965
5.311,-0.015748792579865965
5.312,-0.004660649228039817
5.313,-0.03053298371563416
5.314,-0.004660649228039817
5.315,-0.0009646014440977679
5.316,-0.019444840363808013
5.317,-0.012052744795923914
5.318,-0.02314088814775006
5.319,0.002731446339844281
5.32,-0.03422903149957621
5.321,-0.02683693593169211
5.322,-0.0009646014440977679
5.323,0.00642749412378633
5.324,-0.008356697011981867
5.325,-0.03792507928351826
5.326,-0.02314088814775006
5.327,-0.0009646014440977679
5.328,-0.015748792579865965
5.329,-0.02683693593169211
5.33,-0.008356697011981867
5.331,-0.03422903149957621
5.332,-0.008356697011981867
5.333,0.010123541907728378
5.334,-0.0009646014440977679
5.335,-0.008356697011981867
5.336,-0.008356697011981867
5.337,-0.012052744795923914
5.338,0.002731446339844281
5.339,-0.0009646014440977679
5.34,-0.019444840363808013
5.341,-0.008356697011981867
5.342,-0.019444840363808013
5.343,-0.008356697011981867
5.344,-0.004660649228039817
5.345,-0.012052744795923914
5.346,-0.008356697011981867
5.347,-0.015748792579865965
5.348,0.010123541907728378
5.349,-0.019444840363808013
5.35,0.002731446339844281
5.351,-0.03422903149957621
5.352,-0.008356697011981867
5.353,0.021211685259554525
5.354,-0.012052744795923914
5.355,-0.02683693593169211
5.356,-0.0009646014440977679
5.357,-0.008356697011981867
5.358,-0.019444840363808013
5.359,-0.019444840363808013
5.36,-0.004660649228039817
5.361,-0.008356697011981867
5.362,-0.008356697011981867
5.363,-0.02314088814775006
5.364,-0.0009646014440977679
5.365,-0.019444840363808013
5.366,0.00642749412378633
5.367,0.013819589691670428
5.368,-0.004660649228039817
5.369,-0.019444840363808013
5.37,-0.015748792579865965
5.371,-0.0009646014440977679
5.372,-0.015748792579865965
5.373,0.00642749412378633
5.374,-0.008356697011981867
5.375,0.021211685259554525
5.376,-0.008356697011981867
5.377,-0.012052744795923914
5.378,-0.0009646014440977679
5.379,-0.0009646014440977679
5.38,-0.03422903149957621
5.381,-0.019444840363808013
5.382,-0.02314088814775006
5.383,-0.008356697011981867
5.384,0.002731446339844281
5.385,0.010123541907728378
5.386,0.002731446339844281
5.387,-0.015748792579865965
5.388,-0.02683693593169211
5.389,-0.019444840363808013
5.39,-0.004660649228039817
5.391,-0.0009646014440977679
5.392,-0.008356697011981867
5.393,-0.03422903149957621
5.394,-0.019444840363808013
5.395,-0.019444840363808013
5.396,0.010123541907728378
5.397,-0.015748792579865965
5.398,-0.012052744795923914
5.399,-0.019444840363808013
5.4,0.002731446339844281
5.401,-0.012052744795923914
5.402,-0.008356697011981867
5.403,-0.004660649228039817
5.404,0.00642749412378633
5.405,-0.015748792579865965
5.406,-0.03053298371563416
5.407,-0.015748792579865965
5.408,-0.012052744795923914
5.409,-0.0009646014440977679
5.41,-0.0009646014440977679
5.411,-0.0009646014440977679
5.412,0.00642749412378633
5.413,-0.008356697011981867
5.414,-0.008356697011981867
5.415,0.002731446339844281
5.416,-0.015748792579865965
5.417,0.013819589691670428
5.418,-0.004660649228039817
5.419,0.021211685259554525
5.42,-0.02314088814775006
5.421,0.00642749412378633
5.422,-0.008356697011981867
5.423,0.00642749412378633
5.424,-0.019444840363808013
5.425,-0.03053298371563416
5.426,-0.015748792579865965
5.427,-0.004660649228039817
5.428,-0.008356697011981867
5.429,-0.03792507928351826
5.43,0.024907733043496576
5.431,-0.012052744795923914
5.432,-0.008356697011981867
5.433,-0.008356697011981867
5.434,-0.015748792579865965
5.435,-0.012052744795923914
5.436,-0.008356697011981867
5.437,-0.04162112706746031
5.438,-0.008356697011981867
5.439,0.013819589691670428
5.44,0.002731446339844281
5.441,0.002731446339844281
5.442,-0.008356697011981867
5.443,-0.012052744795923914
5.444,-0.004660649228039817
5.445,-0.02314088814775006
5.446,0.010123541907728378
5.447,0.002731446339844281
5.448,-0.0009646014440977679
5.449,-0.008356697011981867
5.45,-0.012052744795923914
5.451,0.00642749412378633
5.452,-0.015748792579865965
5.453,-0.008356697011981867
5.454,-0.03792507928351826
5.455,0.010123541907728378
5.456,0.00642749412378633
5.457,-0.0009646014440977679
5.458,0.00642749412378633
5.459,-0.008356697011981867
5.46,-0.015748792579865965
5.461,-0.008356697011981867
5.462,0.024907733043496576
5.463,-0.008356697011981867
5.464,0.00642749412378633
5.465,-0.03422903149957621
5.466,0.002731446339844281
5.467,-0.019444840363808013
5.468,-0.008356697011981867
5.469,0.002731446339844281
5.47,-0.012052744795923914
5.471,0.002731446339844281
5.472,-0.03422903149957621
5.473,0.024907733043496576
5.474,-0.0009646014440977679
5.475,-0.004660649228039817
5.476,-0.015748792579865965
5.477,-0.02314088814775006
5.478,-0.015748792579865965
5.479,-0.008356697011981867
5.48,-0.004660649228039817
5.481,-0.02683693593169211
5.482,-0.008356697011981867
5.483,0.03599587639532272
5.484,-0.004660649228039817
5.485,-0.02683693593169211
5.486,-0.012052744795923914
5.487,-0.012052744795923914
5.488,0.00642749412378633
5.489,-0.019444840363808013
5.49,-0.004660649228039817
5.491,0.002731446339844281
5.492,-0.015748792579865965
5.493,-0.004660649228039817
5.494,-0.012052744795923914
5.495,-0.02314088814775006
5.496,-0.02683693593169211
5.497,0.013819589691670428
5.498,-0.004660649228039817
5.499,-0.004660649228039817
5.5,0.010123541907728378
5.501,-0.008356697011981867
5.502,-0.019444840363808013
5.503,-0.019444840363808013
5.504,-0.008356697011981867
5.505,0.002731446339844281
5.506,-0.004660649228039817
5.507,-0.012052744795923914
5.508,0.00642749412378633
5.509,0.00642749412378633
5.51,-0.019444840363808013
5.511,0.010123541907728378
5.512,-0.0009646014440977679
5.513,-0.012052744795923914
5.514,-0.008356697011981867
5.515,-0.019444840363808013
5.516,-0.019444840363808013
5.517,0.002731446339844281
5.518,-0.0009646014440977679
5.519,-0.015748792579865965
5.52,-0.012052744795923914
5.521,0.00642749412378633
5.522,0.010123541907728378
5.523,-0.03053298371563416
5.524,-0.019444840363808013
5.525,-0.004660649228039817
5.526,-0.012052744795923914
5.527,-0.008356697011981867
5.528,-0.012052744795923914
5.529,-0.0009646014440977679
5.53,0.00642749412378633
5.531,-0.004660649228039817
5.532,-0.004660649228039817
5.533,-0.02314088814775006
5.534,0.002731446339844281
5.535,0.002731446339844281
5.536,-0.019444840363808013
5.537,-0.012052744795923914
5.538,0.00642749412378633
5.539,-0.03053298371563416
5.54,-0.0009646014440977679
5.541,0.013819589691670428
5.542,-0.02683693593169211
5.543,-0.0009646014440977679
5.544,-0.015748792579865965
5.545,-0.004660649228039817
5.546,0.013819589691670428
5.547,-0.008356697011981867
5.548,-0.03053298371563416
5.549,-0.012052744795923914
5.55,-0.02683693593169211
5.551,-0.02314088814775006
5.552,-0.0009646014440977679
5.553,0.002731446339844281
5.554,-0.008356697011981867
5.555,-0.0009646014440977679
5.556,-0.015748792579865965
5.557,-0.012052744795923914
5.558,-0.015748792579865965
5.559,-0.008356697011981867
5.56,0.013819589691670428
5.561,0.013819589691670428
5.562,0.002731446339844281
5.563,-0.012052744795923914
5.564,-0.03053298371563416
5.565,-0.008356697011981867
5.566,0.010123541907728378
5.567,-0.015748792579865965
5.568,-0.019444840363808013
5.569,-0.012052744795923914
5.57,-0.0009646014440977679
5.571,-0.004660649228039817
5.572,0.002731446339844281
5.573,-0.012052744795923914
5.574,-0.015748792579865965
5.575,-0.008356697011981867
5.576,-0.004660649228039817
5.577,-0.019444840363808013
5.578,-0.0009646014440977679
5.579,-0.019444840363808013
5.58,-0.02683693593169211
5.581,-0.019444840363808013
5.582,-0.008356697011981867
5.583,-0.03053298371563416
5.584,0.00642749412378633
5.585,-0.008356697011981867
5.586,-0.03792507928351826
5.587,-0.019444840363808013
5.588,0.00642749412378633
5.589,-0.008356697011981867
5.59,-0.015748792579865965
5.591,-0.02314088814775006
5.592,-0.012052744795923914
5.593,0.002731446339844281
5.594,-0.004660649228039817
5.595,-0.008356697011981867
5.596,0.002731446339844281
5.597,-0.015748792579865965
5.598,-0.008356697011981867
5.599,-0.015748792579865965
5.6,-0.008356697011981867
5.601,-0.012052744795923914
5.602,-0.03792507928351826
5.603,0.010123541907728378
5.604,-0.012052744795923914
5.605,0.002731446339844281
5.606,0.010123541907728378
5.607,0.00642749412378633
5.608,-0.0009646014440977679
5.609,-0.004660649228039817
5.61,-0.012052744795923914
5.611,-0.004660649228039817
5.612,-0.019444840363808013
5.613,-0.02314088814775006
5.614,-0.019444840363808013
5.615,-0.012052744795923914
5.616,-0.03053298371563416
5.617,-0.012052744795923914
5.618,-0.03053298371563416
5.619,-0.008356697011981867
5.62,0.024907733043496576
5.621,-0.019444840363808013
5.622,-0.015748792579865965
5.623,-0.012052744795923914
5.624,0.00642749412378633
5.625,-0.008356697011981867
5.626,0.002731446339844281
5.627,0.00642749412378633
5.628,-0.02314088814775006
5.629,-0.019444840363808013
5.63,-0.012052744795923914
5.631,-0.03053298371563416
5.632,0.002731446339844281
5.633,-0.012052744795923914
5.634,-0.0009646014440977679
5.635,-0.0009646014440977679
5.636,-0.0009646014440977679
5.637,0.00642749412378633
5.638,-0.015748792579865965
5.639,-0.02314088814775006
5.64,-0.02683693593169211
5.641,-0.004660649228039817
5.642,-0.019444840363808013
5.643,-0.008356697011981867
5.644,0.002731446339844281
5.645,0.00642749412378633
5.646,0.002731446339844281
5.647,-0.049013222635344404
5.648,-0.02314088814775006
5.649,-0.008356697011981867
5.65,-0.012052744795923914
5.651,0.002731446339844281
5.652,-0.019444840363808013
5.653,-0.02314088814775006
5.654,-0.015748792579865965
5.655,0.00642749412378633
5.656,-0.015748792579865965
5.657,-0.019444840363808013
5.658,-0.008356697011981867
5.659,-0.015748792579865965
5.66,-0.015748792579865965
5.661,-0.012052744795923914
5.662,-0.015748792579865965
5.663,0.00642749412378633
5.664,-0.019444840363808013
5.665,-0.008356697011981867
5.666,-0.004660649228039817
5.667,-0.0009646014440977679
5.668,-0.008356697011981867
5.669,-0.015748792579865965
5.67,-0.015748792579865965
5.671,-0.015748792579865965
5.672,-0.012052744795923914
5.673,0.013819589691670428
5.674,-0.004660649228039817
5.675,-0.0009646014440977679
5.676,0.002731446339844281
5.677,-0.015748792579865965
5.678,-0.02683693593169211
5.679,-0.012052744795923914
5.68,-0.019444840363808013
5.681,0.002731446339844281
5.682,0.00642749412378633
5.683,0.00642749412378633
5.684,0.010123541907728378
5.685,-0.015748792579865965
5.686,-0.012052744795923914
5.687,0.002731446339844281
5.688,-0.004660649228039817
5.689,-0.015748792579865965
5.69,-0.008356697011981867
5.691,-0.015748792579865965
5.692,-0.0009646014440977679
5.693,0.002731446339844281
5.694,-0.012052744795923914
5.695,-0.015748792579865965
5.696,-0.015748792579865965
5.697,-0.015748792579865965
5.698,-0.012052744795923914
5.699,0.013819589691670428
5.7,0.002731446339844281
5.701,-0.02314088814775006
5.702,-0.004660649228039817
5.703,-0.02314088814775006
5.704,-0.03053298371563416
5.705,0.00642749412378633
5.706,0.002731446339844281
5.707,-0.015748792579865965
5.708,-0.012052744795923914
5.709,-0.012052744795923914
5.71,-0.012052744795923914
5.711,-0.004660649228039817
5.712,0.013819589691670428
5.713,-0.019444840363808013
5.714,-0.004660649228039817
5.715,-0.008356697011981867
5.716,-0.02683693593169211
5.717,0.00642749412378633
5.718,-0.02683693593169211
5.719,0.002731446339844281
5.72,-0.0009646014440977679
5.721,-0.004660649228039817
5.722,0.002731446339844281
5.723,-0.019444840363808013
5.724,-0.008356697011981867
5.725,-0.004660649228039817
5.726,-0.004660649228039817
5.727,-0.015748792579865965
5.728,-0.019444840363808013
5.729,0.002731446339844281
5.73,-0.008356697011981867
5.731,0.010123541907728378
5.732,-0.015748792579865965
5.733,-0.012052744795923914
5.734,-0.0009646014440977679
5.735,-0.019444840363808013
5.736,-0.012052744795923914
5.737,-0.02683693593169211
5.738,-0.012052744795923914
5.739,-0.02683693593169211
5.74,-0.03792507928351826
5.741,-0.019444840363808013
5.742,-0.0009646014440977679
5.743,-0.019444840363808013
5.744,-0.012052744795923914
5.745,-0.008356697011981867
5.746,0.00642749412378633
5.747,-0.02314088814775006
5.748,0.010123541907728378
5.749,-0.004660649228039817
5.75,-0.012052744795923914
5.751,0.017515637475612477
5.752,0.002731446339844281
5.753,-0.012052744795923914
5.754,-0.012052744795923914
5.755,-0.015748792579865965
5.756,-0.008356697011981867
5.757,-0.02683693593169211
5.758,-0.012052744795923914
5.759,0.017515637475612477
5.76,-0.004660649228039817
5.761,-0.015748792579865965
5.762,-0.015748792579865965
5.763,0.002731446339844281
5.764,-0.019444840363808013
5.765,-0.02683693593169211
5.766,-0.008356697011981867
5.767,-0.0009646014440977679
5.768,-0.004660649228039817
5.769,-0.008356697011981867
5.77,-0.019444840363808013
5.771,-0.0009646014440977679
5.772,-0.0009646014440977679
5.773,-0.004660649228039817
5.774,0.010123541907728378
5.775,-0.019444840363808013
5.776,-0.015748792579865965
5.777,-0.03053298371563416
5.778,-0.019444840363808013
5.779,-0.004660649228039817
5.78,-0.02314088814775006
5.781,0.00642749412378633
5.782,-0.004660649228039817
5.783,0.013819589691670428
5.784,-0.015748792579865965
5.785,0.00642749412378633
5.786,-0.02314088814775006
5.787,0.010123541907728378
5.788,-0.03053298371563416
5.789,-0.019444840363808013
5.79,-0.0009646014440977679
5.791,-0.02314088814775006
5.792,-0.019444840363808013
5.793,-0.008356697011981867
5.794,0.002731446339844281
5.795,-0.012052744795923914
5.796,0.028603780827438623
5.797,-0.015748792579865965
5.798,0.002731446339844281
5.799,0.010123541907728378
5.8,0.002731446339844281
5.801,-0.012052744795923914
5.802,-0.004660649228039817
5.803,-0.008356697011981867
5.804,-0.004660649228039817
5.805,-0.004660649228039817
5.806,-0.02683693593169211
5.807,-0.008356697011981867
5.808,-0.03053298371563416
5.809,-0.019444840363808013
5.81,-0.019444840363808013
5.811,-0.008356697011981867
5.812,-0.02314088814775006
5.813,0.00642749412378633
5.814,0.002731446339844281
5.815,-0.008356697011981867
5.816,-0.012052744795923914
5.817,-0.02683693593169211
5.818,0.00642749412378633
5.819,-0.008356697011981867
5.82,-0.03053298371563416
5.821,-0.012052744795923914
5.822,-0.012052744795923914
5.823,-0.004660649228039817
5.824,0.017515637475612477
5.825,-0.02314088814775006
5.826,-0.004660649228039817
5.827,-0.008356697011981867
5.828,-0.008356697011981867
5.829,-0.02683693593169211
5.83,0.010123541907728378
5.831,0.002731446339844281
5.832,-0.0009646014440977679
5.833,-0.019444840363808013
5.834,-0.012052744795923914
5.835,-0.015748792579865965
5.836,-0.02683693593169211
5.837,-0.004660649228039817
5.838,0.002731446339844281
5.839,-0.02683693593169211
5.84,-0.015748792579865965
5.841,-0.008356697011981867
5.842,-0.019444840363808013
5.843,-0.008356697011981867
5.844,0.002731446339844281
5.845,-0.004660649228039817
5.846,0.010123541907728378
5.847,-0.03053298371563416
5.848,-0.019444840363808013
5.849,-0.019444840363808013
5.85,-0.004660649228039817
5.851,0.002731446339844281
5.852,-0.019444840363808013
5.853,-0.03422903149957621
5.854,-0.008356697011981867
5.855,-0.015748792579865965
5.856,-0.02314088814775006
5.857,-0.015748792579865965
5.858,-0.008356697011981867
5.859,-0.004660649228039817
5.86,0.002731446339844281
5.861,-0.019444840363808013
5.862,-0.049013222635344404
5.863,-0.019444840363808013
5.864,-0.004660649228039817
5.865,-0.02683693593169211
5.866,-0.012052744795923914
5.867,-0.0009646014440977679
5.868,-0.019444840363808013
5.869,-0.0009646014440977679
5.87,0.00642749412378633
5.871,-0.004660649228039817
5.872,-0.012052744795923914
5.873,-0.015748792579865965
5.874,-0.015748792579865965
5.875,-0.015748792579865965
5.876,-0.02683693593169211
5.877,-0.019444840363808013
5.878,0.013819589691670428
5.879,-0.02314088814775006
5.88,-0.012052744795923914
5.881,-0.012052744795923914
5.882,-0.012052744795923914
5.883,-0.012052744795923914
5.884,-0.019444840363808013
5.885,-0.012052744795923914
5.886,-0.004660649228039817
5.887,-0.004660649228039817
5.888,-0.0009646014440977679
5.889,-0.008356697011981867
5.89,-0.015748792579865965
5.891,-0.008356697011981867
5.892,-0.004660649228039817
5.893,-0.015748792579865965
5.894,-0.02683693593169211
5.895,-0.0009646014440977679
5.896,-0.008356697011981867
5.897,-0.008356697011981867
5.898,-0.012052744795923914
5.899,-0.0009646014440977679
5.9,-0.0009646014440977679
5.901,0.002731446339844281
5.902,-0.012052744795923914
5.903,0.002731446339844281
5.904,-0.02314088814775006
5.905,-0.03053298371563416
5.906,0.00642749412378633
5.907,-0.008356697011981867
5.908,-0.008356697011981867
5.909,0.00642749412378633
5.91,-0.008356697011981867
5.911,-0.004660649228039817
5.912,-0.012052744795923914
5.913,-0.02314088814775006
5.914,0.00642749412378633
5.915,-0.008356697011981867
5.916,0.00642749412378633
5.917,-0.02314088814775006
5.918,-0.012052744795923914
5.919,0.013819589691670428
5.92,-0.008356697011981867
5.921,-0.0009646014440977679
5.922,-0.015748792579865965
5.923,0.002731446339844281
5.924,-0.052709270419286455
5.925,0.013819589691670428
5.926,-0.019444840363808013
5.927,0.002731446339844281
5.928,-0.0009646014440977679
5.929,0.010123541907728378
5.93,-0.02683693593169211
5.931,-0.019444840363808013
5.932,-0.004660649228039817
5.933,-0.0009646014440977679
5.934,-0.015748792579865965
5.935,-0.015748792579865965
5.936,-0.008356697011981867
5.937,0.00642749412378633
5.938,-0.004660649228039817
5.939,-0.008356697011981867
5.94,0.002731446339844281
5.941,-0.0009646014440977679
5.942,-0.0009646014440977679
5.943,-0.004660649228039817
5.944,-0.015748792579865965
5.945,0.002731446339844281
5.946,-0.008356697011981867
5.947,-0.019444840363808013
5.948,-0.015748792579865965
5.949,-0.008356697011981867
5.95,-0.008356697011981867
5.951,0.00642749412378633
5.952,-0.004660649228039817
5.953,-0.015748792579865965
5.954,-0.012052744795923914
5.955,-0.015748792579865965
5.956,-0.008356697011981867
5.957,-0.008356697011981867
5.958,-0.008356697011981867
5.959,-0.012052744795923914
5.96,-0.015748792579865965
5.961,-0.004660649228039817
5.962,-0.0009646014440977679
5.963,0.010123541907728378
5.964,-0.02314088814775006
5.965,-0.008356697011981867
5.966,0.010123541907728378
5.967,0.017515637475612477
5.968,-0.015748792579865965
5.969,0.010123541907728378
5.97,-0.019444840363808013
5.971,-0.008356697011981867
5.972,-0.008356697011981867
5.973,-0.0009646014440977679
5.974,-0.03422903149957621
5.975,-0.019444840363808013
5.976,-0.004660649228039817
5.977,-0.012052744795923914
5.978,-0.012052744795923914
5.979,0.010123541907728378
5.98,-0.019444840363808013
5.981,-0.008356697011981867
5.982,-0.019444840363808013
5.983,-0.012052744795923914
5.984,-0.008356697011981867
5.985,-0.015748792579865965
5.986,-0.015748792579865965
5.987,-0.02683693593169211
5.988,0.010123541907728378
5.989,-0.02314088814775006
5.99,-0.012052744795923914
5.991,-0.004660649228039817
5.992,0.002731446339844281
5.993,-0.015748792579865965
5.994,0.002731446339844281
5.995,-0.0009646014440977679
5.996,-0.015748792579865965
5.997,-0.012052744795923914
5.998,-0.012052744795923914
5.999,-0.012052744795923914
6.0,-0.008356697011981867
6.001,-0.008356697011981867
6.002,0.002731446339844281
6.003,-0.012052744795923914
6.004,-0.008356697011981867
6.005,-0.02314088814775006
6.006,-0.012052744795923914
6.007,-0.008356697011981867
6.008,-0.015748792579865965
6.009,-0.012052744795923914
6.01,-0.015748792579865965
6.011,-0.012052744795923914
6.012,-0.004660649228039817
6.013,-0.03792507928351826
6.014,-0.019444840363808013
6.015,-0.008356697011981867
6.016,-0.019444840363808013
6.017,0.002731446339844281
6.018,-0.004660649228039817
6.019,-0.008356697011981867
6.02,-0.012052744795923914
6.021,-0.012052744795923914
6.022,-0.004660649228039817
6.023,-0.008356697011981867
6.024,0.010123541907728378
6.025,0.010123541907728378
6.026,-0.0009646014440977679
6.027,-0.008356697011981867
6.028,-0.008356697011981867
6.029,-0.008356697011981867
6.03,-0.019444840363808013
6.031,0.03599587639532272
6.032,-0.015748792579865965
6.033,0.010123541907728378
6.034,-0.004660649228039817
6.035,-0.015748792579865965
6.036,-0.015748792579865965
6.037,0.013819589691670428
6.038,-0.015748792579865965
6.039,0.010123541907728378
6.04,-0.02314088814775006
6.041,-0.008356697011981867
6.042,-0.012052744795923914
6.043,0.013819589691670428
6.044,-0.012052744795923914
6.045,0.002731446339844281
6.046,0.017515637475612477
6.047,-0.02683693593169211
6.048,0.002731446339844281
6.049,-0.008356697011981867
6.05,-0.008356697011981867
6.051,-0.004660649228039817
6.052,-0.012052744795923914
6.053,-0.012052744795923914
6.054,-0.008356697011981867
6.055,-0.019444840363808013
6.056,-0.004660649228039817
6.057,-0.015748792579865965
6.058,0.010123541907728378
6.059,-0.015748792579865965
6.06,-0.015748792579865965
6.061,-0.0009646014440977679
6.062,-0.015748792579865965
6.063,-0.015748792579865965
6.064,-0.008356697011981867
6.065,-0.015748792579865965
6.066,-0.03053298371563416
6.067,-0.019444840363808013
6.068,-0.02683693593169211
6.069,-0.015748792579865965
6.07,-0.015748792579865965
6.071,-0.03792507928351826
6.072,0.010123541907728378
6.073,-0.03053298371563416
6.074,-0.004660649228039817
6.075,-0.02683693593169211
6.076,-0.0009646014440977679
6.077,-0.008356697011981867
6.078,0.010123541907728378
6.079,0.00642749412378633
6.08,-0.02683693593169211
6.081,-0.004660649228039817
6.082,-0.012052744795923914
6.083,-0.012052744795923914
6.084,-0.004660649228039817
6.085,-0.0009646014440977679
6.086,-0.012052744795923914
6.087,0.00642749412378633
6.088,-0.02314088814775006
6.089,-0.004660649228039817
6.09,-0.012052744795923914
6.091,-0.004660649228039817
6.092,-0.019444840363808013
6.093,-0.019444840363808013
6.094,-0.008356697011981867
6.095,-0.008356697011981867
6.096,0.002731446339844281
6.097,0.013819589691670428
6.098,-0.012052744795923914
6.099,-0.015748792579865965
6.1,0.010123541907728378
6.101,-0.02314088814775006
6.102,0.024907733043496576
6.103,-0.004660649228039817
6.104,-0.012052744795923914
6.105,-0.03792507928351826
6.106,-0.0009646014440977679
6.107,-0.008356697011981867
6.108,-0.008356697011981867
6.109,-0.008356697011981867
6.11,-0.012052744795923914
6.111,-0.015748792579865965
6.112,0.010123541907728378
6.113,-0.012052744795923914
6.114,-0.012052744795923914
6.115,-0.04162112706746031
6.116,-0.03053298371563416
6.117,0.002731446339844281
6.118,0.002731446339844281
6.119,-0.015748792579865965
6.12,0.00642749412378633
6.121,-0.012052744795923914
6.122,-0.004660649228039817
6.123,-0.019444840363808013
6.124,-0.0009646014440977679
6.125,-0.008356697011981867
6.126,-0.0009646014440977679
6.127,0.002731446339844281
6.128,0.00642749412378633
6.129,-0.004660649228039817
6.13,-0.0009646014440977679
6.131,0.021211685259554525
6.132,-0.008356697011981867
6.133,-0.012052744795923914
6.134,-0.012052744795923914
6.135,-0.02314088814775006
6.136,0.002731446339844281
6.137,-0.02683693593169211
6.138,-0.019444840363808013
6.139,-0.015748792579865965
6.14,0.002731446339844281
6.141,-0.0009646014440977679
6.142,-0.0009646014440977679
6.143,-0.019444840363808013
6.144,0.017515637475612477
6.145,-0.0009646014440977679
6.146,-0.03422903149957621
6.147,-0.004660649228039817
6.148,-0.015748792579865965
6.149,-0.008356697011981867
6.15,-0.015748792579865965
6.151,0.002731446339844281
6.152,-0.008356697011981867
6.153,-0.012052744795923914
6.154,-0.004660649228039817
6.155,-0.03053298371563416
6.156,-0.02683693593169211
6.157,-0.015748792579865965
6.158,0.00642749412378633
6.159,-0.02683693593169211
6.16,-0.008356697011981867
6.161,-0.008356697011981867
6.162,-0.02683693593169211
6.163,-0.004660649228039817
6.164,-0.019444840363808013
6.165,-0.012052744795923914
6.166,-0.004660649228039817
6.167,0.00642749412378633
6.168,-0.03053298371563416
6.169,-0.015748792579865965
6.17,0.010123541907728378
6.171,-0.012052744795923914
6.172,-0.012052744795923914
6.173,0.017515637475612477
6.174,-0.019444840363808013
6.175,-0.008356697011981867
6.176,-0.012052744795923914
6.177,-0.004660649228039817
6.178,-0.0009646014440977679
6.179,-0.015748792579865965
6.18,-0.012052744795923914
6.181,-0.03422903149957621
6.182,-0.015748792579865965
6.183,0.021211685259554525
6.184,-0.015748792579865965
6.185,-0.004660649228039817
6.186,-0.015748792579865965
6.187,-0.0009646014440977679
6.188,-0.008356697011981867
6.189,-0.008356697011981867
6.19,-0.012052744795923914
6.191,-0.02314088814775006
6.192,-0.0009646014440977679
6.193,-0.012052744795923914
6.194,-0.008356697011981867
6.195,-0.012052744795923914
6.196,-0.004660649228039817
6.197,0.002731446339844281
6.198,-0.012052744795923914
6.199,-0.0009646014440977679
6.2,-0.012052744795923914
6.201,0.021211685259554525
6.202,-0.004660649228039817
6.203,-0.0009646014440977679
6.204,-0.02683693593169211
6.205,-0.012052744795923914
6.206,-0.02683693593169211
6.207,-0.015748792579865965
6.208,0.00642749412378633
6.209,-0.012052744795923914
6.21,-0.004660649228039817
6.211,-0.02314088814775006
6.212,-0.004660649228039817
6.213,0.002731446339844281
6.214,-0.004660649228039817
6.215,-0.015748792579865965
6.216,-0.015748792579865965
6.217,-0.0009646014440977679
6.218,-0.012052744795923914
6.219,-0.015748792579865965
6.22,-0.0009646014440977679
6.221,0.010123541907728378
6.222,0.010123541907728378
6.223,-0.008356697011981867
6.224,-0.019444840363808013
6.225,-0.02683693593169211
6.226,-0.012052744795923914
6.227,-0.02314088814775006
6.228,-0.008356697011981867
6.229,-0.015748792579865965
6.23,-0.012052744795923914
6.231,-0.008356697011981867
6.232,0.002731446339844281
6.233,-0.008356697011981867
6.234,-0.02314088814775006
6.235,-0.0009646014440977679
6.236,-0.012052744795923914
6.237,-0.019444840363808013
6.238,-0.008356697011981867
6.239,-0.0009646014440977679
6.24,-0.008356697011981867
6.241,-0.02683693593169211
6.242,0.00642749412378633
6.243,-0.008356697011981867
6.244,-0.015748792579865965
6.245,-0.02314088814775006
6.246,-0.015748792579865965
6.247,-0.02314088814775006
6.248,-0.02683693593169211
6.249,-0.004660649228039817
6.25,0.013819589691670428
6.251,-0.004660649228039817
6.252,-0.008356697011981867
6.253,-0.008356697011981867
6.254,0.017515637475612477
6.255,-0.004660649228039817
6.256,-0.02683693593169211
6.257,-0.019444840363808013
6.258,-0.015748792579865965
6.259,-0.03792507928351826
6.26,-0.012052744795923914
6.261,-0.02683693593169211
6.262,-0.012052744795923914
6.263,-0.004660649228039817
6.264,-0.015748792579865965
6.265,-0.0009646014440977679
6.266,-0.019444840363808013
6.267,-0.019444840363808013
6.268,0.013819589691670428
6.269,-0.004660649228039817
6.27,-0.02314088814775006
6.271,0.002731446339844281
6.272,0.002731446339844281
6.273,-0.008356697011981867
6.274,-0.008356697011981867
6.275,-0.004660649228039817
6.276,-0.012052744795923914
6.277,0.013819589691670428
6.278,-0.008356697011981867
6.279,-0.008356697011981867
6.28,0.00642749412378633
6.281,-0.008356697011981867
6.282,-0.008356697011981867
6.283,-0.012052744795923914
6.284,-0.02683693593169211
6.285,-0.004660649228039817
6.286,-0.02683693593169211
6.287,0.002731446339844281
6.288,-0.03792507928351826
6.289,-0.012052744795923914
6.29,-0.02314088814775006
6.291,-0.008356697011981867
6.292,-0.03053298371563416
6.293,-0.015748792579865965
6.294,0.002731446339844281
6.295,-0.012052744795923914
6.296,0.00642749412378633
6.297,-0.015748792579865965
6.298,-0.0009646014440977679
6.299,0.010123541907728378
6.3,-0.0009646014440977679
6.301,-0.012052744795923914
6.302,-0.008356697011981867
6.303,-0.008356697011981867
6.304,-0.0009646014440977679
6.305,-0.012052744795923914
6.306,0.010123541907728378
6.307,-0.02683693593169211
6.308,0.00642749412378633
6.309,0.00642749412378633
6.31,-0.0009646014440977679
6.311,-0.015748792579865965
6.312,-0.015748792579865965
6.313,-0.008356697011981867
6.314,-0.0009646014440977679
6.315,0.002731446339844281
6.316,-0.012052744795923914
6.317,-0.0009646014440977679
6.318,-0.008356697011981867
6.319,-0.012052744795923914
6.32,0.002731446339844281
6.321,0.00642749412378633
6.322,-0.019444840363808013
6.323,-0.0009646014440977679
6.324,-0.004660649228039817
6.325,-0.0009646014440977679
6.326,-0.019444840363808013
6.327,-0.015748792579865965
6.328,0.002731446339844281
6.329,-0.015748792579865965
6.33,0.002731446339844281
6.331,-0.03422903149957621
6.332,-0.004660649228039817
6.333,0.017515637475612477
6.334,0.010123541907728378
6.335,-0.008356697011981867
6.336,-0.04162112706746031
6.337,-0.012052744795923914
6.338,-0.0009646014440977679
6.339,0.017515637475612477
6.34,-0.004660649228039817
6.341,-0.012052744795923914
6.342,-0.004660649228039817
6.343,-0.008356697011981867
6.344,-0.008356697011981867
6.345,-0.008356697011981867
6.346,-0.03053298371563416
6.347,0.002731446339844281
6.348,0.002731446339844281
6.349,-0.008356697011981867
6.35,-0.004660649228039817
6.351,-0.019444840363808013
6.352,-0.004660649228039817
6.353,-0.004660649228039817
6.354,-0.004660649228039817
6.355,0.013819589691670428
6.356,-0.008356697011981867
6.357,-0.015748792579865965
6.358,0.00642749412378633
6.359,-0.012052744795923914
6.36,-0.008356697011981867
6.361,-0.0009646014440977679
6.362,-0.02683693593169211
6.363,-0.0009646014440977679
6.364,-0.02683693593169211
6.365,0.002731446339844281
6.366,-0.012052744795923914
6.367,-0.015748792579865965
6.368,0.00642749412378633
6.369,-0.02683693593169211
6.37,0.010123541907728378
6.371,-0.008356697011981867
6.372,-0.02314088814775006
6.373,-0.015748792579865965
6.374,-0.015748792579865965
6.375,-0.004660649228039817
6.376,0.00642749412378633
6.377,-0.012052744795923914
6.378,-0.004660649228039817
6.379,0.013819589691670428
6.38,-0.02314088814775006
6.381,-0.015748792579865965
6.382,-0.019444840363808013
6.383,-0.008356697011981867
6.384,-0.015748792579865965
6.385,-0.012052744795923914
6.386,-0.004660649228039817
6.387,0.00642749412378633
6.388,0.002731446339844281
6.389,-0.03053298371563416
6.39,-0.012052744795923914
6.391,-0.0009646014440977679
6.392,-0.008356697011981867
6.393,-0.004660649228039817
6.394,0.00642749412378633
6.395,-0.004660649228039817
6.396,-0.015748792579865965
6.397,-0.012052744795923914
6.398,-0.008356697011981867
6.399,-0.02683693593169211
6.4,-0.008356697011981867
6.401,-0.004660649228039817
6.402,0.010123541907728378
6.403,0.00642749412378633
6.404,0.03229982861138067
6.405,0.002731446339844281
6.406,0.002731446339844281
6.407,-0.019444840363808013
6.408,0.00642749412378633
6.409,-0.02314088814775006
6.41,-0.004660649228039817
6.411,0.002731446339844281
6.412,-0.019444840363808013
6.413,-0.004660649228039817
6.414,-0.015748792579865965
6.415,-0.02314088814775006
6.416,-0.02683693593169211
6.417,-0.004660649228039817
6.418,-0.019444840363808013
6.419,-0.008356697011981867
6.42,-0.019444840363808013
6.421,-0.015748792579865965
6.422,-0.004660649228039817
6.423,-0.03422903149957621
6.424,-0.019444840363808013
6.425,-0.008356697011981867
6.426,-0.0009646014440977679
6.427,-0.015748792579865965
6.428,0.00642749412378633
6.429,-0.012052744795923914
6.43,0.00642749412378633
6.431,-0.004660649228039817
6.432,-0.03053298371563416
6.433,-0.02683693593169211
6.434,-0.015748792579865965
6.435,-0.004660649228039817
6.436,-0.008356697011981867
6.437,-0.012052744795923914
6.438,-0.012052744795923914
6.439,-0.004660649228039817
6.44,-0.008356697011981867
6.441,0.010123541907728378
6.442,0.00642749412378633
6.443,-0.015748792579865965
6.444,-0.0009646014440977679
6.445,-0.03053298371563416
6.446,-0.015748792579865965
6.447,-0.02314088814775006
6.448,-0.008356697011981867
6.449,-0.004660649228039817
6.45,-0.008356697011981867
6.451,-0.004660649228039817
6.452,-0.0009646014440977679
6.453,-0.015748792579865965
6.454,-0.0009646014440977679
6.455,-0.015748792579865965
6.456,-0.008356697011981867
6.457,-0.019444840363808013
6.458,-0.015748792579865965
6.459,0.013819589691670428
6.46,-0.015748792579865965
6.461,-0.015748792579865965
6.462,0.002731446339844281
6.463,-0.008356697011981867
6.464,-0.0009646014440977679
6.465,-0.004660649228039817
6.466,0.002731446339844281
6.467,0.00642749412378633
6.468,-0.012052744795923914
6.469,-0.012052744795923914
6.47,-0.019444840363808013
6.471,0.002731446339844281
6.472,-0.008356697011981867
6.473,0.002731446339844281
6.474,-0.008356697011981867
6.475,0.00642749412378633
6.476,-0.008356697011981867
6.477,-0.02683693593169211
6.478,0.021211685259554525
6.479,-0.012052744795923914
6.48,-0.012052744795923914
6.481,-0.004660649228039817
6.482,-0.015748792579865965
6.483,-0.004660649228039817
6.484,0.00642749412378633
6.485,-0.02683693593169211
6.486,-0.015748792579865965
6.487,-0.015748792579865965
6.488,0.010123541907728378
6.489,-0.02314088814775006
6.49,-0.0009646014440977679
6.491,-0.008356697011981867
6.492,0.002731446339844281
6.493,0.017515637475612477
6.494,-0.03053298371563416
6.495,-0.012052744795923914
6.496,0.00642749412378633
6.497,-0.0009646014440977679
6.498,0.013819589691670428
6.499,-0.015748792579865965
6.5,-0.02314088814775006
6.501,-0.04162112706746031
6.502,-0.008356697011981867
6.503,-0.02314088814775006
6.504,-0.02314088814775006
6.505,-0.004660649228039817
6.506,-0.008356697011981867
6.507,-0.004660649228039817
6.508,-0.012052744795923914
6.509,0.002731446339844281
6.51,-0.012052744795923914
6.511,-0.004660649228039817
6.512,-0.0009646014440977679
6.513,0.00642749412378633
6.514,-0.012052744795923914
6.515,0.010123541907728378
6.516,-0.019444840363808013
6.517,-0.012052744795923914
6.518,-0.019444840363808013
6.519,0.00642749412378633
6.52,-0.015748792579865965
6.521,-0.004660649228039817
6.522,-0.012052744795923914
6.523,0.002731446339844281
6.524,0.013819589691670428
6.525,-0.004660649228039817
6.526,-0.004660649228039817
6.527,-0.008356697011981867
6.528,-0.012052744795923914
6.529,0.00642749412378633
6.53,-0.008356697011981867
6.531,-0.012052744795923914
6.532,0.017515637475612477
6.533,-0.008356697011981867
6.534,-0.02683693593169211
6.535,-0.008356697011981867
6.536,-0.02683693593169211
6.537,-0.03053298371563416
6.538,-0.02683693593169211
6.539,-0.008356697011981867
6.54,0.002731446339844281
6.541,-0.008356697011981867
6.542,-0.004660649228039817
6.543,-0.02314088814775006
6.544,-0.004660649228039817
6.545,-0.008356697011981867
6.546,-0.008356697011981867
6.547,-0.015748792579865965
6.548,-0.0009646014440977679
6.549,0.002731446339844281
6.55,-0.012052744795923914
6.551,-0.008356697011981867
6.552,-0.004660649228039817
6.553,0.010123541907728378
6.554,-0.004660649228039817
6.555,-0.02683693593169211
6.556,-0.019444840363808013
6.557,-0.019444840363808013
6.558,0.013819589691670428
6.559,-0.004660649228039817
6.56,-0.008356697011981867
6.561,-0.008356697011981867
6.562,-0.02314088814775006
6.563,-0.0009646014440977679
6.564,0.002731446339844281
6.565,0.00642749412378633
6.566,-0.008356697011981867
6.567,-0.0009646014440977679
6.568,-0.008356697011981867
6.569,-0.02314088814775006
6.57,0.017515637475612477
6.571,0.002731446339844281
6.572,-0.008356697011981867
6.573,-0.02314088814775006
6.574,-0.012052744795923914
6.575,-0.02314088814775006
6.576,-0.02314088814775006
6.577,-0.02314088814775006
6.578,-0.015748792579865965
6.579,-0.02314088814775006
6.58,-0.008356697011981867
6.581,-0.012052744795923914
6.582,-0.012052744795923914
6.583,-0.004660649228039817
6.584,-0.0009646014440977679
6.585,-0.012052744795923914
6.586,-0.004660649228039817
6.587,-0.019444840363808013
6.588,-0.008356697011981867
6.589,0.002731446339844281
6.59,-0.02314088814775006
6.591,-0.015748792579865965
6.592,-0.015748792579865965
6.593,-0.008356697011981867
6.594,-0.0009646014440977679
6.595,-0.02314088814775006
6.596,-0.03422903149957621
6.597,-0.012052744795923914
6.598,-0.012052744795923914
6.599,-0.02683693593169211
6.6,0.013819589691670428
6.601,-0.03053298371563416
6.602,-0.012052744795923914
6.603,0.00642749412378633
6.604,-0.02314088814775006
6.605,-0.02314088814775006
6.606,-0.012052744795923914
6.607,-0.012052744795923914
6.608,-0.0009646014440977679
6.609,-0.012052744795923914
6.61,-0.004660649228039817
6.611,0.00642749412378633
6.612,-0.0009646014440977679
6.613,-0.019444840363808013
6.614,0.002731446339844281
6.615,-0.008356697011981867
6.616,0.013819589691670428
6.617,-0.019444840363808013
6.618,0.002731446339844281
6.619,-0.0009646014440977679
6.62,-0.02683693593169211
6.621,-0.012052744795923914
6.622,0.013819589691670428
6.623,0.002731446339844281
6.624,0.00642749412378633
6.625,-0.008356697011981867
6.626,-0.015748792579865965
6.627,-0.02683693593169211
6.628,-0.012052744795923914
6.629,-0.004660649228039817
6.63,-0.02314088814775006
6.631,-0.0009646014440977679
6.632,-0.019444840363808013
6.633,-0.019444840363808013
6.634,-0.03053298371563416
6.635,-0.004660649228039817
6.636,-0.015748792579865965
6.637,-0.012052744795923914
6.638,-0.015748792579865965
6.639,-0.008356697011981867
6.64,0.002731446339844281
6.641,-0.004660649228039817
6.642,0.002731446339844281
6.643,-0.008356697011981867
6.644,-0.0009646014440977679
6.645,-0.02314088814775006
6.646,-0.015748792579865965
6.647,-0.015748792579865965
6.648,0.013819589691670428
6.649,-0.0009646014440977679
6.65,-0.0009646014440977679
6.651,0.002731446339844281
6.652,-0.019444840363808013
6.653,-0.02683693593169211
6.654,0.00642749412378633
6.655,-0.004660649228039817
6.656,0.010123541907728378
6.657,-0.019444840363808013
6.658,-0.012052744795923914
6.659,-0.004660649228039817
6.66,-0.015748792579865965
6.661,-0.04531717485140235
6.662,-0.008356697011981867
6.663,-0.019444840363808013
6.664,0.002731446339844281
6.665,-0.019444840363808013
6.666,-0.012052744795923914
6.667,0.010123541907728378
6.668,-0.008356697011981867
6.669,0.002731446339844281
6.67,-0.008356697011981867
6.671,-0.019444840363808013
6.672,0.002731446339844281
6.673,-0.019444840363808013
6.674,-0.02683693593169211
6.675,0.03229982861138067
6.676,-0.019444840363808013
6.677,-0.008356697011981867
6.678,-0.03422903149957621
6.679,-0.004660649228039817
6.68,-0.015748792579865965
6.681,-0.008356697011981867
6.682,0.00642749412378633
6.683,-0.008356697011981867
6.684,-0.012052744795923914
6.685,0.00642749412378633
6.686,-0.03422903149957621
6.687,-0.015748792579865965
6.688,0.002731446339844281
6.689,-0.019444840363808013
6.69,-0.015748792579865965
6.691,-0.012052744795923914
6.692,-0.008356697011981867
6.693,0.002731446339844281
6.694,0.002731446339844281
6.695,-0.008356697011981867
6.696,-0.012052744795923914
6.697,-0.012052744795923914
6.698,-0.019444840363808013
6.699,-0.03422903149957621
6.7,-0.019444840363808013
6.701,0.013819589691670428
6.702,-0.008356697011981867
6.703,-0.0009646014440977679
6.704,0.013819589691670428
6.705,0.021211685259554525
6.706,-0.004660649228039817
6.707,0.00642749412378633
6.708,-0.02314088814775006
6.709,-0.019444840363808013
6.71,-0.004660649228039817
6.711,-0.008356697011981867
6.712,-0.015748792579865965
6.713,-0.015748792579865965
6.714,-0.019444840363808013
6.715,-0.02683693593169211
6.716,-0.008356697011981867
6.717,-0.008356697011981867
6.718,0.00642749412378633
6.719,-0.008356697011981867
6.72,-0.0009646014440977679
6.721,-0.008356697011981867
6.722,0.010123541907728378
6.723,-0.03422903149957621
6.724,0.002731446339844281
6.725,-0.012052744795923914
6.726,-0.012052744795923914
6.727,0.013819589691670428
6.728,-0.0009646014440977679
6.729,-0.008356697011981867
6.73,0.002731446339844281
6.731,0.017515637475612477
6.732,-0.015748792579865965
6.733,0.00642749412378633
6.734,-0.0009646014440977679
6.735,-0.015748792579865965
6.736,-0.004660649228039817
6.737,-0.004660649228039817
6.738,0.002731446339844281
6.739,-0.008356697011981867
6.74,0.002731446339844281
6.741,-0.0009646014440977679
6.742,-0.004660649228039817
6.743,0.002731446339844281
6.744,-0.015748792579865965
6.745,-0.008356697011981867
6.746,-0.004660649228039817
6.747,-0.008356697011981867
6.748,-0.004660649228039817
6.749,-0.008356697011981867
6.75,-0.008356697011981867
6.751,-0.02683693593169211
6.752,0.021211685259554525
6.753,-0.012052744795923914
6.754,-0.0009646014440977679
6.755,0.024907733043496576
6.756,-0.008356697011981867
6.757,-0.02314088814775006
6.758,-0.008356697011981867
6.759,-0.004660649228039817
6.76,-0.019444840363808013
6.761,-0.0009646014440977679
6.762,-0.004660649228039817
6.763,-0.015748792579865965
6.764,-0.012052744795923914
6.765,-0.019444840363808013
6.766,-0.008356697011981867
6.767,-0.019444840363808013
6.768,-0.008356697011981867
6.769,-0.004660649228039817
6.77,-0.0009646014440977679
6.771,-0.004660649228039817
6.772,0.002731446339844281
6.773,-0.0009646014440977679
6.774,0.00642749412378633
6.775,-0.012052744795923914
6.776,0.00642749412378633
6.777,-0.03422903149957621
6.778,-0.008356697011981867
6.779,-0.0009646014440977679
6.78,-0.008356697011981867
6.781,-0.019444840363808013
6.782,-0.012052744795923914
6.783,-0.004660649228039817
6.784,0.002731446339844281
6.785,-0.012052744795923914
6.786,-0.02683693593169211
6.787,-0.004660649228039817
6.788,-0.008356697011981867
6.789,0.017515637475612477
6.79,-0.012052744795923914
6.791,-0.03792507928351826
6.792,-0.008356697011981867
6.793,0.010123541907728378
6.794,-0.004660649228039817
6.795,-0.02314088814775006
6.796,-0.03053298371563416
6.797,-0.0009646014440977679
6.798,-0.0009646014440977679
6.799,-0.02314088814775006
6.8,-0.0009646014440977679
6.801,-0.02683693593169211
6.802,-0.015748792579865965
6.803,0.013819589691670428
6.804,-0.008356697011981867
6.805,-0.015748792579865965
6.806,-0.02314088814775006
6.807,0.002731446339844281
6.808,0.002731446339844281
6.809,-0.02314088814775006
6.81,-0.019444840363808013
6.811,-0.004660649228039817
6.812,-0.02314088814775006
6.813,-0.02314088814775006
6.814,-0.012052744795923914
6.815,-0.004660649228039817
6.816,-0.03053298371563416
6.817,0.017515637475612477
6.818,0.010123541907728378
6.819,-0.02314088814775006
6.82,-0.019444840363808013
6.821,0.021211685259554525
6.822,0.021211685259554525
6.823,-0.004660649228039817
6.824,-0.008356697011981867
6.825,-0.015748792579865965
6.826,-0.008356697011981867
6.827,-0.004660649228039817
6.828,-0.008356697011981867
6.829,-0.02683693593169211
6.83,-0.019444840363808013
6.831,-0.004660649228039817
6.832,0.002731446339844281
6.833,-0.02683693593169211
6.834,-0.008356697011981867
6.835,-0.019444840363808013
6.836,-0.015748792579865965
6.837,-0.012052744795923914
6.838,-0.008356697011981867
6.839,-0.012052744795923914
6.84,-0.008356697011981867
6.841,-0.02314088814775006
6.842,-0.02314088814775006
6.843,0.00642749412378633
6.844,-0.015748792579865965
6.845,0.013819589691670428
6.846,-0.02314088814775006
6.847,-0.012052744795923914
6.848,-0.0009646014440977679
6.849,-0.008356697011981867
6.85,0.002731446339844281
6.851,-0.012052744795923914
6.852,-0.015748792579865965
6.853,0.017515637475612477
6.854,-0.008356697011981867
6.855,-0.02683693593169211
6.856,-0.03053298371563416
6.857,-0.0009646014440977679
6.858,0.017515637475612477
6.859,-0.019444840363808013
6.86,-0.008356697011981867
6.861,-0.03792507928351826
6.862,0.00642749412378633
6.863,0.013819589691670428
6.864,-0.012052744795923914
6.865,-0.012052744795923914
6.866,-0.02683693593169211
6.867,-0.012052744795923914
6.868,-0.02314088814775006
6.869,-0.012052744795923914
6.87,-0.015748792579865965
6.871,-0.03422903149957621
6.872,-0.012052744795923914
6.873,-0.008356697011981867
6.874,-0.0009646014440977679
6.875,-0.0009646014440977679
6.876,-0.004660649228039817
6.877,-0.008356697011981867
6.878,-0.0009646014440977679
6.879,-0.012052744795923914
6.88,-0.012052744795923914
6.881,-0.02683693593169211
6.882,-0.019444840363808013
6.883,0.010123541907728378
6.884,-0.004660649228039817
6.885,0.00642749412378633
6.886,-0.015748792579865965
6.887,-0.012052744795923914
6.888,-0.008356697011981867
6.889,-0.02314088814775006
6.89,-0.008356697011981867
6.891,-0.008356697011981867
6.892,-0.02314088814775006
6.893,0.013819589691670428
6.894,-0.015748792579865965
6.895,-0.015748792579865965
6.896,0.002731446339844281
6.897,-0.019444840363808013
6.898,0.002731446339844281
6.899,-0.008356697011981867
6.9,0.017515637475612477
6.901,-0.015748792579865965
6.902,-0.008356697011981867
6.903,-0.015748792579865965
6.904,0.002731446339844281
6.905,-0.008356697011981867
6.906,-0.004660649228039817
6.907,0.002731446339844281
6.908,-0.015748792579865965
6.909,0.00642749412378633
6.91,-0.012052744795923914
6.911,-0.008356697011981867
6.912,0.002731446339844281
6.913,-0.008356697011981867
6.914,-0.008356697011981867
6.915,-0.004660649228039817
6.916,-0.004660649228039817
6.917,-0.019444840363808013
6.918,-0.008356697011981867
6.919,-0.004660649228039817
6.92,-0.012052744795923914
6.921,-0.015748792579865965
6.922,-0.0009646014440977679
6.923,-0.015748792579865965
6.924,-0.02314088814775006
6.925,-0.012052744795923914
6.926,-0.03792507928351826
6.927,-0.012052744795923914
6.928,-0.02683693593169211
6.929,-0.004660649228039817
6.93,-0.02314088814775006
6.931,-0.0009646014440977679
6.932,-0.03053298371563416
6.933,-0.008356697011981867
6.934,-0.015748792579865965
6.935,-0.012052744795923914
6.936,0.00642749412378633
6.937,-0.008356697011981867
6.938,-0.0009646014440977679
6.939,-0.0009646014440977679
6.94,-0.015748792579865965
6.941,0.002731446339844281
6.942,-0.019444840363808013
6.943,-0.008356697011981867
6.944,-0.008356697011981867
6.945,-0.0009646014440977679
6.946,-0.015748792579865965
6.947,-0.008356697011981867
6.948,-0.03422903149957621
6.949,0.010123541907728378
6.95,-0.02314088814775006
6.951,-0.015748792579865965
6.952,-0.004660649228039817
6.953,-0.012052744795923914
6.954,-0.008356697011981867
6.955,-0.004660649228039817
6.956,-0.008356697011981867
6.957,-0.004660649228039817
6.958,0.00642749412378633
6.959,-0.015748792579865965
6.96,0.002731446339844281
6.961,-0.012052744795923914
6.962,-0.0009646014440977679
6.963,-0.02683693593169211
6.964,-0.02683693593169211
6.965,-0.015748792579865965
6.966,0.013819589691670428
6.967,0.013819589691670428
6.968,0.002731446339844281
6.969,-0.019444840363808013
6.97,-0.02314088814775006
6.971,-0.019444840363808013
6.972,-0.015748792579865965
6.973,-0.019444840363808013
6.974,-0.004660649228039817
6.975,0.00642749412378633
6.976,0.00642749412378633
6.977,-0.008356697011981867
6.978,0.013819589691670428
6.979,-0.019444840363808013
6.98,-0.004660649228039817
6.981,-0.02314088814775006
6.982,0.002731446339844281
6.983,0.028603780827438623
6.984,-0.03422903149957621
6.985,-0.03053298371563416
6.986,-0.019444840363808013
6.987,-0.008356697011981867
6.988,-0.015748792579865965
6.989,-0.012052744795923914
6.99,0.010123541907728378
6.991,-0.02314088814775006
6.992,-0.015748792579865965
6.993,-0.004660649228039817
6.994,-0.0009646014440977679
6.995,0.002731446339844281
6.996,-0.0009646014440977679
6.997,-0.02683693593169211
6.998,-0.015748792579865965
6.999,-0.0009646014440977679
7.0,0.002731446339844281
7.001,-0.019444840363808013
7.002,0.002731446339844281
7.003,-0.012052744795923914
7.004,-0.012052744795923914
7.005,-0.03422903149957621
7.006,0.002731446339844281
7.007,-0.015748792579865965
7.008,-0.0009646014440977679
7.009,-0.008356697011981867
7.01,-0.02314088814775006
7.011,-0.008356697011981867
7.012,-0.008356697011981867
7.013,-0.019444840363808013
7.014,0.013819589691670428
7.015,-0.03053298371563416
7.016,-0.012052744795923914
7.017,-0.02314088814775006
7.018,-0.004660649228039817
7.019,-0.015748792579865965
7.02,0.010123541907728378
7.021,-0.019444840363808013
7.022,-0.012052744795923914
7.023,-0.019444840363808013
7.024,0.002731446339844281
7.025,-0.019444840363808013
7.026,-0.012052744795923914
7.027,-0.004660649228039817
7.028,-0.012052744795923914
7.029,-0.004660649228039817
7.03,-0.02314088814775006
7.031,-0.012052744795923914
7.032,0.002731446339844281
7.033,-0.008356697011981867
7.034,-0.008356697011981867
7.035,0.010123541907728378
7.036,-0.0009646014440977679
7.037,-0.015748792579865965
7.038,-0.008356697011981867
7.039,-0.019444840363808013
7.04,-0.008356697011981867
7.041,-0.012052744795923914
7.042,-0.012052744795923914
7.043,-0.015748792579865965
7.044,-0.008356697011981867
7.045,-0.019444840363808013
7.046,-0.02314088814775006
7.047,0.021211685259554525
7.048,-0.012052744795923914
7.049,0.002731446339844281
7.05,-0.02314088814775006
7.051,-0.0009646014440977679
7.052,0.013819589691670428
7.053,-0.015748792579865965
7.054,0.002731446339844281
7.055,-0.008356697011981867
7.056,-0.015748792579865965
7.057,-0.008356697011981867
7.058,0.00642749412378633
7.059,0.002731446339844281
7.06,0.002731446339844281
7.061,-0.012052744795923914
7.062,-0.012052744795923914
7.063,-0.004660649228039817
7.064,-0.015748792579865965
7.065,-0.0009646014440977679
7.066,-0.004660649228039817
7.067,0.002731446339844281
7.068,-0.015748792579865965
7.069,-0.008356697011981867
7.07,-0.015748792579865965
7.071,-0.0009646014440977679
7.072,-0.012052744795923914
7.073,0.002731446339844281
7.074,-0.015748792579865965
7.075,-0.008356697011981867
7.076,-0.008356697011981867
7.077,-0.008356697011981867
7.078,-0.012052744795923914
7.079,-0.004660649228039817
7.08,-0.019444840363808013
7.081,-0.008356697011981867
7.082,0.010123541907728378
7.083,-0.012052744795923914
7.084,-0.004660649228039817
7.085,-0.012052744795923914
7.086,0.013819589691670428
7.087,-0.008356697011981867
7.088,-0.008356697011981867
7.089,-0.015748792579865965
7.09,-0.004660649228039817
7.091,-0.012052744795923914
7.092,0.010123541907728378
7.093,0.013819589691670428
7.094,0.013819589691670428
7.095,0.010123541907728378
7.096,0.00642749412378633
7.097,-0.008356697011981867
7.098,0.002731446339844281
7.099,0.010123541907728378
7.1,-0.019444840363808013
7.101,-0.004660649228039817
7.102,-0.004660649228039817
7.103,0.010123541907728378
7.104,-0.03422903149957621
7.105,-0.008356697011981867
7.106,0.002731446339844281
7.107,-0.0009646014440977679
7.108,-0.02314088814775006
7.109,0.00642749412378633
7.11,-0.008356697011981867
7.111,-0.02683693593169211
7.112,-0.012052744795923914
7.113,0.010123541907728378
7.114,-0.015748792579865965
7.115,-0.004660649228039817
7.116,-0.0009646014440977679
7.117,-0.015748792579865965
7.118,-0.008356697011981867
7.119,-0.004660649228039817
7.12,-0.008356697011981867
7.121,-0.012052744795923914
7.122,0.002731446339844281
7.123,-0.008356697011981867
7.124,0.00642749412378633
7.125,-0.004660649228039817
7.126,-0.019444840363808013
7.127,-0.008356697011981867
7.128,-0.004660649228039817
7.129,0.010123541907728378
7.13,-0.0009646014440977679
7.131,-0.02314088814775006
7.132,-0.004660649228039817
7.133,-0.015748792579865965
7.134,-0.03053298371563416
7.135,-0.008356697011981867
7.136,-0.008356697011981867
7.137,0.002731446339844281
7.138,-0.019444840363808013
7.139,-0.02314088814775006
7.14,0.002731446339844281
7.141,0.013819589691670428
7.142,-0.004660649228039817
7.143,0.002731446339844281
7.144,-0.02314088814775006
7.145,0.002731446339844281
7.146,-0.008356697011981867
7.147,-0.02314088814775006
7.148,-0.015748792579865965
7.149,-0.015748792579865965
7.15,0.00642749412378633
7.151,-0.008356697011981867
7.152,0.002731446339844281
7.153,0.010123541907728378
7.154,-0.02314088814775006
7.155,-0.004660649228039817
7.156,0.010123541907728378
7.157,-0.0009646014440977679
7.158,-0.0009646014440977679
7.159,-0.012052744795923914
7.16,-0.008356697011981867
7.161,-0.019444840363808013
7.162,-0.012052744795923914
7.163,0.00642749412378633
7.164,-0.012052744795923914
7.165,0.00642749412378633
7.166,-0.0009646014440977679
7.167,0.002731446339844281
7.168,-0.012052744795923914
7.169,-0.0009646014440977679
7.17,-0.012052744795923914
7.171,0.002731446339844281
7.172,0.010123541907728378
7.173,-0.02314088814775006
7.174,-0.019444840363808013
7.175,0.010123541907728378
7.176,-0.008356697011981867
7.177,-0.019444840363808013
7.178,0.010123541907728378
7.179,-0.0009646014440977679
7.18,-0.0009646014440977679
7.181,-0.004660649228039817
7.182,-0.012052744795923914
7.183,-0.015748792579865965
7.184,-0.004660649228039817
7.185,-0.019444840363808013
7.186,-0.019444840363808013
7.187,-0.012052744795923914
7.188,-0.015748792579865965
7.189,0.013819589691670428
7.19,-0.012052744795923914
7.191,-0.02314088814775006
7.192,-0.004660649228039817
7.193,-0.008356697011981867
7.194,-0.004660649228039817
7.195,-0.0009646014440977679
7.196,-0.03792507928351826
7.197,-0.012052744795923914
7.198,-0.0009646014440977679
7.199,-0.015748792579865965
7.2,-0.012052744795923914
7.201,-0.012052744795923914
7.202,-0.008356697011981867
7.203,-0.012052744795923914
7.204,-0.008356697011981867
7.205,-0.0009646014440977679
7.206,-0.0009646014440977679
7.207,-0.012052744795923914
7.208,-0.02314088814775006
7.209,0.021211685259554525
7.21,0.002731446339844281
7.211,0.017515637475612477
7.212,0.002731446339844281
7.213,-0.012052744795923914
7.214,0.002731446339844281
7.215,-0.015748792579865965
7.216,-0.015748792579865965
7.217,-0.0009646014440977679
7.218,-0.0009646014440977679
7.219,-0.008356697011981867
7.22,-0.008356697011981867
7.221,-0.015748792579865965
7.222,0.010123541907728378
7.223,-0.012052744795923914
7.224,0.013819589691670428
7.225,-0.019444840363808013
7.226,0.002731446339844281
7.227,-0.004660649228039817
7.228,0.002731446339844281
7.229,-0.004660649228039817
7.23,0.002731446339844281
7.231,-0.015748792579865965
7.232,0.010123541907728378
7.233,-0.0009646014440977679
7.234,-0.02314088814775006
7.235,0.00642749412378633
7.236,-0.02314088814775006
7.237,-0.012052744795923914
7.238,-0.0009646014440977679
7.239,0.00642749412378633
7.24,-0.02314088814775006
7.241,-0.004660649228039817
7.242,0.017515637475612477
7.243,0.010123541907728378
7.244,-0.012052744795923914
7.245,0.00642749412378633
7.246,-0.0009646014440977679
7.247,0.002731446339844281
7.248,-0.0009646014440977679
7.249,-0.019444840363808013
7.25,0.002731446339844281
7.251,-0.02683693593169211
7.252,-0.012052744795923914
7.253,-0.0009646014440977679
7.254,-0.004660649228039817
7.255,-0.004660649228039817
7.256,0.002731446339844281
7.257,-0.019444840363808013
7.258,-0.004660649228039817
7.259,0.00642749412378633
7.26,-0.015748792579865965
7.261,-0.02683693593169211
7.262,-0.0009646014440977679
7.263,-0.008356697011981867
7.264,-0.008356697011981867
7.265,0.002731446339844281
7.266,0.00642749412378633
7.267,-0.02683693593169211
7.268,-0.004660649228039817
7.269,-0.012052744795923914
7.27,-0.04162112706746031
7.271,-0.03792507928351826
7.272,-0.004660649228039817
7.273,-0.012052744795923914
7.274,-0.0009646014440977679
7.275,0.013819589691670428
7.276,0.002731446339844281
7.277,-0.015748792579865965
7.278,0.002731446339844281
7.279,-0.0009646014440977679
7.28,-0.015748792579865965
7.281,0.00642749412378633
7.282,0.013819589691670428
7.283,0.013819589691670428
7.284,-0.012052744795923914
7.285,0.024907733043496576
7.286,-0.004660649228039817
7.287,-0.015748792579865965
7.288,-0.012052744795923914
7.289,-0.03053298371563416
7.29,-0.008356697011981867
7.291,-0.004660649228039817
7.292,-0.012052744795923914
7.293,-0.03792507928351826
7.294,-0.008356697011981867
7.295,-0.03422903149957621
7.296,-0.008356697011981867
7.297,0.002731446339844281
7.298,-0.008356697011981867
7.299,0.024907733043496576
7.3,0.017515637475612477
7.301,0.010123541907728378
7.302,-0.012052744795923914
7.303,-0.019444840363808013
7.304,-0.008356697011981867
7.305,-0.012052744795923914
7.306,0.002731446339844281
7.307,-0.02314088814775006
7.308,-0.004660649228039817
7.309,-0.008356697011981867
7.31,-0.019444840363808013
7.311,-0.004660649228039817
7.312,-0.02314088814775006
7.313,0.010123541907728378
7.314,-0.015748792579865965
7.315,-0.015748792579865965
7.316,-0.008356697011981867
7.317,-0.008356697011981867
7.318,-0.015748792579865965
7.319,-0.015748792579865965
7.32,-0.015748792579865965
7.321,-0.02314088814775006
7.322,-0.02683693593169211
7.323,-0.0009646014440977679
7.324,0.00642749412378633
7.325,-0.019444840363808013
7.326,-0.004660649228039817
7.327,-0.02314088814775006
7.328,-0.008356697011981867
7.329,-0.015748792579865965
7.33,-0.012052744795923914
7.331,-0.015748792579865965
7.332,-0.012052744795923914
7.333,-0.02314088814775006
7.334,-0.008356697011981867
7.335,-0.004660649228039817
7.336,-0.019444840363808013
7.337,0.013819589691670428
7.338,-0.012052744795923914
7.339,-0.008356697011981867
7.34,0.00642749412378633
7.341,-0.008356697011981867
7.342,-0.012052744795923914
7.343,-0.0009646014440977679
7.344,-0.03792507928351826
7.345,-0.02314088814775006
7.346,-0.015748792579865965
7.347,-0.012052744795923914
7.348,0.017515637475612477
7.349,-0.004660649228039817
7.35,-0.008356697011981867
7.351,0.00642749412378633
7.352,-0.008356697011981867
7.353,-0.012052744795923914
7.354,-0.004660649228039817
7.355,0.00642749412378633
7.356,-0.008356697011981867
7.357,-0.008356697011981867
7.358,0.002731446339844281
7.359,-0.0009646014440977679
7.36,-0.004660649228039817
7.361,-0.008356697011981867
7.362,-0.0009646014440977679
7.363,-0.008356697011981867
7.364,0.010123541907728378
7.365,-0.019444840363808013
7.366,-0.012052744795923914
7.367,-0.03422903149957621
7.368,-0.004660649228039817
7.369,-0.008356697011981867
7.37,-0.019444840363808013
7.371,-0.019444840363808013
7.372,0.002731446339844281
7.373,-0.008356697011981867
7.374,-0.008356697011981867
7.375,-0.015748792579865965
7.376,0.00642749412378633
7.377,-0.0009646014440977679
7.378,-0.004660649228039817
7.379,-0.02314088814775006
7.38,-0.019444840363808013
7.381,-0.012052744795923914
7.382,-0.03053298371563416
7.383,-0.012052744795923914
7.384,-0.008356697011981867
7.385,0.002731446339844281
7.386,-0.0009646014440977679
7.387,-0.0009646014440977679
7.388,-0.019444840363808013
7.389,0.010123541907728378
7.39,-0.004660649228039817
7.391,-0.02683693593169211
7.392,-0.019444840363808013
7.393,-0.02314088814775006
7.394,-0.012052744795923914
7.395,-0.015748792579865965
7.396,0.024907733043496576
7.397,-0.02314088814775006
7.398,-0.012052744795923914
7.399,-0.008356697011981867
7.4,-0.019444840363808013
7.401,-0.012052744795923914
7.402,-0.02314088814775006
7.403,-0.0009646014440977679
7.404,-0.012052744795923914
7.405,-0.019444840363808013
7.406,-0.0009646014440977679
7.407,-0.012052744795923914
7.408,-0.019444840363808013
7.409,-0.004660649228039817
7.41,-0.008356697011981867
7.411,0.00642749412378633
7.412,-0.0009646014440977679
7.413,0.017515637475612477
7.414,-0.019444840363808013
7.415,-0.008356697011981867
7.416,0.024907733043496576
7.417,0.00642749412378633
7.418,-0.03053298371563416
7.419,-0.03053298371563416
7.42,-0.015748792579865965
7.421,-0.03422903149957621
7.422,0.002731446339844281
7.423,-0.004660649228039817
7.424,0.010123541907728378
7.425,0.002731446339844281
7.426,-0.015748792579865965
7.427,-0.004660649228039817
7.428,-0.004660649228039817
7.429,0.00642749412378633
7.43,-0.008356697011981867
7.431,-0.019444840363808013
7.432,-0.02683693593169211
7.433,0.010123541907728378
7.434,-0.02314088814775006
7.435,0.002731446339844281
7.436,0.002731446339844281
7.437,-0.0009646014440977679
7.438,-0.019444840363808013
7.439,0.002731446339844281
7.44,-0.0009646014440977679
7.441,0.010123541907728378
7.442,-0.02314088814775006
7.443,-0.03053298371563416
7.444,-0.02683693593169211
7.445,-0.0009646014440977679
7.446,-0.02314088814775006
7.447,-0.0009646014440977679
7.448,-0.012052744795923914
7.449,-0.015748792579865965
7.45,0.00642749412378633
7.451,-0.008356697011981867
7.452,-0.012052744795923914
7.453,-0.0009646014440977679
7.454,0.002731446339844281
7.455,-0.0009646014440977679
7.456,-0.012052744795923914
7.457,-0.02314088814775006
7.458,-0.04162112706746031
7.459,-0.012052744795923914
7.46,-0.012052744795923914
7.461,-0.004660649228039817
7.462,-0.02314088814775006
7.463,-0.015748792579865965
7.464,-0.012052744795923914
7.465,-0.02314088814775006
7.466,-0.004660649228039817
7.467,-0.008356697011981867
7.468,-0.015748792579865965
7.469,-0.004660649228039817
7.47,0.010123541907728378
7.471,-0.012052744795923914
7.472,-0.012052744795923914
7.473,-0.004660649228039817
7.474,0.013819589691670428
7.475,-0.004660649228039817
7.476,0.002731446339844281
7.477,-0.019444840363808013
7.478,0.00642749412378633
7.479,0.010123541907728378
7.48,-0.012052744795923914
7.481,-0.008356697011981867
7.482,-0.015748792579865965
7.483,-0.004660649228039817
7.484,-0.008356697011981867
7.485,-0.008356697011981867
7.486,-0.0009646014440977679
7.487,-0.012052744795923914
7.488,-0.012052744795923914
7.489,-0.02314088814775006
7.49,-0.004660649228039817
7.491,-0.0009646014440977679
7.492,-0.015748792579865965
7.493,-0.012052744795923914
7.494,-0.004660649228039817
7.495,-0.02314088814775006
7.496,0.00642749412378633
7.497,-0.02314088814775006
7.498,-0.015748792579865965
7.499,0.002731446339844281
7.5,-0.008356697011981867
7.501,-0.019444840363808013
7.502,-0.012052744795923914
7.503,-0.0009646014440977679
7.504,0.002731446339844281
7.505,-0.004660649228039817
7.506,0.010123541907728378
7.507,0.002731446339844281
7.508,-0.03422903149957621
7.509,-0.03422903149957621
7.51,-0.004660649228039817
7.511,-0.02314088814775006
7.512,-0.015748792579865965
7.513,-0.015748792579865965
7.514,-0.0009646014440977679
7.515,0.002731446339844281
7.516,-0.004660649228039817
7.517,-0.02314088814775006
7.518,-0.008356697011981867
7.519,-0.03053298371563416
7.52,-0.012052744795923914
7.521,0.013819589691670428
7.522,-0.02683693593169211
7.523,-0.004660649228039817
7.524,0.002731446339844281
7.525,-0.008356697011981867
7.526,0.010123541907728378
7.527,-0.0009646014440977679
7.528,0.010123541907728378
7.529,0.00642749412378633
7.53,-0.008356697011981867
7.531,-0.019444840363808013
7.532,-0.03422903149957621
7.533,-0.008356697011981867
7.534,0.013819589691670428
7.535,0.010123541907728378
7.536,-0.008356697011981867
7.537,-0.012052744795923914
7.538,-0.0009646014440977679
7.539,-0.008356697011981867
7.54,0.00642749412378633
7.541,-0.004660649228039817
7.542,-0.02314088814775006
7.543,0.002731446339844281
7.544,-0.0009646014440977679
7.545,0.00642749412378633
7.546,-0.019444840363808013
7.547,-0.004660649228039817
7.548,-0.0009646014440977679
7.549,0.002731446339844281
7.55,-0.02683693593169211
7.551,0.002731446339844281
7.552,0.002731446339844281
7.553,0.010123541907728378
7.554,-0.004660649228039817
7.555,0.013819589691670428
7.556,-0.015748792579865965
7.557,-0.004660649228039817
7.558,0.017515637475612477
7.559,-0.019444840363808013
7.56,-0.008356697011981867
7.561,-0.008356697011981867
7.562,-0.012052744795923914
7.563,-0.004660649228039817
7.564,-0.02314088814775006
7.565,-0.012052744795923914
7.566,-0.012052744795923914
7.567,-0.012052744795923914
7.568,-0.008356697011981867
7.569,-0.008356697011981867
7.57,0.002731446339844281
7.571,-0.0009646014440977679
7.572,-0.03792507928351826
7.573,-0.0009646014440977679
7.574,0.00642749412378633
7.575,-0.008356697011981867
7.576,-0.004660649228039817
7.577,0.002731446339844281
7.578,0.00642749412378633
7.579,-0.012052744795923914
7.58,-0.012052744795923914
7.581,-0.02314088814775006
7.582,0.013819589691670428
7.583,-0.004660649228039817
7.584,-0.012052744795923914
7.585,-0.02683693593169211
7.586,-0.004660649228039817
7.587,-0.03053298371563416
7.588,-0.0009646014440977679
7.589,-0.004660649228039817
7.59,-0.008356697011981867
7.591,0.024907733043496576
7.592,-0.015748792579865965
7.593,-0.03053298371563416
7.594,0.010123541907728378
7.595,-0.012052744795923914
7.596,-0.012052744795923914
7.597,-0.019444840363808013
7.598,0.002731446339844281
7.599,-0.02683693593169211
7.6,-0.004660649228039817
7.601,0.017515637475612477
7.602,-0.02314088814775006
7.603,0.00642749412378633
7.604,-0.012052744795923914
7.605,0.00642749412378633
7.606,-0.008356697011981867
7.607,-0.02314088814775006
7.608,0.00642749412378633
7.609,0.00642749412378633
7.61,-0.0009646014440977679
7.611,0.013819589691670428
7.612,-0.0009646014440977679
7.613,0.00642749412378633
7.614,-0.012052744795923914
7.615,-0.012052744795923914
7.616,0.002731446339844281
7.617,-0.0009646014440977679
7.618,-0.004660649228039817
7.619,0.010123541907728378
7.62,0.002731446339844281
7.621,-0.04162112706746031
7.622,-0.015748792579865965
7.623,-0.015748792579865965
7.624,-0.02314088814775006
7.625,-0.012052744795923914
7.626,0.017515637475612477
7.627,-0.004660649228039817
7.628,-0.008356697011981867
7.629,-0.004660649228039817
7.63,-0.004660649228039817
7.631,-0.012052744795923914
7.632,-0.015748792579865965
7.633,-0.02314088814775006
7.634,-0.0009646014440977679
7.635,-0.004660649228039817
7.636,-0.015748792579865965
7.637,-0.015748792579865965
7.638,-0.004660649228039817
7.639,0.00642749412378633
7.64,0.010123541907728378
7.641,-0.012052744795923914
7.642,0.017515637475612477
7.643,-0.004660649228039817
7.644,-0.004660649228039817
7.645,-0.008356697011981867
7.646,-0.012052744795923914
7.647,-0.02314088814775006
7.648,-0.008356697011981867
7.649,0.021211685259554525
7.65,-0.008356697011981867
7.651,-0.015748792579865965
7.652,-0.008356697011981867
7.653,0.002731446339844281
7.654,-0.012052744795923914
7.655,-0.012052744795923914
7.656,-0.012052744795923914
7.657,-0.012052744795923914
7.658,-0.004660649228039817
7.659,0.010123541907728378
7.66,-0.0009646014440977679
7.661,-0.019444840363808013
7.662,-0.02683693593169211
7.663,-0.004660649228039817
7.664,-0.02314088814775006
7.665,-0.019444840363808013
7.666,-0.0009646014440977679
7.667,0.002731446339844281
7.668,-0.015748792579865965
7.669,-0.015748792579865965
7.67,-0.012052744795923914
7.671,0.010123541907728378
7.672,0.017515637475612477
7.673,-0.012052744795923914
7.674,-0.015748792579865965
7.675,-0.03053298371563416
7.676,0.024907733043496576
7.677,-0.012052744795923914
7.678,-0.0009646014440977679
7.679,0.002731446339844281
7.68,-0.0009646014440977679
7.681,-0.03053298371563416
7.682,0.021211685259554525
7.683,0.00642749412378633
7.684,0.002731446339844281
7.685,-0.004660649228039817
7.686,-0.0009646014440977679
7.687,-0.0009646014440977679
7.688,0.00642749412378633
7.689,-0.0009646014440977679
7.69,-0.004660649228039817
7.691,0.017515637475612477
7.692,-0.015748792579865965
7.693,0.00642749412378633
7.694,-0.008356697011981867
7.695,-0.012052744795923914
7.696,-0.012052744795923914
7.697,-0.012052744795923914
7.698,0.013819589691670428
7.699,0.00642749412378633
7.7,-0.008356697011981867
7.701,-0.012052744795923914
7.702,0.010123541907728378
7.703,-0.015748792579865965
7.704,-0.019444840363808013
7.705,-0.004660649228039817
7.706,-0.0009646014440977679
7.707,-0.0009646014440977679
7.708,0.07665240201868526
7.709,-0.012052744795923914
7.71,0.002731446339844281
7.711,-0.0009646014440977679
7.712,-0.019444840363808013
7.713,0.010123541907728378
7.714,-0.012052744795923914
7.715,-0.0009646014440977679
7.716,-0.012052744795923914
7.717,-0.03053298371563416
7.718,-0.019444840363808013
7.719,0.00642749412378633
7.72,-0.0009646014440977679
7.721,0.00642749412378633
7.722,-0.008356697011981867
7.723,-0.03053298371563416
7.724,-0.012052744795923914
7.725,0.00642749412378633
7.726,-0.012052744795923914
7.727,-0.008356697011981867
7.728,-0.0009646014440977679
7.729,-0.004660649228039817
7.73,-0.015748792579865965
7.731,-0.012052744795923914
7.732,0.010123541907728378
7.733,0.010123541907728378
7.734,-0.008356697011981867
7.735,-0.012052744795923914
7.736,-0.03053298371563416
7.737,-0.0009646014440977679
7.738,0.00642749412378633
7.739,-0.015748792579865965
7.74,0.021211685259554525
7.741,-0.004660649228039817
7.742,-0.008356697011981867
7.743,-0.02314088814775006
7.744,-0.02683693593169211
7.745,-0.0009646014440977679
7.746,0.00642749412378633
7.747,0.010123541907728378
7.748,-0.004660649228039817
7.749,-0.004660649228039817
7.75,-0.02314088814775006
7.751,-0.019444840363808013
7.752,-0.004660649228039817
7.753,-0.008356697011981867
7.754,-0.019444840363808013
7.755,-0.004660649228039817
7.756,-0.008356697011981867
7.757,-0.019444840363808013
7.758,-0.012052744795923914
7.759,0.002731446339844281
7.76,-0.015748792579865965
7.761,0.00642749412378633
7.762,-0.0009646014440977679
7.763,-0.008356697011981867
7.764,-0.0009646014440977679
7.765,0.00642749412378633
7.766,0.013819589691670428
7.767,-0.004660649228039817
7.768,-0.004660649228039817
7.769,-0.0009646014440977679
7.77,-0.02683693593169211
7.771,0.00642749412378633
7.772,-0.004660649228039817
7.773,-0.008356697011981867
7.774,0.00642749412378633
7.775,-0.0009646014440977679
7.776,-0.019444840363808013
7.777,-0.004660649228039817
7.778,-0.0009646014440977679
7.779,-0.008356697011981867
7.78,0.002731446339844281
7.781,0.002731446339844281
7.782,-0.012052744795923914
7.783,-0.004660649228039817
7.784,-0.015748792579865965
7.785,-0.02683693593169211
7.786,-0.02683693593169211
7.787,0.00642749412378633
7.788,-0.012052744795923914
7.789,-0.008356697011981867
7.79,-0.015748792579865965
7.791,-0.004660649228039817
7.792,-0.012052744795923914
7.793,-0.02683693593169211
7.794,-0.004660649228039817
7.795,-0.012052744795923914
7.796,0.013819589691670428
7.797,0.00642749412378633
7.798,-0.004660649228039817
7.799,-0.0009646014440977679
7.8,-0.019444840363808013
7.801,-0.012052744795923914
7.802,-0.012052744795923914
7.803,-0.004660649228039817
7.804,-0.008356697011981867
7.805,-0.008356697011981867
7.806,-0.019444840363808013
7.807,-0.015748792579865965
7.808,-0.02683693593169211
7.809,-0.02314088814775006
7.81,-0.015748792579865965
7.811,-0.04162112706746031
7.812,-0.008356697011981867
7.813,0.002731446339844281
7.814,-0.004660649228039817
7.815,-0.02314088814775006
7.816,-0.015748792579865965
7.817,0.002731446339844281
7.818,-0.012052744795923914
7.819,0.002731446339844281
7.82,-0.0009646014440977679
7.821,-0.019444840363808013
7.822,0.010123541907728378
7.823,0.002731446339844281
7.824,-0.02683693593169211
7.825,-0.008356697011981867
7.826,-0.03422903149957621
7.827,-0.015748792579865965
7.828,-0.004660649228039817
7.829,0.013819589691670428
7.83,-0.012052744795923914
7.831,-0.015748792579865965
7.832,-0.008356697011981867
7.833,-0.008356697011981867
7.834,0.00642749412378633
7.835,-0.019444840363808013
7.836,-0.0009646014440977679
7.837,-0.008356697011981867
7.838,-0.004660649228039817
7.839,-0.015748792579865965
7.84,-0.008356697011981867
7.841,-0.0009646014440977679
7.842,-0.012052744795923914
7.843,-0.02683693593169211
7.844,-0.012052744795923914
7.845,-0.012052744795923914
7.846,-0.008356697011981867
7.847,-0.004660649228039817
7.848,-0.015748792579865965
7.849,0.00642749412378633
7.85,-0.012052744795923914
7.851,0.00642749412378633
7.852,0.010123541907728378
7.853,0.00642749412378633
7.854,-0.015748792579865965
7.855,-0.0009646014440977679
7.856,-0.004660649228039817
7.857,-0.015748792579865965
7.858,0.002731446339844281
7.859,-0.02683693593169211
7.86,-0.015748792579865965
7.861,-0.012052744795923914
7.862,-0.019444840363808013
7.863,-0.0009646014440977679
7.864,-0.004660649228039817
7.865,-0.03792507928351826
7.866,-0.019444840363808013
7.867,0.00642749412378633
7.868,-0.008356697011981867
7.869,-0.019444840363808013
7.87,-0.012052744795923914
7.871,-0.012052744795923914
7.872,0.010123541907728378
7.873,-0.008356697011981867
7.874,-0.015748792579865965
7.875,-0.019444840363808013
7.876,-0.02314088814775006
7.877,-0.0009646014440977679
7.878,-0.008356697011981867
7.879,-0.004660649228039817
7.88,0.002731446339844281
7.881,-0.008356697011981867
7.882,-0.008356697011981867
7.883,-0.004660649228039817
7.884,-0.012052744795923914
7.885,-0.019444840363808013
7.886,-0.012052744795923914
7.887,0.03229982861138067
7.888,-0.02314088814775006
7.889,0.002731446339844281
7.89,0.00642749412378633
7.891,0.002731446339844281
7.892,-0.019444840363808013
7.893,-0.0009646014440977679
7.894,-0.0009646014440977679
7.895,0.002731446339844281
7.896,-0.0009646014440977679
7.897,-0.015748792579865965
7.898,0.002731446339844281
7.899,-0.012052744795923914
7.9,-0.008356697011981867
7.901,-0.008356697011981867
7.902,-0.02314088814775006
7.903,-0.008356697011981867
7.904,-0.004660649228039817
7.905,-0.012052744795923914
7.906,-0.008356697011981867
7.907,-0.004660649228039817
7.908,-0.015748792579865965
7.909,-0.012052744795923914
7.91,-0.0009646014440977679
7.911,-0.012052744795923914
7.912,-0.004660649228039817
7.913,-0.004660649228039817
7.914,-0.012052744795923914
7.915,-0.004660649228039817
7.916,-0.019444840363808013
7.917,0.002731446339844281
7.918,-0.004660649228039817
7.919,0.010123541907728378
7.92,-0.012052744795923914
7.921,0.010123541907728378
7.922,0.00642749412378633
7.923,-0.02683693593169211
7.924,-0.012052744795923914
7.925,-0.004660649228039817
7.926,-0.012052744795923914
7.927,-0.02683693593169211
7.928,-0.019444840363808013
7.929,-0.019444840363808013
7.93,-0.008356697011981867
7.931,-0.019444840363808013
7.932,-0.02314088814775006
7.933,-0.015748792579865965
7.934,-0.004660649228039817
7.935,0.00642749412378633
7.936,-0.008356697011981867
7.937,-0.004660649228039817
7.938,-0.004660649228039817
7.939,-0.0009646014440977679
7.94,-0.012052744795923914
7.941,-0.0009646014440977679
7.942,-0.008356697011981867
7.943,0.010123541907728378
7.944,-0.008356697011981867
7.945,0.010123541907728378
7.946,-0.012052744795923914
7.947,0.010123541907728378
7.948,-0.0009646014440977679
7.949,-0.0009646014440977679
7.95,-0.004660649228039817
7.951,0.00642749412378633
7.952,-0.02314088814775006
7.953,-0.019444840363808013
7.954,-0.0009646014440977679
7.955,-0.012052744795923914
7.956,-0.012052744795923914
7.957,-0.008356697011981867
7.958,-0.015748792579865965
7.959,-0.03053298371563416
7.96,-0.02314088814775006
7.961,0.00642749412378633
7.962,-0.02683693593169211
7.963,-0.03053298371563416
7.964,-0.0009646014440977679
7.965,-0.004660649228039817
7.966,-0.008356697011981867
7.967,-0.004660649228039817
7.968,-0.015748792579865965
7.969,0.013819589691670428
7.97,0.010123541907728378
7.971,-0.012052744795923914
7.972,0.010123541907728378
7.973,-0.0009646014440977679
7.974,-0.0009646014440977679
7.975,0.017515637475612477
7.976,-0.004660649228039817
7.977,-0.0009646014440977679
7.978,0.013819589691670428
7.979,0.013819589691670428
7.98,-0.0009646014440977679
7.981,-0.03792507928351826
7.982,0.00642749412378633
7.983,0.013819589691670428
7.984,-0.0009646014440977679
7.985,-0.0009646014440977679
7.986,-0.019444840363808013
7.987,0.002731446339844281
7.988,-0.012052744795923914
7.989,-0.02683693593169211
7.99,0.00642749412378633
7.991,-0.008356697011981867
7.992,-0.02683693593169211
7.993,-0.004660649228039817
7.994,-0.004660649228039817
7.995,-0.008356697011981867
7.996,0.002731446339844281
7.997,-0.012052744795923914
7.998,-0.008356697011981867
7.999,-0.008356697011981867
8.0,-0.008356697011981867
8.001,-0.015748792579865965
8.002,0.002731446339844281
8.003,0.028603780827438623
8.004,-0.008356697011981867
8.005,-0.02314088814775006
8.006,-0.0009646014440977679
8.007,-0.0009646014440977679
8.008,-0.0009646014440977679
8.009,-0.008356697011981867
8.01,0.002731446339844281
8.011,-0.0009646014440977679
8.012,-0.008356697011981867
8.013,0.002731446339844281
8.014,0.002731446339844281
8.015,0.002731446339844281
8.016,-0.012052744795923914
8.017,-0.015748792579865965
8.018,-0.02314088814775006
8.019,0.00642749412378633
8.02,-0.02683693593169211
8.021,-0.015748792579865965
8.022,0.00642749412378633
8.023,-0.012052744795923914
8.024,0.00642749412378633
8.025,-0.012052744795923914
8.026,-0.015748792579865965
8.027,-0.0009646014440977679
8.028,-0.04531717485140235
8.029,-0.019444840363808013
8.03,-0.0009646014440977679
8.031,-0.012052744795923914
8.032,-0.008356697011981867
8.033,-0.004660649228039817
8.034,-0.012052744795923914
8.035,-0.008356697011981867
8.036,-0.0009646014440977679
8.037,-0.03422903149957621
8.038,-0.02683693593169211
8.039,-0.03792507928351826
8.04,-0.015748792579865965
8.041,-0.019444840363808013
8.042,-0.008356697011981867
8.043,-0.0009646014440977679
8.044,-0.008356697011981867
8.045,-0.008356697011981867
8.046,-0.019444840363808013
8.047,-0.0009646014440977679
8.048,-0.03792507928351826
8.049,-0.004660649228039817
8.05,-0.004660649228039817
8.051,0.002731446339844281
8.052,-0.008356697011981867
8.053,-0.019444840363808013
8.054,-0.004660649228039817
8.055,-0.008356697011981867
8.056,-0.015748792579865965
8.057,-0.015748792579865965
8.058,-0.0009646014440977679
8.059,-0.02683693593169211
8.06,-0.008356697011981867
8.061,-0.0009646014440977679
8.062,0.013819589691670428
8.063,-0.019444840363808013
8.064,0.010123541907728378
8.065,-0.004660649228039817
8.066,-0.02314088814775006
8.067,-0.019444840363808013
8.068,-0.004660649228039817
8.069,-0.004660649228039817
8.07,-0.008356697011981867
8.071,-0.015748792579865965
8.072,-0.02683693593169211
8.073,-0.008356697011981867
8.074,-0.008356697011981867
8.075,-0.012052744795923914
8.076,0.002731446339844281
8.077,-0.0009646014440977679
8.078,0.00642749412378633
8.079,-0.015748792579865965
8.08,-0.004660649228039817
8.081,0.00642749412378633
8.082,-0.004660649228039817
8.083,-0.019444840363808013
8.084,-0.015748792579865965
8.085,-0.004660649228039817
8.086,-0.015748792579865965
8.087,-0.008356697011981867
8.088,0.017515637475612477
8.089,0.002731446339844281
8.09,-0.019444840363808013
8.091,-0.008356697011981867
8.092,0.002731446339844281
8.093,0.00642749412378633
8.094,-0.0009646014440977679
8.095,-0.004660649228039817
8.096,-0.019444840363808013
8.097,-0.008356697011981867
8.098,-0.02314088814775006
8.099,-0.012052744795923914
8.1,-0.008356697011981867
8.101,-0.015748792579865965
8.102,-0.0009646014440977679
8.103,-0.015748792579865965
8.104,-0.02314088814775006
8.105,-0.02683693593169211
8.106,-0.015748792579865965
8.107,-0.03053298371563416
8.108,0.002731446339844281
8.109,0.021211685259554525
8.11,-0.019444840363808013
8.111,-0.015748792579865965
8.112,-0.0009646014440977679
8.113,-0.015748792579865965
8.114,-0.0009646014440977679
8.115,-0.019444840363808013
8.116,-0.004660649228039817
8.117,0.00642749412378633
8.118,-0.019444840363808013
8.119,0.021211685259554525
8.12,-0.012052744795923914
8.121,-0.004660649228039817
8.122,-0.008356697011981867
8.123,-0.015748792579865965
8.124,0.002731446339844281
8.125,-0.008356697011981867
8.126,0.00642749412378633
8.127,0.002731446339844281
8.128,-0.02314088814775006
8.129,-0.015748792579865965
8.13,-0.0009646014440977679
8.131,-0.015748792579865965
8.132,-0.004660649228039817
8.133,-0.019444840363808013
8.134,0.00642749412378633
8.135,0.00642749412378633
8.136,-0.019444840363808013
8.137,-0.012052744795923914
8.138,-0.02314088814775006
8.139,-0.015748792579865965
8.14,-0.008356697011981867
8.141,-0.015748792579865965
8.142,0.002731446339844281
8.143,0.010123541907728378
8.144,-0.03053298371563416
8.145,-0.012052744795923914
8.146,-0.008356697011981867
8.147,-0.03422903149957621
8.148,-0.008356697011981867
8.149,-0.015748792579865965
8.15,0.002731446339844281
8.151,-0.02683693593169211
8.152,-0.012052744795923914
8.153,-0.019444840363808013
8.154,-0.012052744795923914
8.155,0.002731446339844281
8.156,-0.0009646014440977679
8.157,-0.004660649228039817
8.158,-0.02683693593169211
8.159,0.002731446339844281
8.16,-0.008356697011981867
8.161,0.010123541907728378
8.162,-0.004660649228039817
8.163,-0.008356697011981867
8.164,0.010123541907728378
8.165,-0.0009646014440977679
8.166,0.002731446339844281
8.167,0.013819589691670428
8.168,-0.008356697011981867
8.169,0.002731446339844281
8.17,-0.019444840363808013
8.171,-0.008356697011981867
8.172,0.002731446339844281
8.173,-0.008356697011981867
8.174,-0.004660649228039817
8.175,0.002731446339844281
8.176,-0.0009646014440977679
8.177,0.00642749412378633
8.178,0.00642749412378633
8.179,-0.012052744795923914
8.18,0.010123541907728378
8.181,0.002731446339844281
8.182,-0.004660649228039817
8.183,-0.012052744795923914
8.184,0.00642749412378633
8.185,0.017515637475612477
8.186,-0.0009646014440977679
8.187,-0.008356697011981867
8.188,0.00642749412378633
8.189,-0.02314088814775006
8.19,0.002731446339844281
8.191,-0.02314088814775006
