Time (s),Voltage (V)
0.0,-0.0009646014440977679
0.001,0.010123541907728378
0.002,-0.012052744795923914
0.003,-0.008356697011981867
0.004,-0.015748792579865965
0.005,-0.004660649228039817
0.006,-0.02314088814775006
0.007,-0.03422903149957621
0.008,-0.004660649228039817
0.009,-0.02683693593169211
0.01,-0.0009646014440977679
0.011,-0.004660649228039817
0.012,0.002731446339844281
0.013,-0.019444840363808013
0.014,-0.015748792579865965
0.015,-0.008356697011981867
0.016,-0.008356697011981867
0.017,-0.008356697011981867
0.018,0.00642749412378633
0.019,-0.012052744795923914
0.02,0.00642749412378633
0.021,-0.03422903149957621
0.022,-0.012052744795923914
0.023,-0.012052744795923914
0.024,0.002731446339844281
0.025,0.00642749412378633
0.026,-0.02314088814775006
0.027,0.002731446339844281
0.028,-0.015748792579865965
0.029,0.002731446339844281
0.03,0.010123541907728378
0.031,-0.012052744795923914
0.032,-0.012052744795923914
0.033,-0.0009646014440977679
0.034,0.002731446339844281
0.035,-0.0009646014440977679
0.036,-0.012052744795923914
0.037,-0.008356697011981867
0.038,-0.012052744795923914
0.039,0.00642749412378633
0.04,-0.019444840363808013
0.041,-0.03053298371563416
0.042,-0.012052744795923914
0.043,-0.012052744795923914
0.044,-0.0009646014440977679
0.045,-0.004660649228039817
0.046,-0.012052744795923914
0.047,0.00642749412378633
0.048,-0.008356697011981867
0.049,-0.019444840363808013
0.05,-0.004660649228039817
0.051,-0.004660649228039817
0.052,-0.008356697011981867
0.053,0.002731446339844281
0.054,0.002731446339844281
0.055,-0.004660649228039817
0.056,-0.02683693593169211
0.057,-0.0009646014440977679
0.058,-0.004660649228039817
0.059,0.002731446339844281
0.06,0.002731446339844281
0.061,-0.008356697011981867
0.062,-0.015748792579865965
0.063,-0.019444840363808013
0.064,-0.015748792579865965
0.065,0.00642749412378633
0.066,-0.008356697011981867
0.067,-0.0009646014440977679
0.068,0.002731446339844281
0.069,-0.019444840363808013
0.07,-0.012052744795923914
0.071,-0.004660649228039817
0.072,0.002731446339844281
0.073,0.002731446339844281
0.074,-0.004660649228039817
0.075,-0.015748792579865965
0.076,0.00642749412378633
0.077,-0.008356697011981867
0.078,-0.0009646014440977679
0.079,0.00642749412378633
0.08,-0.02314088814775006
0.081,-0.0009646014440977679
0.082,-0.02314088814775006
0.083,-0.02314088814775006
0.084,-0.019444840363808013
0.085,-0.015748792579865965
0.086,0.002731446339844281
0.087,-0.0009646014440977679
0.088,-0.008356697011981867
0.089,0.010123541907728378
0.09,-0.0009646014440977679
0.091,0.010123541907728378
0.092,-0.02683693593169211
0.093,0.002731446339844281
0.094,-0.012052744795923914
0.095,-0.0009646014440977679
0.096,-0.012052744795923914
0.097,-0.019444840363808013
0.098,-0.004660649228039817
0.099,-0.015748792579865965
0.1,-0.0009646014440977679
0.101,-0.02683693593169211
0.102,0.00642749412378633
0.103,-0.0009646014440977679
0.104,-0.008356697011981867
0.105,-0.004660649228039817
0.106,-0.03422903149957621
0.107,0.00642749412378633
0.108,-0.0009646014440977679
0.109,-0.008356697011981867
0.11,-0.02683693593169211
0.111,-0.0009646014440977679
0.112,-0.008356697011981867
0.113,-0.004660649228039817
0.114,-0.004660649228039817
0.115,-0.008356697011981867
0.116,0.017515637475612477
0.117,-0.004660649228039817
0.118,-0.0009646014440977679
0.119,-0.008356697011981867
0.12,-0.0009646014440977679
0.121,-0.0009646014440977679
0.122,-0.0009646014440977679
0.123,-0.012052744795923914
0.124,-0.004660649228039817
0.125,-0.019444840363808013
0.126,-0.012052744795923914
0.127,-0.012052744795923914
0.128,-0.019444840363808013
0.129,-0.012052744795923914
0.13,-0.0009646014440977679
0.131,-0.019444840363808013
0.132,0.002731446339844281
0.133,-0.004660649228039817
0.134,0.002731446339844281
0.135,-0.015748792579865965
0.136,-0.004660649228039817
0.137,-0.012052744795923914
0.138,-0.004660649228039817
0.139,-0.019444840363808013
0.14,0.013819589691670428
0.141,-0.0009646014440977679
0.142,-0.0009646014440977679
0.143,0.002731446339844281
0.144,-0.008356697011981867
0.145,-0.015748792579865965
0.146,-0.008356697011981867
0.147,-0.012052744795923914
0.148,-0.02314088814775006
0.149,-0.012052744795923914
0.15,-0.012052744795923914
0.151,-0.02683693593169211
0.152,-0.02683693593169211
0.153,0.010123541907728378
0.154,-0.0009646014440977679
0.155,0.002731446339844281
0.156,-0.0009646014440977679
0.157,-0.0009646014440977679
0.158,-0.015748792579865965
0.159,-0.012052744795923914
0.16,-0.019444840363808013
0.161,0.002731446339844281
0.162,-0.012052744795923914
0.163,-0.012052744795923914
0.164,0.002731446339844281
0.165,-0.0009646014440977679
0.166,-0.004660649228039817
0.167,-0.004660649228039817
0.168,-0.008356697011981867
0.169,-0.008356697011981867
0.17,-0.0009646014440977679
0.171,0.013819589691670428
0.172,-0.0009646014440977679
0.173,0.021211685259554525
0.174,0.002731446339844281
0.175,-0.004660649228039817
0.176,-0.0009646014440977679
0.177,-0.02314088814775006
0.178,-0.015748792579865965
0.179,-0.008356697011981867
0.18,-0.012052744795923914
0.181,-0.02683693593169211
0.182,-0.0009646014440977679
0.183,-0.004660649228039817
0.184,0.010123541907728378
0.185,-0.02683693593169211
0.186,-0.0009646014440977679
0.187,-0.03053298371563416
0.188,0.002731446339844281
0.189,0.002731446339844281
0.19,-0.04162112706746031
0.191,0.00642749412378633
0.192,-0.004660649228039817
0.193,-0.012052744795923914
0.194,-0.02314088814775006
0.195,-0.008356697011981867
0.196,-0.019444840363808013
0.197,-0.02314088814775006
0.198,-0.008356697011981867
0.199,-0.03053298371563416
0.2,-0.015748792579865965
0.201,-0.015748792579865965
0.202,-0.02314088814775006
0.203,-0.004660649228039817
0.204,-0.0009646014440977679
0.205,-0.004660649228039817
0.206,-0.008356697011981867
0.207,-0.008356697011981867
0.208,-0.015748792579865965
0.209,0.010123541907728378
0.21,-0.004660649228039817
0.211,-0.0009646014440977679
0.212,0.024907733043496576
0.213,0.017515637475612477
0.214,-0.0009646014440977679
0.215,-0.02314088814775006
0.216,-0.0009646014440977679
0.217,-0.0009646014440977679
0.218,-0.012052744795923914
0.219,-0.012052744795923914
0.22,-0.008356697011981867
0.221,-0.008356697011981867
0.222,-0.015748792579865965
0.223,-0.0009646014440977679
0.224,-0.03422903149957621
0.225,-0.02314088814775006
0.226,-0.012052744795923914
0.227,-0.0009646014440977679
0.228,-0.03422903149957621
0.229,-0.004660649228039817
0.23,-0.02314088814775006
0.231,0.010123541907728378
0.232,-0.012052744795923914
0.233,-0.004660649228039817
0.234,-0.03053298371563416
0.235,-0.004660649228039817
0.236,-0.015748792579865965
0.237,-0.0009646014440977679
0.238,-0.012052744795923914
0.239,0.010123541907728378
0.24,0.010123541907728378
0.241,-0.008356697011981867
0.242,0.002731446339844281
0.243,-0.019444840363808013
0.244,-0.0009646014440977679
0.245,-0.004660649228039817
0.246,0.00642749412378633
0.247,0.013819589691670428
0.248,-0.02683693593169211
0.249,0.00642749412378633
0.25,0.024907733043496576
0.251,-0.004660649228039817
0.252,-0.019444840363808013
0.253,-0.015748792579865965
0.254,-0.019444840363808013
0.255,0.00642749412378633
0.256,0.010123541907728378
0.257,-0.015748792579865965
0.258,-0.008356697011981867
0.259,-0.004660649228039817
0.26,0.002731446339844281
0.261,-0.012052744795923914
0.262,0.010123541907728378
0.263,-0.015748792579865965
0.264,-0.02314088814775006
0.265,-0.012052744795923914
0.266,0.002731446339844281
0.267,-0.02314088814775006
0.268,0.002731446339844281
0.269,-0.02314088814775006
0.27,-0.015748792579865965
0.271,-0.008356697011981867
0.272,-0.0009646014440977679
0.273,-0.004660649228039817
0.274,-0.012052744795923914
0.275,-0.015748792579865965
0.276,-0.015748792579865965
0.277,-0.012052744795923914
0.278,0.010123541907728378
0.279,0.010123541907728378
0.28,-0.0009646014440977679
0.281,-0.04162112706746031
0.282,-0.004660649228039817
0.283,-0.04162112706746031
0.284,0.002731446339844281
0.285,-0.008356697011981867
0.286,0.017515637475612477
0.287,-0.008356697011981867
0.288,0.002731446339844281
0.289,0.002731446339844281
0.29,-0.03792507928351826
0.291,0.002731446339844281
0.292,-0.004660649228039817
0.293,0.013819589691670428
0.294,-0.004660649228039817
0.295,0.002731446339844281
0.296,-0.019444840363808013
0.297,-0.004660649228039817
0.298,-0.004660649228039817
0.299,-0.02683693593169211
0.3,-0.019444840363808013
0.301,-0.008356697011981867
0.302,0.002731446339844281
0.303,0.00642749412378633
0.304,-0.008356697011981867
0.305,-0.0009646014440977679
0.306,-0.0009646014440977679
0.307,-0.012052744795923914
0.308,-0.03053298371563416
0.309,0.00642749412378633
0.31,-0.015748792579865965
0.311,0.002731446339844281
0.312,-0.0009646014440977679
0.313,-0.0009646014440977679
0.314,-0.008356697011981867
0.315,-0.019444840363808013
0.316,0.010123541907728378
0.317,0.00642749412378633
0.318,-0.02314088814775006
0.319,-0.02683693593169211
0.32,-0.008356697011981867
0.321,0.013819589691670428
0.322,-0.019444840363808013
0.323,-0.008356697011981867
0.324,0.03229982861138067
0.325,-0.015748792579865965
0.326,-0.019444840363808013
0.327,-0.004660649228039817
0.328,-0.0009646014440977679
0.329,0.002731446339844281
0.33,-0.015748792579865965
0.331,0.024907733043496576
0.332,-0.008356697011981867
0.333,-0.012052744795923914
0.334,0.010123541907728378
0.335,-0.0009646014440977679
0.336,-0.0009646014440977679
0.337,0.002731446339844281
0.338,0.00642749412378633
0.339,-0.008356697011981867
0.34,-0.0009646014440977679
0.341,-0.008356697011981867
0.342,-0.03053298371563416
0.343,-0.015748792579865965
0.344,0.002731446339844281
0.345,-0.012052744795923914
0.346,-0.0009646014440977679
0.347,0.002731446339844281
0.348,0.010123541907728378
0.349,-0.012052744795923914
0.35,-0.019444840363808013
0.351,0.010123541907728378
0.352,-0.004660649228039817
0.353,0.002731446339844281
0.354,-0.0009646014440977679
0.355,0.002731446339844281
0.356,-0.004660649228039817
0.357,-0.004660649228039817
0.358,-0.015748792579865965
0.359,-0.015748792579865965
0.36,-0.008356697011981867
0.361,0.002731446339844281
0.362,-0.012052744795923914
0.363,-0.004660649228039817
0.364,-0.004660649228039817
0.365,-0.0009646014440977679
0.366,-0.015748792579865965
0.367,-0.02314088814775006
0.368,-0.02314088814775006
0.369,0.021211685259554525
0.37,-0.03053298371563416
0.371,0.010123541907728378
0.372,-0.02683693593169211
0.373,0.013819589691670428
0.374,-0.008356697011981867
0.375,-0.02683693593169211
0.376,-0.0009646014440977679
0.377,0.002731446339844281
0.378,-0.012052744795923914
0.379,-0.004660649228039817
0.38,-0.004660649228039817
0.381,-0.04162112706746031
0.382,-0.015748792579865965
0.383,-0.019444840363808013
0.384,-0.012052744795923914
0.385,-0.02683693593169211
0.386,0.017515637475612477
0.387,0.010123541907728378
0.388,-0.008356697011981867
0.389,-0.019444840363808013
0.39,0.00642749412378633
0.391,0.00642749412378633
0.392,0.00642749412378633
0.393,0.021211685259554525
0.394,0.002731446339844281
0.395,-0.008356697011981867
0.396,-0.008356697011981867
0.397,-0.019444840363808013
0.398,-0.019444840363808013
0.399,-0.008356697011981867
0.4,-0.03053298371563416
0.401,0.013819589691670428
0.402,-0.019444840363808013
0.403,-0.019444840363808013
0.404,-0.004660649228039817
0.405,-0.02314088814775006
0.406,-0.004660649228039817
0.407,-0.0009646014440977679
0.408,-0.004660649228039817
0.409,-0.0009646014440977679
0.41,-0.015748792579865965
0.411,-0.008356697011981867
0.412,-0.015748792579865965
0.413,-0.02683693593169211
0.414,-0.019444840363808013
0.415,-0.004660649228039817
0.416,0.00642749412378633
0.417,0.002731446339844281
0.418,-0.0009646014440977679
0.419,-0.012052744795923914
0.42,-0.0009646014440977679
0.421,0.010123541907728378
0.422,-0.008356697011981867
0.423,-0.019444840363808013
0.424,-0.015748792579865965
0.425,-0.008356697011981867
0.426,-0.004660649228039817
0.427,-0.015748792579865965
0.428,-0.008356697011981867
0.429,-0.0009646014440977679
0.43,-0.008356697011981867
0.431,-0.008356697011981867
0.432,0.00642749412378633
0.433,-0.008356697011981867
0.434,-0.008356697011981867
0.435,-0.004660649228039817
0.436,-0.0009646014440977679
0.437,-0.015748792579865965
0.438,-0.02314088814775006
0.439,-0.03422903149957621
0.44,-0.0009646014440977679
0.441,0.017515637475612477
0.442,-0.0009646014440977679
0.443,0.010123541907728378
0.444,-0.004660649228039817
0.445,-0.008356697011981867
0.446,0.002731446339844281
0.447,-0.02314088814775006
0.448,-0.004660649228039817
0.449,-0.004660649228039817
0.45,-0.015748792579865965
0.451,-0.004660649228039817
0.452,-0.03053298371563416
0.453,0.002731446339844281
0.454,0.013819589691670428
0.455,-0.008356697011981867
0.456,-0.008356697011981867
0.457,0.002731446339844281
0.458,-0.008356697011981867
0.459,-0.004660649228039817
0.46,-0.03792507928351826
0.461,-0.0009646014440977679
0.462,-0.04162112706746031
0.463,-0.004660649228039817
0.464,-0.0009646014440977679
0.465,-0.008356697011981867
0.466,-0.012052744795923914
0.467,-0.0009646014440977679
0.468,-0.008356697011981867
0.469,-0.015748792579865965
0.47,-0.004660649228039817
0.471,-0.012052744795923914
0.472,-0.004660649228039817
0.473,-0.008356697011981867
0.474,-0.015748792579865965
0.475,-0.012052744795923914
0.476,-0.008356697011981867
0.477,-0.008356697011981867
0.478,-0.012052744795923914
0.479,0.002731446339844281
0.48,-0.015748792579865965
0.481,-0.008356697011981867
0.482,-0.03053298371563416
0.483,0.002731446339844281
0.484,-0.0009646014440977679
0.485,0.002731446339844281
0.486,0.002731446339844281
0.487,-0.012052744795923914
0.488,0.002731446339844281
0.489,-0.012052744795923914
0.49,-0.03053298371563416
0.491,-0.015748792579865965
0.492,-0.004660649228039817
0.493,-0.019444840363808013
0.494,-0.02683693593169211
0.495,-0.008356697011981867
0.496,-0.019444840363808013
0.497,-0.012052744795923914
0.498,-0.008356697011981867
0.499,-0.004660649228039817
0.5,-0.012052744795923914
0.501,-0.004660649228039817
0.502,0.021211685259554525
0.503,-0.015748792579865965
0.504,0.00642749412378633
0.505,-0.03422903149957621
0.506,0.021211685259554525
0.507,-0.02683693593169211
0.508,-0.0009646014440977679
0.509,0.002731446339844281
0.51,-0.0009646014440977679
0.511,-0.0009646014440977679
0.512,-0.008356697011981867
0.513,-0.0009646014440977679
0.514,0.002731446339844281
0.515,-0.004660649228039817
0.516,-0.0009646014440977679
0.517,-0.019444840363808013
0.518,0.00642749412378633
0.519,-0.012052744795923914
0.52,0.002731446339844281
0.521,-0.004660649228039817
0.522,-0.008356697011981867
0.523,-0.004660649228039817
0.524,-0.02683693593169211
0.525,-0.019444840363808013
0.526,0.017515637475612477
0.527,-0.0009646014440977679
0.528,0.00642749412378633
0.529,-0.0009646014440977679
0.53,-0.004660649228039817
0.531,-0.004660649228039817
0.532,-0.008356697011981867
0.533,-0.008356697011981867
0.534,-0.004660649228039817
0.535,-0.015748792579865965
0.536,-0.015748792579865965
0.537,-0.008356697011981867
0.538,-0.004660649228039817
0.539,-0.0009646014440977679
0.54,0.00642749412378633
0.541,-0.004660649228039817
0.542,-0.008356697011981867
0.543,-0.0009646014440977679
0.544,-0.012052744795923914
0.545,-0.02314088814775006
0.546,0.013819589691670428
0.547,-0.02314088814775006
0.548,-0.008356697011981867
0.549,-0.012052744795923914
0.55,-0.015748792579865965
0.551,-0.019444840363808013
0.552,-0.0009646014440977679
0.553,-0.015748792579865965
0.554,-0.0009646014440977679
0.555,-0.004660649228039817
0.556,0.021211685259554525
0.557,-0.008356697011981867
0.558,-0.012052744795923914
0.559,-0.0009646014440977679
0.56,0.00642749412378633
0.561,-0.02314088814775006
0.562,0.010123541907728378
0.563,0.002731446339844281
0.564,0.013819589691670428
0.565,-0.012052744795923914
0.566,-0.012052744795923914
0.567,-0.008356697011981867
0.568,-0.008356697011981867
0.569,0.002731446339844281
0.57,-0.03053298371563416
0.571,-0.004660649228039817
0.572,-0.012052744795923914
0.573,-0.02683693593169211
0.574,0.00642749412378633
0.575,-0.03053298371563416
0.576,-0.019444840363808013
0.577,0.002731446339844281
0.578,-0.008356697011981867
0.579,-0.012052744795923914
0.58,-0.012052744795923914
0.581,0.017515637475612477
0.582,-0.004660649228039817
0.583,0.017515637475612477
0.584,-0.0009646014440977679
0.585,-0.019444840363808013
0.586,-0.015748792579865965
0.587,0.010123541907728378
0.588,-0.008356697011981867
0.589,0.021211685259554525
0.59,-0.015748792579865965
0.591,-0.02683693593169211
0.592,-0.004660649228039817
0.593,0.017515637475612477
0.594,0.002731446339844281
0.595,-0.03053298371563416
0.596,-0.012052744795923914
0.597,0.013819589691670428
0.598,-0.004660649228039817
0.599,-0.004660649228039817
0.6,-0.012052744795923914
0.601,-0.008356697011981867
0.602,0.002731446339844281
0.603,-0.008356697011981867
0.604,-0.015748792579865965
0.605,-0.012052744795923914
0.606,0.010123541907728378
0.607,-0.0009646014440977679
0.608,-0.0009646014440977679
0.609,-0.0009646014440977679
0.61,0.017515637475612477
0.611,-0.02683693593169211
0.612,0.002731446339844281
0.613,0.013819589691670428
0.614,-0.02314088814775006
0.615,-0.0009646014440977679
0.616,-0.004660649228039817
0.617,-0.004660649228039817
0.618,-0.012052744795923914
0.619,-0.008356697011981867
0.62,0.002731446339844281
0.621,-0.004660649228039817
0.622,0.010123541907728378
0.623,-0.02314088814775006
0.624,-0.012052744795923914
0.625,-0.02314088814775006
0.626,-0.004660649228039817
0.627,0.00642749412378633
0.628,0.002731446339844281
0.629,-0.02683693593169211
0.63,-0.02683693593169211
0.631,0.00642749412378633
0.632,-0.004660649228039817
0.633,-0.008356697011981867
0.634,-0.0009646014440977679
0.635,-0.008356697011981867
0.636,-0.008356697011981867
0.637,-0.019444840363808013
0.638,-0.004660649228039817
0.639,-0.0009646014440977679
0.64,-0.019444840363808013
0.641,0.00642749412378633
0.642,0.010123541907728378
0.643,0.00642749412378633
0.644,-0.004660649228039817
0.645,-0.019444840363808013
0.646,-0.012052744795923914
0.647,0.013819589691670428
0.648,-0.0009646014440977679
0.649,-0.008356697011981867
0.65,-0.0009646014440977679
0.651,-0.012052744795923914
0.652,-0.019444840363808013
0.653,-0.004660649228039817
0.654,-0.019444840363808013
0.655,-0.015748792579865965
0.656,-0.02683693593169211
0.657,-0.012052744795923914
0.658,-0.0009646014440977679
0.659,-0.0009646014440977679
0.66,-0.012052744795923914
0.661,0.002731446339844281
0.662,0.00642749412378633
0.663,-0.004660649228039817
0.664,-0.019444840363808013
0.665,0.010123541907728378
0.666,-0.02314088814775006
0.667,-0.02314088814775006
0.668,-0.008356697011981867
0.669,-0.0009646014440977679
0.67,-0.004660649228039817
0.671,-0.015748792579865965
0.672,-0.0009646014440977679
0.673,0.00642749412378633
0.674,-0.008356697011981867
0.675,-0.008356697011981867
0.676,-0.008356697011981867
0.677,-0.02683693593169211
0.678,0.00642749412378633
0.679,-0.012052744795923914
0.68,0.002731446339844281
0.681,-0.015748792579865965
0.682,-0.004660649228039817
0.683,-0.015748792579865965
0.684,-0.0009646014440977679
0.685,-0.012052744795923914
0.686,-0.012052744795923914
0.687,-0.015748792579865965
0.688,-0.008356697011981867
0.689,-0.015748792579865965
0.69,0.028603780827438623
0.691,0.00642749412378633
0.692,-0.008356697011981867
0.693,-0.019444840363808013
0.694,-0.015748792579865965
0.695,-0.02683693593169211
0.696,0.002731446339844281
0.697,-0.012052744795923914
0.698,-0.019444840363808013
0.699,-0.008356697011981867
0.7,-0.02314088814775006
0.701,-0.008356697011981867
0.702,-0.004660649228039817
0.703,-0.015748792579865965
0.704,-0.019444840363808013
0.705,-0.0009646014440977679
0.706,-0.008356697011981867
0.707,-0.008356697011981867
0.708,0.00642749412378633
0.709,-0.02314088814775006
0.71,0.00642749412378633
0.711,-0.008356697011981867
0.712,0.010123541907728378
0.713,-0.008356697011981867
0.714,-0.008356697011981867
0.715,-0.004660649228039817
0.716,-0.008356697011981867
0.717,-0.019444840363808013
0.718,-0.004660649228039817
0.719,-0.012052744795923914
0.72,-0.012052744795923914
0.721,-0.004660649228039817
0.722,-0.019444840363808013
0.723,0.00642749412378633
0.724,0.002731446339844281
0.725,-0.012052744795923914
0.726,0.010123541907728378
0.727,-0.004660649228039817
0.728,-0.019444840363808013
0.729,-0.004660649228039817
0.73,0.00642749412378633
0.731,-0.008356697011981867
0.732,-0.008356697011981867
0.733,-0.02314088814775006
0.734,-0.015748792579865965
0.735,-0.02314088814775006
0.736,0.010123541907728378
0.737,0.00642749412378633
0.738,-0.004660649228039817
0.739,0.017515637475612477
0.74,0.010123541907728378
0.741,-0.012052744795923914
0.742,0.010123541907728378
0.743,-0.015748792579865965
0.744,-0.004660649228039817
0.745,0.002731446339844281
0.746,0.002731446339844281
0.747,-0.015748792579865965
0.748,0.010123541907728378
0.749,-0.0009646014440977679
0.75,0.021211685259554525
0.751,-0.008356697011981867
0.752,-0.015748792579865965
0.753,-0.004660649228039817
0.754,0.013819589691670428
0.755,-0.0009646014440977679
0.756,0.013819589691670428
0.757,-0.012052744795923914
0.758,-0.012052744795923914
0.759,-0.015748792579865965
0.76,-0.008356697011981867
0.761,0.017515637475612477
0.762,-0.03053298371563416
0.763,-0.015748792579865965
0.764,-0.004660649228039817
0.765,-0.004660649228039817
0.766,-0.02314088814775006
0.767,-0.015748792579865965
0.768,-0.012052744795923914
0.769,0.010123541907728378
0.77,-0.004660649228039817
0.771,0.002731446339844281
0.772,0.002731446339844281
0.773,-0.02314088814775006
0.774,0.002731446339844281
0.775,0.010123541907728378
0.776,-0.02683693593169211
0.777,-0.02683693593169211
0.778,0.002731446339844281
0.779,-0.012052744795923914
0.78,-0.015748792579865965
0.781,0.002731446339844281
0.782,-0.015748792579865965
0.783,-0.008356697011981867
0.784,-0.019444840363808013
0.785,-0.02314088814775006
0.786,-0.012052744795923914
0.787,0.002731446339844281
0.788,0.010123541907728378
0.789,0.021211685259554525
0.79,0.017515637475612477
0.791,-0.019444840363808013
0.792,0.00642749412378633
0.793,0.00642749412378633
0.794,-0.004660649228039817
0.795,-0.008356697011981867
0.796,-0.019444840363808013
0.797,-0.015748792579865965
0.798,0.002731446339844281
0.799,-0.008356697011981867
0.8,-0.008356697011981867
0.801,0.002731446339844281
0.802,-0.019444840363808013
0.803,-0.008356697011981867
0.804,-0.008356697011981867
0.805,-0.008356697011981867
0.806,-0.004660649228039817
0.807,-0.02683693593169211
0.808,-0.015748792579865965
0.809,0.002731446339844281
0.81,-0.0009646014440977679
0.811,0.010123541907728378
0.812,-0.004660649228039817
0.813,0.024907733043496576
0.814,-0.008356697011981867
0.815,-0.0009646014440977679
0.816,-0.012052744795923914
0.817,0.002731446339844281
0.818,-0.004660649228039817
0.819,-0.0009646014440977679
0.82,-0.015748792579865965
0.821,-0.008356697011981867
0.822,-0.02314088814775006
0.823,-0.008356697011981867
0.824,0.002731446339844281
0.825,-0.0009646014440977679
0.826,-0.015748792579865965
0.827,0.017515637475612477
0.828,0.00642749412378633
0.829,-0.019444840363808013
0.83,-0.015748792579865965
0.831,-0.008356697011981867
0.832,-0.02683693593169211
0.833,-0.0009646014440977679
0.834,-0.019444840363808013
0.835,-0.008356697011981867
0.836,-0.004660649228039817
0.837,0.017515637475612477
0.838,-0.012052744795923914
0.839,-0.0009646014440977679
0.84,-0.015748792579865965
0.841,-0.015748792579865965
0.842,-0.004660649228039817
0.843,-0.03053298371563416
0.844,-0.015748792579865965
0.845,-0.0009646014440977679
0.846,0.002731446339844281
0.847,-0.008356697011981867
0.848,-0.004660649228039817
0.849,-0.015748792579865965
0.85,-0.004660649228039817
0.851,-0.015748792579865965
0.852,-0.02314088814775006
0.853,-0.008356697011981867
0.854,0.00642749412378633
0.855,0.002731446339844281
0.856,-0.008356697011981867
0.857,-0.008356697011981867
0.858,-0.019444840363808013
0.859,-0.02314088814775006
0.86,-0.019444840363808013
0.861,-0.02314088814775006
0.862,-0.019444840363808013
0.863,-0.03422903149957621
0.864,-0.0009646014440977679
0.865,0.002731446339844281
0.866,-0.012052744795923914
0.867,-0.004660649228039817
0.868,-0.008356697011981867
0.869,-0.02314088814775006
0.87,-0.008356697011981867
0.871,-0.004660649228039817
0.872,-0.008356697011981867
0.873,-0.015748792579865965
0.874,0.002731446339844281
0.875,-0.008356697011981867
0.876,-0.03053298371563416
0.877,-0.008356697011981867
0.878,-0.03792507928351826
0.879,-0.004660649228039817
0.88,0.017515637475612477
0.881,-0.015748792579865965
0.882,-0.008356697011981867
0.883,-0.004660649228039817
0.884,-0.012052744795923914
0.885,0.00642749412378633
0.886,-0.004660649228039817
0.887,-0.015748792579865965
0.888,-0.012052744795923914
0.889,-0.0009646014440977679
0.89,-0.019444840363808013
0.891,-0.008356697011981867
0.892,-0.012052744795923914
0.893,-0.015748792579865965
0.894,-0.0009646014440977679
0.895,-0.015748792579865965
0.896,-0.015748792579865965
0.897,0.010123541907728378
0.898,-0.012052744795923914
0.899,-0.015748792579865965
0.9,-0.019444840363808013
0.901,-0.03053298371563416
0.902,-0.012052744795923914
0.903,-0.008356697011981867
0.904,-0.0009646014440977679
0.905,-0.03422903149957621
0.906,0.010123541907728378
0.907,-0.019444840363808013
0.908,0.013819589691670428
0.909,-0.015748792579865965
0.91,-0.012052744795923914
0.911,-0.008356697011981867
0.912,-0.02314088814775006
0.913,0.002731446339844281
0.914,-0.015748792579865965
0.915,-0.0009646014440977679
0.916,-0.008356697011981867
0.917,0.002731446339844281
0.918,0.00642749412378633
0.919,0.002731446339844281
0.92,-0.008356697011981867
0.921,-0.015748792579865965
0.922,0.002731446339844281
0.923,0.010123541907728378
0.924,-0.012052744795923914
0.925,-0.004660649228039817
0.926,-0.015748792579865965
0.927,0.021211685259554525
0.928,-0.0009646014440977679
0.929,0.002731446339844281
0.93,-0.0009646014440977679
0.931,-0.019444840363808013
0.932,0.002731446339844281
0.933,-0.004660649228039817
0.934,-0.02683693593169211
0.935,0.021211685259554525
0.936,-0.008356697011981867
0.937,-0.0009646014440977679
0.938,-0.019444840363808013
0.939,-0.015748792579865965
0.94,-0.015748792579865965
0.941,-0.008356697011981867
0.942,0.002731446339844281
0.943,0.002731446339844281
0.944,-0.015748792579865965
0.945,-0.02314088814775006
0.946,0.002731446339844281
0.947,-0.015748792579865965
0.948,0.013819589691670428
0.949,0.00642749412378633
0.95,0.010123541907728378
0.951,-0.012052744795923914
0.952,-0.004660649228039817
0.953,-0.03053298371563416
0.954,-0.008356697011981867
0.955,-0.012052744795923914
0.956,-0.03053298371563416
0.957,0.002731446339844281
0.958,-0.015748792579865965
0.959,-0.019444840363808013
0.96,-0.019444840363808013
0.961,-0.015748792579865965
0.962,-0.008356697011981867
0.963,0.00642749412378633
0.964,-0.015748792579865965
0.965,-0.012052744795923914
0.966,0.00642749412378633
0.967,-0.019444840363808013
0.968,0.017515637475612477
0.969,-0.004660649228039817
0.97,-0.008356697011981867
0.971,-0.019444840363808013
0.972,-0.0009646014440977679
0.973,-0.015748792579865965
0.974,0.010123541907728378
0.975,-0.008356697011981867
0.976,-0.012052744795923914
0.977,-0.0009646014440977679
0.978,-0.0009646014440977679
0.979,0.024907733043496576
0.98,-0.012052744795923914
0.981,0.00642749412378633
0.982,-0.03053298371563416
0.983,-0.015748792579865965
0.984,0.013819589691670428
0.985,0.002731446339844281
0.986,-0.012052744795923914
0.987,0.00642749412378633
0.988,-0.0009646014440977679
0.989,0.021211685259554525
0.99,-0.0009646014440977679
0.991,-0.015748792579865965
0.992,-0.008356697011981867
0.993,-0.012052744795923914
0.994,-0.02683693593169211
0.995,-0.0009646014440977679
0.996,-0.008356697011981867
0.997,0.002731446339844281
0.998,0.002731446339844281
0.999,-0.0009646014440977679
1.0,-0.019444840363808013
1.001,-0.019444840363808013
1.002,0.010123541907728378
1.003,0.010123541907728378
1.004,-0.019444840363808013
1.005,-0.004660649228039817
1.006,0.002731446339844281
1.007,-0.0009646014440977679
1.008,-0.0009646014440977679
1.009,-0.004660649228039817
1.01,-0.004660649228039817
1.011,-0.02683693593169211
1.012,-0.004660649228039817
1.013,-0.0009646014440977679
1.014,-0.03053298371563416
1.015,-0.012052744795923914
1.016,-0.019444840363808013
1.017,-0.0009646014440977679
1.018,-0.019444840363808013
1.019,-0.004660649228039817
1.02,-0.019444840363808013
1.021,-0.012052744795923914
1.022,-0.02683693593169211
1.023,-0.008356697011981867
1.024,-0.0009646014440977679
1.025,0.010123541907728378
1.026,-0.004660649228039817
1.027,0.002731446339844281
1.028,-0.004660649228039817
1.029,-0.008356697011981867
1.03,0.013819589691670428
1.031,-0.004660649228039817
1.032,-0.03053298371563416
1.033,-0.0009646014440977679
1.034,-0.008356697011981867
1.035,-0.012052744795923914
1.036,-0.008356697011981867
1.037,0.010123541907728378
1.038,-0.008356697011981867
1.039,-0.02314088814775006
1.04,-0.008356697011981867
1.041,-0.004660649228039817
1.042,-0.012052744795923914
1.043,-0.004660649228039817
1.044,-0.008356697011981867
1.045,-0.008356697011981867
1.046,-0.015748792579865965
1.047,-0.008356697011981867
1.048,0.00642749412378633
1.049,-0.012052744795923914
1.05,0.002731446339844281
1.051,0.010123541907728378
1.052,-0.03792507928351826
1.053,0.002731446339844281
1.054,-0.03422903149957621
1.055,-0.008356697011981867
1.056,0.017515637475612477
1.057,-0.012052744795923914
1.058,0.013819589691670428
1.059,-0.004660649228039817
1.06,-0.0009646014440977679
1.061,0.013819589691670428
1.062,-0.004660649228039817
1.063,-0.008356697011981867
1.064,-0.02683693593169211
1.065,-0.015748792579865965
1.066,0.00642749412378633
1.067,0.00642749412378633
1.068,-0.0009646014440977679
1.069,-0.02314088814775006
1.07,-0.004660649228039817
1.071,-0.02314088814775006
1.072,0.00642749412378633
1.073,-0.008356697011981867
1.074,-0.004660649228039817
1.075,0.002731446339844281
1.076,-0.004660649228039817
1.077,-0.004660649228039817
1.078,-0.008356697011981867
1.079,0.002731446339844281
1.08,-0.008356697011981867
1.081,-0.0009646014440977679
1.082,-0.012052744795923914
1.083,-0.015748792579865965
1.084,-0.012052744795923914
1.085,-0.004660649228039817
1.086,-0.004660649228039817
1.087,0.013819589691670428
1.088,0.002731446339844281
1.089,-0.008356697011981867
1.09,0.017515637475612477
1.091,0.010123541907728378
1.092,-0.004660649228039817
1.093,-0.019444840363808013
1.094,-0.02314088814775006
1.095,-0.0009646014440977679
1.096,-0.008356697011981867
1.097,0.002731446339844281
1.098,-0.012052744795923914
1.099,0.010123541907728378
1.1,0.00642749412378633
1.101,-0.015748792579865965
1.102,-0.02314088814775006
1.103,0.00642749412378633
1.104,-0.019444840363808013
1.105,0.002731446339844281
1.106,-0.015748792579865965
1.107,-0.03422903149957621
1.108,-0.008356697011981867
1.109,-0.02683693593169211
1.11,-0.0009646014440977679
1.111,-0.004660649228039817
1.112,-0.004660649228039817
1.113,-0.008356697011981867
1.114,-0.02314088814775006
1.115,-0.019444840363808013
1.116,-0.008356697011981867
1.117,0.03599587639532272
1.118,-0.012052744795923914
1.119,-0.0009646014440977679
1.12,-0.0009646014440977679
1.121,-0.02683693593169211
1.122,0.00642749412378633
1.123,0.002731446339844281
1.124,0.002731446339844281
1.125,-0.019444840363808013
1.126,0.010123541907728378
1.127,-0.004660649228039817
1.128,-0.012052744795923914
1.129,-0.019444840363808013
1.13,-0.02314088814775006
1.131,-0.02683693593169211
1.132,0.010123541907728378
1.133,-0.004660649228039817
1.134,-0.015748792579865965
1.135,-0.004660649228039817
1.136,-0.012052744795923914
1.137,-0.004660649228039817
1.138,0.017515637475612477
1.139,-0.008356697011981867
1.14,-0.004660649228039817
1.141,-0.015748792579865965
1.142,-0.008356697011981867
1.143,-0.015748792579865965
1.144,-0.012052744795923914
1.145,-0.012052744795923914
1.146,-0.02314088814775006
1.147,-0.015748792579865965
1.148,-0.004660649228039817
1.149,0.00642749412378633
1.15,-0.02314088814775006
1.151,0.017515637475612477
1.152,-0.015748792579865965
1.153,-0.004660649228039817
1.154,-0.008356697011981867
1.155,0.002731446339844281
1.156,-0.0009646014440977679
1.157,0.002731446339844281
1.158,-0.015748792579865965
1.159,0.010123541907728378
1.16,-0.012052744795923914
1.161,0.002731446339844281
1.162,0.00642749412378633
1.163,-0.0009646014440977679
1.164,-0.008356697011981867
1.165,-0.0009646014440977679
1.166,-0.008356697011981867
1.167,0.013819589691670428
1.168,-0.012052744795923914
1.169,0.013819589691670428
1.17,0.002731446339844281
1.171,0.00642749412378633
1.172,0.002731446339844281
1.173,-0.015748792579865965
1.174,0.013819589691670428
1.175,-0.0009646014440977679
1.176,0.002731446339844281
1.177,0.010123541907728378
1.178,-0.004660649228039817
1.179,-0.008356697011981867
1.18,0.00642749412378633
1.181,0.002731446339844281
1.182,-0.008356697011981867
1.183,0.00642749412378633
1.184,-0.02683693593169211
1.185,-0.004660649228039817
1.186,-0.004660649228039817
1.187,-0.019444840363808013
1.188,-0.012052744795923914
1.189,-0.004660649228039817
1.19,-0.004660649228039817
1.191,-0.004660649228039817
1.192,-0.004660649228039817
1.193,-0.0009646014440977679
1.194,-0.004660649228039817
1.195,-0.004660649228039817
1.196,-0.008356697011981867
1.197,-0.012052744795923914
1.198,-0.008356697011981867
1.199,0.002731446339844281
1.2,-0.02683693593169211
1.201,-0.012052744795923914
1.202,-0.012052744795923914
1.203,-0.02314088814775006
1.204,-0.019444840363808013
1.205,-0.0009646014440977679
1.206,0.013819589691670428
1.207,0.00642749412378633
1.208,0.010123541907728378
1.209,-0.004660649228039817
1.21,0.002731446339844281
1.211,0.013819589691670428
1.212,0.013819589691670428
1.213,-0.008356697011981867
1.214,-0.012052744795923914
1.215,-0.0009646014440977679
1.216,-0.0009646014440977679
1.217,0.00642749412378633
1.218,-0.0009646014440977679
1.219,-0.012052744795923914
1.22,-0.012052744795923914
1.221,0.010123541907728378
1.222,-0.008356697011981867
1.223,-0.0009646014440977679
1.224,-0.02314088814775006
1.225,-0.004660649228039817
1.226,-0.0009646014440977679
1.227,-0.0009646014440977679
1.228,-0.008356697011981867
1.229,-0.012052744795923914
1.23,0.002731446339844281
1.231,-0.008356697011981867
1.232,-0.03792507928351826
1.233,0.017515637475612477
1.234,-0.012052744795923914
1.235,-0.004660649228039817
1.236,0.002731446339844281
1.237,0.002731446339844281
1.238,0.010123541907728378
1.239,0.002731446339844281
1.24,-0.004660649228039817
1.241,-0.004660649228039817
1.242,-0.0009646014440977679
1.243,-0.015748792579865965
1.244,0.002731446339844281
1.245,-0.008356697011981867
1.246,-0.0009646014440977679
1.247,-0.015748792579865965
1.248,0.010123541907728378
1.249,0.013819589691670428
1.25,-0.0009646014440977679
1.251,-0.0009646014440977679
1.252,0.017515637475612477
1.253,-0.019444840363808013
1.254,-0.0009646014440977679
1.255,-0.015748792579865965
1.256,-0.004660649228039817
1.257,-0.012052744795923914
1.258,-0.0009646014440977679
1.259,-0.0009646014440977679
1.26,-0.019444840363808013
1.261,-0.004660649228039817
1.262,-0.008356697011981867
1.263,0.00642749412378633
1.264,-0.02683693593169211
1.265,-0.012052744795923914
1.266,-0.012052744795923914
1.267,-0.008356697011981867
1.268,0.002731446339844281
1.269,-0.008356697011981867
1.27,-0.012052744795923914
1.271,0.002731446339844281
1.272,0.002731446339844281
1.273,0.002731446339844281
1.274,-0.008356697011981867
1.275,0.00642749412378633
1.276,0.013819589691670428
1.277,-0.004660649228039817
1.278,0.002731446339844281
1.279,-0.012052744795923914
1.28,0.00642749412378633
1.281,-0.015748792579865965
1.282,0.00642749412378633
1.283,-0.012052744795923914
1.284,-0.008356697011981867
1.285,-0.02683693593169211
1.286,0.00642749412378633
1.287,0.010123541907728378
1.288,-0.004660649228039817
1.289,0.013819589691670428
1.29,-0.012052744795923914
1.291,-0.004660649228039817
1.292,-0.02314088814775006
1.293,-0.0009646014440977679
1.294,-0.0009646014440977679
1.295,-0.008356697011981867
1.296,-0.0009646014440977679
1.297,-0.012052744795923914
1.298,0.00642749412378633
1.299,-0.02314088814775006
1.3,-0.004660649228039817
1.301,-0.008356697011981867
1.302,-0.004660649228039817
1.303,-0.0009646014440977679
1.304,-0.008356697011981867
1.305,-0.008356697011981867
1.306,-0.008356697011981867
1.307,-0.004660649228039817
1.308,0.002731446339844281
1.309,-0.012052744795923914
1.31,-0.008356697011981867
1.311,0.03599587639532272
1.312,0.00642749412378633
1.313,-0.008356697011981867
1.314,0.010123541907728378
1.315,-0.008356697011981867
1.316,-0.019444840363808013
1.317,-0.02314088814775006
1.318,-0.015748792579865965
1.319,-0.012052744795923914
1.32,-0.0009646014440977679
1.321,-0.015748792579865965
1.322,-0.0009646014440977679
1.323,-0.0009646014440977679
1.324,-0.004660649228039817
1.325,-0.0009646014440977679
1.326,-0.03422903149957621
1.327,-0.015748792579865965
1.328,0.002731446339844281
1.329,-0.008356697011981867
1.33,-0.0009646014440977679
1.331,-0.012052744795923914
1.332,-0.004660649228039817
1.333,0.00642749412378633
1.334,0.010123541907728378
1.335,-0.015748792579865965
1.336,-0.015748792579865965
1.337,-0.02314088814775006
1.338,0.00642749412378633
1.339,-0.008356697011981867
1.34,-0.015748792579865965
1.341,-0.008356697011981867
1.342,-0.004660649228039817
1.343,-0.0009646014440977679
1.344,-0.008356697011981867
1.345,-0.019444840363808013
1.346,-0.0009646014440977679
1.347,-0.019444840363808013
1.348,0.00642749412378633
1.349,-0.015748792579865965
1.35,-0.015748792579865965
1.351,-0.02683693593169211
1.352,-0.008356697011981867
1.353,-0.008356697011981867
1.354,-0.012052744795923914
1.355,0.002731446339844281
1.356,-0.012052744795923914
1.357,-0.008356697011981867
1.358,-0.004660649228039817
1.359,0.00642749412378633
1.36,-0.015748792579865965
1.361,-0.008356697011981867
1.362,0.010123541907728378
1.363,-0.019444840363808013
1.364,-0.02314088814775006
1.365,-0.004660649228039817
1.366,-0.015748792579865965
1.367,-0.004660649228039817
1.368,-0.03053298371563416
1.369,-0.012052744795923914
1.37,0.002731446339844281
1.371,0.002731446339844281
1.372,0.002731446339844281
1.373,-0.004660649228039817
1.374,-0.012052744795923914
1.375,-0.012052744795923914
1.376,-0.0009646014440977679
1.377,0.017515637475612477
1.378,-0.015748792579865965
1.379,-0.019444840363808013
1.38,-0.008356697011981867
1.381,-0.004660649228039817
1.382,0.002731446339844281
1.383,-0.0009646014440977679
1.384,-0.012052744795923914
1.385,-0.012052744795923914
1.386,-0.008356697011981867
1.387,-0.012052744795923914
1.388,0.017515637475612477
1.389,-0.004660649228039817
1.39,0.03599587639532272
1.391,0.002731446339844281
1.392,-0.004660649228039817
1.393,-0.03053298371563416
1.394,-0.008356697011981867
1.395,0.013819589691670428
1.396,-0.008356697011981867
1.397,-0.015748792579865965
1.398,0.013819589691670428
1.399,-0.03422903149957621
1.4,-0.04162112706746031
1.401,0.002731446339844281
1.402,-0.008356697011981867
1.403,0.021211685259554525
1.404,0.028603780827438623
1.405,-0.008356697011981867
1.406,-0.004660649228039817
1.407,-0.02314088814775006
1.408,-0.0009646014440977679
1.409,-0.019444840363808013
1.41,0.002731446339844281
1.411,-0.004660649228039817
1.412,0.002731446339844281
1.413,0.010123541907728378
1.414,0.00642749412378633
1.415,-0.012052744795923914
1.416,-0.03053298371563416
1.417,-0.0009646014440977679
1.418,-0.015748792579865965
1.419,-0.015748792579865965
1.42,-0.008356697011981867
1.421,-0.015748792579865965
1.422,0.00642749412378633
1.423,-0.015748792579865965
1.424,-0.004660649228039817
1.425,0.017515637475612477
1.426,-0.0009646014440977679
1.427,-0.019444840363808013
1.428,0.00642749412378633
1.429,-0.0009646014440977679
1.43,-0.019444840363808013
1.431,0.002731446339844281
1.432,0.002731446339844281
1.433,-0.004660649228039817
1.434,-0.0009646014440977679
1.435,-0.004660649228039817
1.436,-0.012052744795923914
1.437,0.002731446339844281
1.438,0.002731446339844281
1.439,-0.004660649228039817
1.44,-0.015748792579865965
1.441,-0.008356697011981867
1.442,-0.0009646014440977679
1.443,-0.015748792579865965
1.444,-0.03053298371563416
1.445,-0.015748792579865965
1.446,-0.015748792579865965
1.447,0.002731446339844281
1.448,0.028603780827438623
1.449,-0.004660649228039817
1.45,-0.015748792579865965
1.451,0.00642749412378633
1.452,-0.019444840363808013
1.453,-0.004660649228039817
1.454,-0.004660649228039817
1.455,-0.004660649228039817
1.456,-0.004660649228039817
1.457,-0.008356697011981867
1.458,0.010123541907728378
1.459,0.00642749412378633
1.46,0.002731446339844281
1.461,-0.02314088814775006
1.462,0.010123541907728378
1.463,0.010123541907728378
1.464,0.00642749412378633
1.465,-0.015748792579865965
1.466,-0.012052744795923914
1.467,0.00642749412378633
1.468,-0.008356697011981867
1.469,-0.03053298371563416
1.47,-0.008356697011981867
1.471,-0.0009646014440977679
1.472,-0.0009646014440977679
1.473,-0.02314088814775006
1.474,-0.008356697011981867
1.475,-0.0009646014440977679
1.476,-0.008356697011981867
1.477,-0.0009646014440977679
1.478,-0.019444840363808013
1.479,0.002731446339844281
1.48,0.013819589691670428
1.481,-0.012052744795923914
1.482,-0.015748792579865965
1.483,-0.004660649228039817
1.484,-0.019444840363808013
1.485,0.002731446339844281
1.486,0.010123541907728378
1.487,-0.0009646014440977679
1.488,-0.012052744795923914
1.489,-0.004660649228039817
1.49,-0.015748792579865965
1.491,-0.012052744795923914
1.492,-0.012052744795923914
1.493,0.002731446339844281
1.494,0.002731446339844281
1.495,-0.015748792579865965
1.496,-0.004660649228039817
1.497,-0.0009646014440977679
1.498,-0.008356697011981867
1.499,-0.015748792579865965
1.5,-0.004660649228039817
1.501,-0.012052744795923914
1.502,-0.012052744795923914
1.503,-0.008356697011981867
1.504,0.002731446339844281
1.505,0.010123541907728378
1.506,0.00642749412378633
1.507,-0.019444840363808013
1.508,-0.004660649228039817
1.509,0.00642749412378633
1.51,0.010123541907728378
1.511,-0.0009646014440977679
1.512,-0.02314088814775006
1.513,-0.015748792579865965
1.514,-0.004660649228039817
1.515,-0.0009646014440977679
1.516,-0.008356697011981867
1.517,-0.0009646014440977679
1.518,-0.019444840363808013
1.519,-0.02314088814775006
1.52,-0.015748792579865965
1.521,-0.015748792579865965
1.522,-0.02314088814775006
1.523,0.002731446339844281
1.524,-0.015748792579865965
1.525,-0.0009646014440977679
1.526,-0.015748792579865965
1.527,-0.0009646014440977679
1.528,-0.0009646014440977679
1.529,-0.004660649228039817
1.53,-0.008356697011981867
1.531,-0.008356697011981867
1.532,-0.015748792579865965
1.533,-0.008356697011981867
1.534,0.00642749412378633
1.535,-0.008356697011981867
1.536,-0.012052744795923914
1.537,-0.02314088814775006
1.538,-0.012052744795923914
1.539,0.002731446339844281
1.54,0.013819589691670428
1.541,-0.015748792579865965
1.542,-0.012052744795923914
1.543,0.010123541907728378
1.544,0.013819589691670428
1.545,-0.004660649228039817
1.546,-0.0009646014440977679
1.547,-0.012052744795923914
1.548,0.021211685259554525
1.549,0.010123541907728378
1.55,0.002731446339844281
1.551,-0.02314088814775006
1.552,-0.015748792579865965
1.553,0.002731446339844281
1.554,-0.019444840363808013
1.555,0.002731446339844281
1.556,-0.008356697011981867
1.557,-0.008356697011981867
1.558,0.013819589691670428
1.559,-0.012052744795923914
1.56,-0.008356697011981867
1.561,-0.004660649228039817
1.562,0.002731446339844281
1.563,-0.019444840363808013
1.564,-0.03053298371563416
1.565,0.002731446339844281
1.566,0.002731446339844281
1.567,-0.0009646014440977679
1.568,-0.008356697011981867
1.569,-0.0009646014440977679
1.57,0.00642749412378633
1.571,0.002731446339844281
1.572,-0.012052744795923914
1.573,-0.0009646014440977679
1.574,-0.03792507928351826
1.575,0.010123541907728378
1.576,-0.015748792579865965
1.577,-0.019444840363808013
1.578,0.00642749412378633
1.579,-0.012052744795923914
1.58,0.00642749412378633
1.581,-0.02683693593169211
1.582,0.010123541907728378
1.583,-0.004660649228039817
1.584,-0.019444840363808013
1.585,-0.0009646014440977679
1.586,0.002731446339844281
1.587,-0.019444840363808013
1.588,-0.012052744795923914
1.589,-0.02683693593169211
1.59,-0.0009646014440977679
1.591,-0.012052744795923914
1.592,-0.015748792579865965
1.593,-0.008356697011981867
1.594,-0.012052744795923914
1.595,0.013819589691670428
1.596,-0.015748792579865965
1.597,-0.015748792579865965
1.598,-0.03422903149957621
1.599,-0.019444840363808013
1.6,-0.019444840363808013
1.601,0.002731446339844281
1.602,0.002731446339844281
1.603,-0.015748792579865965
1.604,-0.019444840363808013
1.605,-0.019444840363808013
1.606,-0.004660649228039817
1.607,-0.019444840363808013
1.608,-0.015748792579865965
1.609,-0.015748792579865965
1.61,-0.0009646014440977679
1.611,0.00642749412378633
1.612,0.00642749412378633
1.613,-0.004660649228039817
1.614,-0.008356697011981867
1.615,-0.008356697011981867
1.616,-0.012052744795923914
1.617,-0.004660649228039817
1.618,0.00642749412378633
1.619,0.00642749412378633
1.62,-0.015748792579865965
1.621,-0.012052744795923914
1.622,0.00642749412378633
1.623,-0.0009646014440977679
1.624,-0.008356697011981867
1.625,0.010123541907728378
1.626,-0.004660649228039817
1.627,0.002731446339844281
1.628,-0.019444840363808013
1.629,-0.008356697011981867
1.63,-0.0009646014440977679
1.631,-0.004660649228039817
1.632,-0.019444840363808013
1.633,-0.019444840363808013
1.634,-0.012052744795923914
1.635,-0.008356697011981867
1.636,0.013819589691670428
1.637,-0.0009646014440977679
1.638,-0.019444840363808013
1.639,-0.004660649228039817
1.64,0.002731446339844281
1.641,-0.008356697011981867
1.642,-0.0009646014440977679
1.643,0.017515637475612477
1.644,-0.0009646014440977679
1.645,-0.008356697011981867
1.646,-0.019444840363808013
1.647,-0.019444840363808013
1.648,-0.008356697011981867
1.649,-0.015748792579865965
1.65,-0.012052744795923914
1.651,-0.008356697011981867
1.652,-0.012052744795923914
1.653,-0.02314088814775006
1.654,0.002731446339844281
1.655,-0.008356697011981867
1.656,-0.0009646014440977679
1.657,0.013819589691670428
1.658,-0.004660649228039817
1.659,-0.0009646014440977679
1.66,0.010123541907728378
1.661,-0.03053298371563416
1.662,-0.004660649228039817
1.663,0.00642749412378633
1.664,-0.004660649228039817
1.665,-0.0009646014440977679
1.666,0.002731446339844281
1.667,-0.004660649228039817
1.668,0.002731446339844281
1.669,-0.008356697011981867
1.67,-0.0009646014440977679
1.671,-0.008356697011981867
1.672,-0.004660649228039817
1.673,-0.015748792579865965
1.674,-0.015748792579865965
1.675,-0.0009646014440977679
1.676,-0.02683693593169211
1.677,-0.008356697011981867
1.678,-0.012052744795923914
1.679,0.017515637475612477
1.68,-0.02314088814775006
1.681,-0.019444840363808013
1.682,-0.012052744795923914
1.683,-0.008356697011981867
1.684,-0.019444840363808013
1.685,-0.02314088814775006
1.686,-0.019444840363808013
1.687,-0.019444840363808013
1.688,-0.02314088814775006
1.689,0.00642749412378633
1.69,-0.008356697011981867
1.691,-0.0009646014440977679
1.692,-0.019444840363808013
1.693,-0.02314088814775006
1.694,-0.019444840363808013
1.695,0.00642749412378633
1.696,-0.0009646014440977679
1.697,-0.012052744795923914
1.698,-0.008356697011981867
1.699,-0.0009646014440977679
1.7,-0.02314088814775006
1.701,-0.015748792579865965
1.702,-0.008356697011981867
1.703,-0.019444840363808013
1.704,0.002731446339844281
1.705,-0.019444840363808013
1.706,-0.019444840363808013
1.707,-0.012052744795923914
1.708,-0.019444840363808013
1.709,-0.004660649228039817
1.71,-0.03422903149957621
1.711,-0.012052744795923914
1.712,-0.012052744795923914
1.713,-0.015748792579865965
1.714,-0.012052744795923914
1.715,0.010123541907728378
1.716,-0.004660649228039817
1.717,-0.008356697011981867
1.718,-0.0009646014440977679
1.719,-0.0009646014440977679
1.72,-0.008356697011981867
1.721,0.024907733043496576
1.722,-0.0009646014440977679
1.723,0.017515637475612477
1.724,0.002731446339844281
1.725,0.002731446339844281
1.726,-0.004660649228039817
1.727,-0.019444840363808013
1.728,-0.0009646014440977679
1.729,-0.0009646014440977679
1.73,-0.012052744795923914
1.731,-0.008356697011981867
1.732,-0.0009646014440977679
1.733,-0.012052744795923914
1.734,-0.012052744795923914
1.735,-0.004660649228039817
1.736,-0.004660649228039817
1.737,0.002731446339844281
1.738,-0.019444840363808013
1.739,-0.02314088814775006
1.74,0.00642749412378633
1.741,0.013819589691670428
1.742,-0.012052744795923914
1.743,0.013819589691670428
1.744,-0.015748792579865965
1.745,-0.0009646014440977679
1.746,-0.004660649228039817
1.747,0.017515637475612477
1.748,-0.03053298371563416
1.749,-0.019444840363808013
1.75,-0.0009646014440977679
1.751,-0.02683693593169211
1.752,-0.02683693593169211
1.753,-0.008356697011981867
1.754,-0.012052744795923914
1.755,-0.0009646014440977679
1.756,0.013819589691670428
1.757,-0.008356697011981867
1.758,0.002731446339844281
1.759,-0.004660649228039817
1.76,-0.0009646014440977679
1.761,0.024907733043496576
1.762,-0.004660649228039817
1.763,-0.012052744795923914
1.764,-0.02314088814775006
1.765,0.010123541907728378
1.766,0.00642749412378633
1.767,-0.008356697011981867
1.768,-0.004660649228039817
1.769,-0.004660649228039817
1.77,-0.004660649228039817
1.771,-0.02314088814775006
1.772,-0.015748792579865965
1.773,-0.02683693593169211
1.774,0.010123541907728378
1.775,-0.012052744795923914
1.776,-0.0009646014440977679
1.777,-0.012052744795923914
1.778,-0.03053298371563416
1.779,-0.0009646014440977679
1.78,0.00642749412378633
1.781,-0.012052744795923914
1.782,0.010123541907728378
1.783,-0.015748792579865965
1.784,0.021211685259554525
1.785,-0.015748792579865965
1.786,-0.004660649228039817
1.787,-0.012052744795923914
1.788,-0.03422903149957621
1.789,-0.004660649228039817
1.79,-0.004660649228039817
1.791,-0.008356697011981867
1.792,0.00642749412378633
1.793,-0.03053298371563416
1.794,-0.008356697011981867
1.795,-0.0009646014440977679
1.796,-0.012052744795923914
1.797,0.002731446339844281
1.798,-0.012052744795923914
1.799,-0.0009646014440977679
1.8,0.002731446339844281
1.801,-0.008356697011981867
1.802,0.00642749412378633
1.803,-0.004660649228039817
1.804,-0.004660649228039817
1.805,-0.0009646014440977679
1.806,-0.03422903149957621
1.807,-0.03422903149957621
1.808,-0.012052744795923914
1.809,-0.019444840363808013
1.81,-0.012052744795923914
1.811,0.00642749412378633
1.812,-0.02314088814775006
1.813,-0.004660649228039817
1.814,-0.02683693593169211
1.815,-0.02314088814775006
1.816,-0.004660649228039817
1.817,-0.008356697011981867
1.818,-0.008356697011981867
1.819,-0.012052744795923914
1.82,-0.008356697011981867
1.821,0.013819589691670428
1.822,-0.015748792579865965
1.823,-0.012052744795923914
1.824,0.002731446339844281
1.825,-0.008356697011981867
1.826,0.00642749412378633
1.827,-0.008356697011981867
1.828,-0.008356697011981867
1.829,-0.019444840363808013
1.83,0.00642749412378633
1.831,-0.008356697011981867
1.832,-0.0009646014440977679
1.833,0.002731446339844281
1.834,-0.012052744795923914
1.835,0.002731446339844281
1.836,-0.012052744795923914
1.837,-0.008356697011981867
1.838,-0.015748792579865965
1.839,-0.03053298371563416
1.84,0.002731446339844281
1.841,-0.0009646014440977679
1.842,-0.012052744795923914
1.843,-0.015748792579865965
1.844,-0.012052744795923914
1.845,-0.012052744795923914
1.846,-0.004660649228039817
1.847,-0.012052744795923914
1.848,0.010123541907728378
1.849,-0.02683693593169211
1.85,-0.015748792579865965
1.851,0.00642749412378633
1.852,-0.008356697011981867
1.853,-0.03792507928351826
1.854,-0.004660649228039817
1.855,-0.02314088814775006
1.856,-0.0009646014440977679
1.857,-0.008356697011981867
1.858,-0.0009646014440977679
1.859,0.013819589691670428
1.86,-0.0009646014440977679
1.861,-0.0009646014440977679
1.862,0.010123541907728378
1.863,-0.012052744795923914
1.864,-0.019444840363808013
1.865,-0.012052744795923914
1.866,0.013819589691670428
1.867,-0.012052744795923914
1.868,0.002731446339844281
1.869,0.00642749412378633
1.87,0.010123541907728378
1.871,0.024907733043496576
1.872,0.002731446339844281
1.873,-0.008356697011981867
1.874,0.002731446339844281
1.875,-0.008356697011981867
1.876,-0.0009646014440977679
1.877,0.021211685259554525
1.878,-0.019444840363808013
1.879,-0.012052744795923914
1.88,-0.0009646014440977679
1.881,0.00642749412378633
1.882,0.002731446339844281
1.883,-0.012052744795923914
1.884,-0.02683693593169211
1.885,-0.012052744795923914
1.886,-0.008356697011981867
1.887,-0.02314088814775006
1.888,0.002731446339844281
1.889,-0.008356697011981867
1.89,-0.012052744795923914
1.891,-0.0009646014440977679
1.892,-0.02314088814775006
1.893,0.002731446339844281
1.894,-0.004660649228039817
1.895,-0.008356697011981867
1.896,-0.008356697011981867
1.897,-0.019444840363808013
1.898,0.002731446339844281
1.899,-0.004660649228039817
1.9,-0.004660649228039817
1.901,0.002731446339844281
1.902,-0.008356697011981867
1.903,-0.02314088814775006
1.904,-0.004660649228039817
1.905,-0.004660649228039817
1.906,-0.008356697011981867
1.907,-0.012052744795923914
1.908,0.010123541907728378
1.909,-0.008356697011981867
1.91,0.002731446339844281
1.911,-0.004660649228039817
1.912,-0.004660649228039817
1.913,-0.012052744795923914
1.914,-0.012052744795923914
1.915,-0.0009646014440977679
1.916,-0.004660649228039817
1.917,-0.019444840363808013
1.918,-0.012052744795923914
1.919,-0.004660649228039817
1.92,0.002731446339844281
1.921,-0.02314088814775006
1.922,-0.012052744795923914
1.923,-0.0009646014440977679
1.924,-0.015748792579865965
1.925,-0.0009646014440977679
1.926,-0.012052744795923914
1.927,0.021211685259554525
1.928,-0.0009646014440977679
1.929,-0.0009646014440977679
1.93,0.00642749412378633
1.931,-0.015748792579865965
1.932,-0.02683693593169211
1.933,-0.008356697011981867
1.934,-0.008356697011981867
1.935,0.00642749412378633
1.936,-0.012052744795923914
1.937,-0.004660649228039817
1.938,-0.015748792579865965
1.939,0.010123541907728378
1.94,-0.012052744795923914
1.941,-0.0009646014440977679
1.942,-0.0009646014440977679
1.943,-0.008356697011981867
1.944,0.002731446339844281
1.945,-0.008356697011981867
1.946,-0.015748792579865965
1.947,-0.004660649228039817
1.948,-0.004660649228039817
1.949,-0.012052744795923914
1.95,0.002731446339844281
1.951,-0.012052744795923914
1.952,-0.004660649228039817
1.953,0.013819589691670428
1.954,-0.02314088814775006
1.955,-0.019444840363808013
1.956,0.00642749412378633
1.957,-0.008356697011981867
1.958,-0.012052744795923914
1.959,0.002731446339844281
1.96,-0.008356697011981867
1.961,-0.008356697011981867
1.962,-0.008356697011981867
1.963,-0.012052744795923914
1.964,-0.004660649228039817
1.965,-0.015748792579865965
1.966,0.00642749412378633
1.967,-0.012052744795923914
1.968,-0.008356697011981867
1.969,0.010123541907728378
1.97,0.00642749412378633
1.971,0.010123541907728378
1.972,-0.019444840363808013
1.973,-0.004660649228039817
1.974,0.002731446339844281
1.975,-0.0009646014440977679
1.976,0.002731446339844281
1.977,-0.015748792579865965
1.978,-0.004660649228039817
1.979,-0.0009646014440977679
1.98,-0.03422903149957621
1.981,-0.015748792579865965
1.982,-0.008356697011981867
1.983,0.013819589691670428
1.984,-0.019444840363808013
1.985,-0.02683693593169211
1.986,-0.0009646014440977679
1.987,-0.015748792579865965
1.988,0.002731446339844281
1.989,-0.012052744795923914
1.99,-0.012052744795923914
1.991,-0.0009646014440977679
1.992,-0.0009646014440977679
1.993,0.013819589691670428
1.994,0.00642749412378633
1.995,0.002731446339844281
1.996,0.013819589691670428
1.997,-0.008356697011981867
1.998,-0.015748792579865965
1.999,0.002731446339844281
2.0,-0.0009646014440977679
2.001,0.010123541907728378
2.002,-0.008356697011981867
2.003,0.00642749412378633
2.004,-0.004660649228039817
2.005,0.017515637475612477
2.006,0.028603780827438623
2.007,-0.004660649228039817
2.008,0.002731446339844281
2.009,-0.0009646014440977679
2.01,0.002731446339844281
2.011,-0.015748792579865965
2.012,-0.004660649228039817
2.013,-0.008356697011981867
2.014,-0.015748792579865965
2.015,-0.02314088814775006
2.016,-0.0009646014440977679
2.017,0.002731446339844281
2.018,0.002731446339844281
2.019,-0.008356697011981867
2.02,-0.0009646014440977679
2.021,-0.004660649228039817
2.022,-0.0009646014440977679
2.023,-0.008356697011981867
2.024,-0.0009646014440977679
2.025,0.017515637475612477
2.026,-0.03422903149957621
2.027,-0.008356697011981867
2.028,-0.02683693593169211
2.029,0.002731446339844281
2.03,-0.02314088814775006
2.031,0.00642749412378633
2.032,0.002731446339844281
2.033,0.002731446339844281
2.034,0.00642749412378633
2.035,-0.019444840363808013
2.036,0.010123541907728378
2.037,0.002731446339844281
2.038,-0.02314088814775006
2.039,-0.012052744795923914
2.04,-0.012052744795923914
2.041,0.010123541907728378
2.042,-0.008356697011981867
2.043,-0.0009646014440977679
2.044,-0.019444840363808013
2.045,-0.0009646014440977679
2.046,-0.008356697011981867
2.047,-0.015748792579865965
2.048,-0.012052744795923914
2.049,-0.019444840363808013
2.05,-0.0009646014440977679
2.051,-0.012052744795923914
2.052,0.002731446339844281
2.053,-0.008356697011981867
2.054,-0.015748792579865965
2.055,-0.0009646014440977679
2.056,-0.015748792579865965
2.057,0.002731446339844281
2.058,-0.008356697011981867
2.059,-0.019444840363808013
2.06,-0.008356697011981867
2.061,-0.019444840363808013
2.062,0.013819589691670428
2.063,-0.008356697011981867
2.064,-0.012052744795923914
2.065,-0.0009646014440977679
2.066,-0.012052744795923914
2.067,-0.008356697011981867
2.068,0.010123541907728378
2.069,-0.0009646014440977679
2.07,-0.004660649228039817
2.071,-0.0009646014440977679
2.072,-0.008356697011981867
2.073,-0.02314088814775006
2.074,-0.008356697011981867
2.075,-0.015748792579865965
2.076,0.00642749412378633
2.077,0.002731446339844281
2.078,-0.008356697011981867
2.079,-0.02314088814775006
2.08,-0.0009646014440977679
2.081,0.017515637475612477
2.082,-0.008356697011981867
2.083,-0.0009646014440977679
2.084,0.010123541907728378
2.085,-0.012052744795923914
2.086,-0.008356697011981867
2.087,-0.012052744795923914
2.088,0.017515637475612477
2.089,0.017515637475612477
2.09,-0.004660649228039817
2.091,-0.015748792579865965
2.092,-0.008356697011981867
2.093,-0.0009646014440977679
2.094,-0.012052744795923914
2.095,0.017515637475612477
2.096,0.021211685259554525
2.097,-0.015748792579865965
2.098,-0.012052744795923914
2.099,0.00642749412378633
2.1,-0.012052744795923914
2.101,0.00642749412378633
2.102,-0.02314088814775006
2.103,-0.004660649228039817
2.104,0.002731446339844281
2.105,-0.008356697011981867
2.106,0.002731446339844281
2.107,-0.019444840363808013
2.108,-0.008356697011981867
2.109,-0.008356697011981867
2.11,-0.008356697011981867
2.111,-0.012052744795923914
2.112,0.010123541907728378
2.113,-0.004660649228039817
2.114,-0.0009646014440977679
2.115,0.021211685259554525
2.116,0.002731446339844281
2.117,0.010123541907728378
2.118,-0.012052744795923914
2.119,-0.019444840363808013
2.12,-0.03053298371563416
2.121,-0.012052744795923914
2.122,0.013819589691670428
2.123,-0.015748792579865965
2.124,-0.004660649228039817
2.125,-0.004660649228039817
2.126,0.017515637475612477
2.127,-0.015748792579865965
2.128,-0.02314088814775006
2.129,0.00642749412378633
2.13,-0.019444840363808013
2.131,-0.0009646014440977679
2.132,-0.019444840363808013
2.133,-0.015748792579865965
2.134,-0.019444840363808013
2.135,-0.015748792579865965
2.136,-0.015748792579865965
2.137,-0.0009646014440977679
2.138,-0.004660649228039817
2.139,0.002731446339844281
2.14,-0.0009646014440977679
2.141,0.017515637475612477
2.142,-0.004660649228039817
2.143,-0.02683693593169211
2.144,0.017515637475612477
2.145,0.010123541907728378
2.146,-0.004660649228039817
2.147,-0.004660649228039817
2.148,-0.008356697011981867
2.149,0.013819589691670428
2.15,0.002731446339844281
2.151,-0.008356697011981867
2.152,-0.008356697011981867
2.153,-0.012052744795923914
2.154,-0.004660649228039817
2.155,0.002731446339844281
2.156,-0.015748792579865965
2.157,-0.015748792579865965
2.158,-0.004660649228039817
2.159,0.013819589691670428
2.16,0.013819589691670428
2.161,0.021211685259554525
2.162,-0.02314088814775006
2.163,0.013819589691670428
2.164,-0.004660649228039817
2.165,-0.0009646014440977679
2.166,-0.015748792579865965
2.167,0.002731446339844281
2.168,-0.012052744795923914
2.169,-0.015748792579865965
2.17,-0.012052744795923914
2.171,-0.019444840363808013
2.172,0.00642749412378633
2.173,0.010123541907728378
2.174,-0.008356697011981867
2.175,0.013819589691670428
2.176,-0.008356697011981867
2.177,-0.012052744795923914
2.178,0.013819589691670428
2.179,0.010123541907728378
2.18,0.002731446339844281
2.181,-0.0009646014440977679
2.182,0.028603780827438623
2.183,-0.008356697011981867
2.184,0.002731446339844281
2.185,-0.008356697011981867
2.186,-0.019444840363808013
2.187,-0.004660649228039817
2.188,-0.008356697011981867
2.189,-0.019444840363808013
2.19,-0.019444840363808013
2.191,-0.02314088814775006
2.192,-0.004660649228039817
2.193,-0.02683693593169211
2.194,-0.015748792579865965
2.195,-0.015748792579865965
2.196,-0.004660649228039817
2.197,0.002731446339844281
2.198,0.002731446339844281
2.199,-0.008356697011981867
2.2,0.002731446339844281
2.201,0.00642749412378633
2.202,0.00642749412378633
2.203,0.002731446339844281
2.204,0.002731446339844281
2.205,-0.015748792579865965
2.206,-0.015748792579865965
2.207,0.00642749412378633
2.208,0.002731446339844281
2.209,-0.02314088814775006
2.21,-0.02314088814775006
2.211,0.010123541907728378
2.212,-0.008356697011981867
2.213,-0.012052744795923914
2.214,0.013819589691670428
2.215,-0.04162112706746031
2.216,0.010123541907728378
2.217,-0.004660649228039817
2.218,-0.008356697011981867
2.219,0.010123541907728378
2.22,-0.004660649228039817
2.221,-0.0009646014440977679
2.222,-0.008356697011981867
2.223,0.00642749412378633
2.224,0.00642749412378633
2.225,0.010123541907728378
2.226,-0.02314088814775006
2.227,-0.015748792579865965
2.228,0.00642749412378633
2.229,-0.03422903149957621
2.23,-0.019444840363808013
2.231,-0.015748792579865965
2.232,-0.008356697011981867
2.233,0.017515637475612477
2.234,-0.004660649228039817
2.235,-0.015748792579865965
2.236,0.00642749412378633
2.237,-0.03422903149957621
2.238,-0.019444840363808013
2.239,0.002731446339844281
2.24,0.017515637475612477
2.241,0.00642749412378633
2.242,-0.0009646014440977679
2.243,-0.0009646014440977679
2.244,0.00642749412378633
2.245,-0.012052744795923914
2.246,-0.019444840363808013
2.247,0.002731446339844281
2.248,-0.019444840363808013
2.249,-0.004660649228039817
2.25,0.00642749412378633
2.251,-0.015748792579865965
2.252,-0.015748792579865965
2.253,-0.008356697011981867
2.254,-0.019444840363808013
2.255,0.00642749412378633
2.256,0.017515637475612477
2.257,-0.004660649228039817
2.258,-0.008356697011981867
2.259,-0.012052744795923914
2.26,-0.03053298371563416
2.261,-0.015748792579865965
2.262,-0.004660649228039817
2.263,-0.004660649228039817
2.264,-0.008356697011981867
2.265,-0.004660649228039817
2.266,-0.004660649228039817
2.267,0.013819589691670428
2.268,-0.008356697011981867
2.269,-0.019444840363808013
2.27,-0.015748792579865965
2.271,-0.0009646014440977679
2.272,0.010123541907728378
2.273,-0.02314088814775006
2.274,-0.015748792579865965
2.275,-0.008356697011981867
2.276,-0.02314088814775006
2.277,-0.004660649228039817
2.278,-0.004660649228039817
2.279,0.021211685259554525
2.28,-0.004660649228039817
2.281,-0.019444840363808013
2.282,-0.008356697011981867
2.283,-0.015748792579865965
2.284,-0.012052744795923914
2.285,-0.008356697011981867
2.286,-0.012052744795923914
2.287,-0.012052744795923914
2.288,-0.0009646014440977679
2.289,-0.008356697011981867
2.29,-0.008356697011981867
2.291,0.017515637475612477
2.292,-0.012052744795923914
2.293,0.017515637475612477
2.294,-0.015748792579865965
2.295,0.00642749412378633
2.296,0.002731446339844281
2.297,-0.012052744795923914
2.298,0.002731446339844281
2.299,-0.008356697011981867
2.3,-0.0009646014440977679
2.301,-0.012052744795923914
2.302,-0.012052744795923914
2.303,-0.008356697011981867
2.304,-0.0009646014440977679
2.305,-0.015748792579865965
2.306,-0.008356697011981867
2.307,-0.02314088814775006
2.308,-0.015748792579865965
2.309,-0.012052744795923914
2.31,0.017515637475612477
2.311,-0.012052744795923914
2.312,-0.008356697011981867
2.313,-0.012052744795923914
2.314,-0.0009646014440977679
2.315,-0.03053298371563416
2.316,0.002731446339844281
2.317,-0.012052744795923914
2.318,-0.008356697011981867
2.319,-0.019444840363808013
2.32,0.00642749412378633
2.321,0.002731446339844281
2.322,0.00642749412378633
2.323,-0.0009646014440977679
2.324,-0.008356697011981867
2.325,-0.019444840363808013
2.326,-0.008356697011981867
2.327,-0.03053298371563416
2.328,-0.0009646014440977679
2.329,0.010123541907728378
2.33,0.002731446339844281
2.331,-0.0009646014440977679
2.332,-0.0009646014440977679
2.333,-0.02314088814775006
2.334,-0.015748792579865965
2.335,-0.008356697011981867
2.336,-0.008356697011981867
2.337,-0.02314088814775006
2.338,-0.008356697011981867
2.339,0.010123541907728378
2.34,-0.012052744795923914
2.341,-0.02683693593169211
2.342,-0.015748792579865965
2.343,0.002731446339844281
2.344,0.002731446339844281
2.345,0.00642749412378633
2.346,-0.0009646014440977679
2.347,0.00642749412378633
2.348,-0.008356697011981867
2.349,-0.015748792579865965
2.35,-0.02683693593169211
2.351,-0.02314088814775006
2.352,-0.02683693593169211
2.353,-0.008356697011981867
2.354,-0.004660649228039817
2.355,-0.012052744795923914
2.356,0.021211685259554525
2.357,-0.004660649228039817
2.358,-0.012052744795923914
2.359,-0.008356697011981867
2.36,-0.008356697011981867
2.361,0.013819589691670428
2.362,-0.0009646014440977679
2.363,-0.008356697011981867
2.364,-0.004660649228039817
2.365,0.010123541907728378
2.366,0.00642749412378633
2.367,-0.012052744795923914
2.368,-0.02314088814775006
2.369,-0.015748792579865965
2.37,-0.02683693593169211
2.371,-0.019444840363808013
2.372,-0.0009646014440977679
2.373,-0.008356697011981867
2.374,-0.019444840363808013
2.375,-0.019444840363808013
2.376,-0.0009646014440977679
2.377,0.002731446339844281
2.378,-0.02683693593169211
2.379,-0.0009646014440977679
2.38,-0.015748792579865965
2.381,-0.008356697011981867
2.382,-0.008356697011981867
2.383,-0.012052744795923914
2.384,-0.012052744795923914
2.385,0.021211685259554525
2.386,-0.02314088814775006
2.387,-0.008356697011981867
2.388,-0.019444840363808013
2.389,-0.02683693593169211
2.39,-0.004660649228039817
2.391,-0.0009646014440977679
2.392,0.021211685259554525
2.393,0.010123541907728378
2.394,0.00642749412378633
2.395,-0.008356697011981867
2.396,-0.012052744795923914
2.397,-0.008356697011981867
2.398,-0.008356697011981867
2.399,0.002731446339844281
2.4,0.017515637475612477
2.401,-0.008356697011981867
2.402,0.002731446339844281
2.403,-0.019444840363808013
2.404,0.013819589691670428
2.405,-0.012052744795923914
2.406,0.017515637475612477
2.407,0.002731446339844281
2.408,-0.004660649228039817
2.409,-0.019444840363808013
2.41,-0.0009646014440977679
2.411,-0.004660649228039817
2.412,-0.0009646014440977679
2.413,-0.015748792579865965
2.414,-0.008356697011981867
2.415,-0.004660649228039817
2.416,0.021211685259554525
2.417,-0.0009646014440977679
2.418,-0.004660649228039817
2.419,-0.004660649228039817
2.42,-0.008356697011981867
2.421,-0.012052744795923914
2.422,0.002731446339844281
2.423,0.002731446339844281
2.424,-0.008356697011981867
2.425,-0.0009646014440977679
2.426,-0.015748792579865965
2.427,-0.02683693593169211
2.428,0.002731446339844281
2.429,0.010123541907728378
2.43,-0.03792507928351826
2.431,-0.015748792579865965
2.432,-0.015748792579865965
2.433,-0.019444840363808013
2.434,-0.0009646014440977679
2.435,0.002731446339844281
2.436,-0.02683693593169211
2.437,-0.0009646014440977679
2.438,-0.0009646014440977679
2.439,-0.012052744795923914
2.44,-0.015748792579865965
2.441,-0.02683693593169211
2.442,-0.015748792579865965
2.443,-0.0009646014440977679
2.444,-0.03422903149957621
2.445,0.002731446339844281
2.446,0.002731446339844281
2.447,-0.015748792579865965
2.448,-0.019444840363808013
2.449,-0.02314088814775006
2.45,0.013819589691670428
2.451,0.002731446339844281
2.452,-0.0009646014440977679
2.453,0.002731446339844281
2.454,-0.008356697011981867
2.455,0.002731446339844281
2.456,-0.012052744795923914
2.457,-0.0009646014440977679
2.458,-0.004660649228039817
2.459,-0.012052744795923914
2.46,-0.0009646014440977679
2.461,0.010123541907728378
2.462,-0.008356697011981867
2.463,0.00642749412378633
2.464,-0.008356697011981867
2.465,-0.008356697011981867
2.466,-0.0009646014440977679
2.467,0.002731446339844281
2.468,0.002731446339844281
2.469,-0.008356697011981867
2.47,-0.008356697011981867
2.471,-0.012052744795923914
2.472,-0.015748792579865965
2.473,-0.008356697011981867
2.474,0.00642749412378633
2.475,-0.004660649228039817
2.476,-0.0009646014440977679
2.477,-0.004660649228039817
2.478,-0.012052744795923914
2.479,0.002731446339844281
2.48,0.00642749412378633
2.481,-0.0009646014440977679
2.482,0.017515637475612477
2.483,-0.008356697011981867
2.484,-0.03053298371563416
2.485,-0.012052744795923914
2.486,-0.004660649228039817
2.487,-0.012052744795923914
2.488,-0.004660649228039817
2.489,-0.0009646014440977679
2.49,-0.008356697011981867
2.491,-0.008356697011981867
2.492,0.00642749412378633
2.493,-0.0009646014440977679
2.494,0.00642749412378633
2.495,-0.0009646014440977679
2.496,-0.019444840363808013
2.497,-0.015748792579865965
2.498,-0.0009646014440977679
2.499,-0.03053298371563416
2.5,-0.004660649228039817
2.501,0.002731446339844281
2.502,-0.015748792579865965
2.503,-0.02314088814775006
2.504,-0.004660649228039817
2.505,-0.015748792579865965
2.506,-0.004660649228039817
2.507,-0.008356697011981867
2.508,0.002731446339844281
2.509,0.00642749412378633
2.51,-0.004660649228039817
2.511,-0.004660649228039817
2.512,-0.008356697011981867
2.513,0.00642749412378633
2.514,-0.004660649228039817
2.515,-0.012052744795923914
2.516,-0.019444840363808013
2.517,-0.004660649228039817
2.518,-0.02683693593169211
2.519,-0.012052744795923914
2.52,-0.004660649228039817
2.521,-0.015748792579865965
2.522,-0.0009646014440977679
2.523,-0.008356697011981867
2.524,-0.004660649228039817
2.525,-0.008356697011981867
2.526,-0.0009646014440977679
2.527,-0.012052744795923914
2.528,0.00642749412378633
2.529,-0.0009646014440977679
2.53,-0.0009646014440977679
2.531,0.010123541907728378
2.532,-0.012052744795923914
2.533,-0.0009646014440977679
2.534,-0.012052744795923914
2.535,0.00642749412378633
2.536,-0.004660649228039817
2.537,0.010123541907728378
2.538,-0.004660649228039817
2.539,-0.019444840363808013
2.54,0.002731446339844281
2.541,-0.008356697011981867
2.542,-0.012052744795923914
2.543,-0.012052744795923914
2.544,-0.004660649228039817
2.545,-0.008356697011981867
2.546,0.00642749412378633
2.547,-0.02314088814775006
2.548,-0.004660649228039817
2.549,-0.008356697011981867
2.55,-0.02314088814775006
2.551,-0.02683693593169211
2.552,0.002731446339844281
2.553,-0.008356697011981867
2.554,0.00642749412378633
2.555,0.002731446339844281
2.556,-0.008356697011981867
2.557,-0.004660649228039817
2.558,-0.0009646014440977679
2.559,-0.008356697011981867
2.56,-0.008356697011981867
2.561,-0.008356697011981867
2.562,0.024907733043496576
2.563,-0.019444840363808013
2.564,-0.015748792579865965
2.565,-0.015748792579865965
2.566,0.002731446339844281
2.567,-0.0009646014440977679
2.568,-0.008356697011981867
2.569,-0.015748792579865965
2.57,-0.004660649228039817
2.571,-0.012052744795923914
2.572,-0.008356697011981867
2.573,-0.0009646014440977679
2.574,-0.008356697011981867
2.575,-0.012052744795923914
2.576,-0.02683693593169211
2.577,0.002731446339844281
2.578,-0.02683693593169211
2.579,0.00642749412378633
2.58,-0.004660649228039817
2.581,0.017515637475612477
2.582,-0.02683693593169211
2.583,-0.008356697011981867
2.584,0.00642749412378633
2.585,-0.015748792579865965
2.586,-0.019444840363808013
2.587,-0.008356697011981867
2.588,-0.015748792579865965
2.589,0.013819589691670428
2.59,-0.015748792579865965
2.591,0.013819589691670428
2.592,-0.019444840363808013
2.593,-0.015748792579865965
2.594,0.00642749412378633
2.595,-0.012052744795923914
2.596,-0.02314088814775006
2.597,-0.02314088814775006
2.598,0.010123541907728378
2.599,0.00642749412378633
2.6,-0.03422903149957621
2.601,-0.004660649228039817
2.602,-0.019444840363808013
2.603,-0.004660649228039817
2.604,-0.0009646014440977679
2.605,-0.015748792579865965
2.606,-0.008356697011981867
2.607,-0.015748792579865965
2.608,-0.015748792579865965
2.609,-0.012052744795923914
2.61,-0.019444840363808013
2.611,-0.008356697011981867
2.612,-0.03053298371563416
2.613,-0.015748792579865965
2.614,-0.004660649228039817
2.615,-0.008356697011981867
2.616,-0.012052744795923914
2.617,-0.008356697011981867
2.618,-0.008356697011981867
2.619,-0.019444840363808013
2.62,-0.015748792579865965
2.621,-0.012052744795923914
2.622,-0.02314088814775006
2.623,-0.012052744795923914
2.624,-0.02314088814775006
2.625,-0.012052744795923914
2.626,-0.008356697011981867
2.627,0.002731446339844281
2.628,-0.015748792579865965
2.629,-0.004660649228039817
2.63,-0.004660649228039817
2.631,-0.012052744795923914
2.632,0.002731446339844281
2.633,-0.008356697011981867
2.634,-0.012052744795923914
2.635,-0.019444840363808013
2.636,0.021211685259554525
2.637,-0.015748792579865965
2.638,-0.0009646014440977679
2.639,-0.012052744795923914
2.64,-0.0009646014440977679
2.641,-0.008356697011981867
2.642,0.002731446339844281
2.643,-0.015748792579865965
2.644,0.002731446339844281
2.645,-0.0009646014440977679
2.646,-0.019444840363808013
2.647,-0.0009646014440977679
2.648,-0.012052744795923914
2.649,-0.012052744795923914
2.65,-0.012052744795923914
2.651,-0.008356697011981867
2.652,0.00642749412378633
2.653,-0.004660649228039817
2.654,-0.015748792579865965
2.655,-0.0009646014440977679
2.656,0.010123541907728378
2.657,-0.019444840363808013
2.658,0.002731446339844281
2.659,-0.03053298371563416
2.66,-0.008356697011981867
2.661,-0.019444840363808013
2.662,-0.015748792579865965
2.663,-0.004660649228039817
2.664,-0.012052744795923914
2.665,-0.0009646014440977679
2.666,-0.02314088814775006
2.667,-0.012052744795923914
2.668,-0.004660649228039817
2.669,-0.015748792579865965
2.67,-0.008356697011981867
2.671,-0.02314088814775006
2.672,-0.019444840363808013
2.673,-0.0009646014440977679
2.674,0.010123541907728378
2.675,0.002731446339844281
2.676,0.017515637475612477
2.677,-0.0009646014440977679
2.678,0.002731446339844281
2.679,-0.004660649228039817
2.68,-0.004660649228039817
2.681,-0.015748792579865965
2.682,-0.008356697011981867
2.683,-0.019444840363808013
2.684,-0.004660649228039817
2.685,-0.008356697011981867
2.686,-0.004660649228039817
2.687,0.002731446339844281
2.688,-0.03053298371563416
2.689,0.002731446339844281
2.69,-0.008356697011981867
2.691,-0.0009646014440977679
2.692,0.010123541907728378
2.693,-0.008356697011981867
2.694,-0.012052744795923914
2.695,0.002731446339844281
2.696,-0.0009646014440977679
2.697,-0.012052744795923914
2.698,-0.008356697011981867
2.699,-0.008356697011981867
2.7,-0.0009646014440977679
2.701,0.010123541907728378
2.702,-0.03792507928351826
2.703,0.00642749412378633
2.704,-0.012052744795923914
2.705,-0.019444840363808013
2.706,-0.015748792579865965
2.707,0.002731446339844281
2.708,0.00642749412378633
2.709,0.002731446339844281
2.71,-0.03053298371563416
2.711,-0.015748792579865965
2.712,0.002731446339844281
2.713,-0.004660649228039817
2.714,-0.0009646014440977679
2.715,-0.0009646014440977679
2.716,-0.008356697011981867
2.717,-0.03792507928351826
2.718,-0.015748792579865965
2.719,0.002731446339844281
2.72,-0.015748792579865965
2.721,0.017515637475612477
2.722,-0.015748792579865965
2.723,-0.004660649228039817
2.724,-0.03053298371563416
2.725,-0.0009646014440977679
2.726,-0.02683693593169211
2.727,-0.02683693593169211
2.728,-0.008356697011981867
2.729,-0.012052744795923914
2.73,0.002731446339844281
2.731,-0.015748792579865965
2.732,-0.008356697011981867
2.733,-0.008356697011981867
2.734,-0.004660649228039817
2.735,-0.008356697011981867
2.736,-0.02314088814775006
2.737,-0.008356697011981867
2.738,-0.012052744795923914
2.739,-0.0009646014440977679
2.74,-0.0009646014440977679
2.741,-0.004660649228039817
2.742,-0.02314088814775006
2.743,0.002731446339844281
2.744,-0.02314088814775006
2.745,-0.0009646014440977679
2.746,-0.0009646014440977679
2.747,-0.008356697011981867
2.748,-0.015748792579865965
2.749,-0.019444840363808013
2.75,0.017515637475612477
2.751,-0.0009646014440977679
2.752,-0.0009646014440977679
2.753,-0.02314088814775006
2.754,-0.019444840363808013
2.755,0.002731446339844281
2.756,-0.012052744795923914
2.757,-0.008356697011981867
2.758,-0.019444840363808013
2.759,-0.0009646014440977679
2.76,0.002731446339844281
2.761,-0.015748792579865965
2.762,-0.012052744795923914
2.763,-0.008356697011981867
2.764,-0.0009646014440977679
2.765,-0.012052744795923914
2.766,-0.019444840363808013
2.767,-0.0009646014440977679
2.768,0.002731446339844281
2.769,0.00642749412378633
2.77,0.010123541907728378
2.771,-0.008356697011981867
2.772,-0.0009646014440977679
2.773,0.024907733043496576
2.774,0.00642749412378633
2.775,-0.02683693593169211
2.776,-0.012052744795923914
2.777,-0.008356697011981867
2.778,-0.03422903149957621
2.779,-0.004660649228039817
2.78,-0.004660649228039817
2.781,-0.015748792579865965
2.782,-0.004660649228039817
2.783,-0.012052744795923914
2.784,-0.012052744795923914
2.785,-0.02314088814775006
2.786,-0.004660649228039817
2.787,-0.0009646014440977679
2.788,-0.008356697011981867
2.789,-0.02314088814775006
2.79,0.00642749412378633
2.791,-0.019444840363808013
2.792,-0.008356697011981867
2.793,-0.0009646014440977679
2.794,-0.0009646014440977679
2.795,-0.004660649228039817
2.796,-0.0009646014440977679
2.797,-0.0009646014440977679
2.798,-0.004660649228039817
2.799,-0.015748792579865965
2.8,-0.015748792579865965
2.801,-0.008356697011981867
2.802,-0.02314088814775006
2.803,0.00642749412378633
2.804,-0.012052744795923914
2.805,-0.004660649228039817
2.806,0.010123541907728378
2.807,-0.0009646014440977679
2.808,-0.0009646014440977679
2.809,-0.012052744795923914
2.81,0.002731446339844281
2.811,0.002731446339844281
2.812,-0.012052744795923914
2.813,-0.012052744795923914
2.814,-0.0009646014440977679
2.815,-0.004660649228039817
2.816,-0.004660649228039817
2.817,-0.04162112706746031
2.818,-0.008356697011981867
2.819,-0.015748792579865965
2.82,-0.004660649228039817
2.821,-0.03792507928351826
2.822,0.002731446339844281
2.823,0.002731446339844281
2.824,-0.0009646014440977679
2.825,0.017515637475612477
2.826,-0.008356697011981867
2.827,-0.008356697011981867
2.828,-0.008356697011981867
2.829,-0.012052744795923914
2.83,-0.0009646014440977679
2.831,-0.008356697011981867
2.832,-0.03053298371563416
2.833,-0.015748792579865965
2.834,-0.0009646014440977679
2.835,-0.012052744795923914
2.836,-0.012052744795923914
2.837,-0.0009646014440977679
2.838,-0.004660649228039817
2.839,0.00642749412378633
2.84,0.010123541907728378
2.841,-0.0009646014440977679
2.842,0.013819589691670428
2.843,-0.015748792579865965
2.844,-0.008356697011981867
2.845,0.002731446339844281
2.846,-0.012052744795923914
2.847,0.013819589691670428
2.848,-0.015748792579865965
2.849,-0.015748792579865965
2.85,-0.004660649228039817
2.851,-0.004660649228039817
2.852,0.024907733043496576
2.853,-0.019444840363808013
2.854,-0.008356697011981867
2.855,-0.012052744795923914
2.856,0.00642749412378633
2.857,0.002731446339844281
2.858,-0.008356697011981867
2.859,-0.012052744795923914
2.86,-0.015748792579865965
2.861,-0.02683693593169211
2.862,0.002731446339844281
2.863,-0.03053298371563416
2.864,-0.02683693593169211
2.865,0.002731446339844281
2.866,-0.012052744795923914
2.867,0.00642749412378633
2.868,-0.02314088814775006
2.869,-0.004660649228039817
2.87,-0.012052744795923914
2.871,-0.008356697011981867
2.872,0.013819589691670428
2.873,-0.012052744795923914
2.874,-0.02683693593169211
2.875,0.010123541907728378
2.876,-0.0009646014440977679
2.877,0.013819589691670428
2.878,0.002731446339844281
2.879,-0.0009646014440977679
2.88,-0.004660649228039817
2.881,-0.008356697011981867
2.882,-0.012052744795923914
2.883,0.00642749412378633
2.884,-0.015748792579865965
2.885,-0.02314088814775006
2.886,-0.019444840363808013
2.887,-0.015748792579865965
2.888,-0.015748792579865965
2.889,0.010123541907728378
2.89,-0.012052744795923914
2.891,-0.008356697011981867
2.892,0.002731446339844281
2.893,-0.008356697011981867
2.894,-0.015748792579865965
2.895,0.010123541907728378
2.896,-0.012052744795923914
2.897,-0.0009646014440977679
2.898,-0.0009646014440977679
2.899,-0.012052744795923914
2.9,-0.03422903149957621
2.901,0.002731446339844281
2.902,-0.0009646014440977679
2.903,-0.015748792579865965
2.904,0.028603780827438623
2.905,-0.008356697011981867
2.906,-0.008356697011981867
2.907,-0.004660649228039817
2.908,-0.012052744795923914
2.909,-0.004660649228039817
2.91,-0.008356697011981867
2.911,0.002731446339844281
2.912,-0.008356697011981867
2.913,0.00642749412378633
2.914,-0.008356697011981867
2.915,-0.004660649228039817
2.916,-0.012052744795923914
2.917,-0.015748792579865965
2.918,-0.0009646014440977679
2.919,0.00642749412378633
2.92,-0.004660649228039817
2.921,-0.015748792579865965
2.922,-0.0009646014440977679
2.923,0.00642749412378633
2.924,0.017515637475612477
2.925,-0.012052744795923914
2.926,-0.015748792579865965
2.927,-0.0009646014440977679
2.928,-0.012052744795923914
2.929,0.017515637475612477
2.93,-0.008356697011981867
2.931,-0.008356697011981867
2.932,0.013819589691670428
2.933,-0.03422903149957621
2.934,-0.012052744795923914
2.935,-0.0009646014440977679
2.936,-0.015748792579865965
2.937,-0.02683693593169211
2.938,-0.012052744795923914
2.939,-0.0009646014440977679
2.94,0.010123541907728378
2.941,-0.015748792579865965
2.942,-0.015748792579865965
2.943,-0.008356697011981867
2.944,0.00642749412378633
2.945,0.002731446339844281
2.946,-0.004660649228039817
2.947,-0.008356697011981867
2.948,-0.0009646014440977679
2.949,-0.0009646014440977679
2.95,0.00642749412378633
2.951,-0.008356697011981867
2.952,-0.008356697011981867
2.953,-0.019444840363808013
2.954,-0.008356697011981867
2.955,0.002731446339844281
2.956,-0.0009646014440977679
2.957,-0.03053298371563416
2.958,-0.02683693593169211
2.959,-0.008356697011981867
2.96,0.00642749412378633
2.961,-0.008356697011981867
2.962,-0.015748792579865965
2.963,0.002731446339844281
2.964,0.002731446339844281
2.965,-0.008356697011981867
2.966,-0.008356697011981867
2.967,-0.019444840363808013
2.968,-0.008356697011981867
2.969,0.013819589691670428
2.97,-0.012052744795923914
2.971,-0.008356697011981867
2.972,-0.02683693593169211
2.973,0.002731446339844281
2.974,0.013819589691670428
2.975,-0.0009646014440977679
2.976,-0.0009646014440977679
2.977,-0.03053298371563416
2.978,-0.004660649228039817
2.979,-0.02683693593169211
2.98,0.002731446339844281
2.981,-0.004660649228039817
2.982,0.002731446339844281
2.983,-0.0009646014440977679
2.984,-0.0009646014440977679
2.985,-0.012052744795923914
2.986,-0.015748792579865965
2.987,-0.008356697011981867
2.988,-0.015748792579865965
2.989,-0.015748792579865965
2.99,0.010123541907728378
2.991,-0.012052744795923914
2.992,0.002731446339844281
2.993,-0.008356697011981867
2.994,0.002731446339844281
2.995,0.002731446339844281
2.996,-0.019444840363808013
2.997,-0.008356697011981867
2.998,0.002731446339844281
2.999,0.013819589691670428
3.0,0.002731446339844281
3.001,0.002731446339844281
3.002,0.002731446339844281
3.003,-0.008356697011981867
3.004,-0.012052744795923914
3.005,-0.0009646014440977679
3.006,-0.004660649228039817
3.007,-0.004660649228039817
3.008,-0.008356697011981867
3.009,-0.0009646014440977679
3.01,-0.02314088814775006
3.011,-0.0009646014440977679
3.012,0.013819589691670428
3.013,-0.03422903149957621
3.014,-0.004660649228039817
3.015,-0.015748792579865965
3.016,0.010123541907728378
3.017,0.00642749412378633
3.018,-0.0009646014440977679
3.019,-0.0009646014440977679
3.02,-0.004660649228039817
3.021,-0.008356697011981867
3.022,0.00642749412378633
3.023,-0.02314088814775006
3.024,-0.008356697011981867
3.025,0.013819589691670428
3.026,-0.012052744795923914
3.027,-0.004660649228039817
3.028,-0.004660649228039817
3.029,-0.012052744795923914
3.03,-0.02314088814775006
3.031,-0.02314088814775006
3.032,-0.015748792579865965
3.033,-0.02683693593169211
3.034,-0.0009646014440977679
3.035,0.00642749412378633
3.036,0.002731446339844281
3.037,-0.0009646014440977679
3.038,-0.008356697011981867
3.039,-0.015748792579865965
3.04,-0.02683693593169211
3.041,-0.004660649228039817
3.042,-0.0009646014440977679
3.043,-0.004660649228039817
3.044,-0.02314088814775006
3.045,-0.0009646014440977679
3.046,-0.012052744795923914
3.047,-0.008356697011981867
3.048,-0.004660649228039817
3.049,-0.0009646014440977679
3.05,0.010123541907728378
3.051,-0.0009646014440977679
3.052,-0.004660649228039817
3.053,-0.012052744795923914
3.054,-0.019444840363808013
3.055,-0.0009646014440977679
3.056,-0.0009646014440977679
3.057,0.028603780827438623
3.058,-0.019444840363808013
3.059,-0.008356697011981867
3.06,0.00642749412378633
3.061,-0.008356697011981867
3.062,-0.012052744795923914
3.063,-0.02314088814775006
3.064,0.00642749412378633
3.065,-0.019444840363808013
3.066,-0.03053298371563416
3.067,-0.02314088814775006
3.068,-0.015748792579865965
3.069,-0.0009646014440977679
3.07,-0.008356697011981867
3.071,0.002731446339844281
3.072,-0.008356697011981867
3.073,0.00642749412378633
3.074,-0.0009646014440977679
3.075,0.024907733043496576
3.076,-0.02314088814775006
3.077,-0.004660649228039817
3.078,-0.019444840363808013
3.079,-0.012052744795923914
3.08,-0.004660649228039817
3.081,-0.015748792579865965
3.082,-0.0009646014440977679
3.083,-0.02314088814775006
3.084,-0.004660649228039817
3.085,-0.008356697011981867
3.086,0.00642749412378633
3.087,-0.012052744795923914
3.088,-0.015748792579865965
3.089,-0.019444840363808013
3.09,-0.004660649228039817
3.091,-0.012052744795923914
3.092,-0.0009646014440977679
3.093,-0.004660649228039817
3.094,-0.019444840363808013
3.095,0.00642749412378633
3.096,0.002731446339844281
3.097,-0.0009646014440977679
3.098,0.002731446339844281
3.099,0.002731446339844281
3.1,-0.012052744795923914
3.101,-0.004660649228039817
3.102,0.010123541907728378
3.103,-0.03422903149957621
3.104,-0.008356697011981867
3.105,0.010123541907728378
3.106,0.010123541907728378
3.107,-0.008356697011981867
3.108,-0.008356697011981867
3.109,0.002731446339844281
3.11,0.002731446339844281
3.111,-0.004660649228039817
3.112,0.002731446339844281
3.113,-0.02314088814775006
3.114,0.013819589691670428
3.115,0.010123541907728378
3.116,-0.012052744795923914
3.117,-0.0009646014440977679
3.118,-0.012052744795923914
3.119,-0.012052744795923914
3.12,-0.0009646014440977679
3.121,0.013819589691670428
3.122,-0.008356697011981867
3.123,-0.004660649228039817
3.124,-0.02314088814775006
3.125,0.00642749412378633
3.126,0.013819589691670428
3.127,0.021211685259554525
3.128,-0.012052744795923914
3.129,-0.0009646014440977679
3.13,-0.004660649228039817
3.131,-0.019444840363808013
3.132,-0.008356697011981867
3.133,0.002731446339844281
3.134,-0.012052744795923914
3.135,-0.008356697011981867
3.136,-0.008356697011981867
3.137,-0.03053298371563416
3.138,-0.015748792579865965
3.139,-0.0009646014440977679
3.14,-0.015748792579865965
3.141,0.010123541907728378
3.142,-0.008356697011981867
3.143,-0.008356697011981867
3.144,0.010123541907728378
3.145,-0.012052744795923914
3.146,-0.03053298371563416
3.147,0.013819589691670428
3.148,0.00642749412378633
3.149,0.002731446339844281
3.15,-0.012052744795923914
3.151,-0.0009646014440977679
3.152,-0.008356697011981867
3.153,-0.004660649228039817
3.154,-0.008356697011981867
3.155,0.002731446339844281
3.156,-0.008356697011981867
3.157,-0.012052744795923914
3.158,-0.0009646014440977679
3.159,-0.008356697011981867
3.16,-0.012052744795923914
3.161,-0.0009646014440977679
3.162,0.010123541907728378
3.163,-0.012052744795923914
3.164,-0.004660649228039817
3.165,-0.019444840363808013
3.166,-0.0009646014440977679
3.167,-0.015748792579865965
3.168,0.00642749412378633
3.169,-0.004660649228039817
3.17,-0.019444840363808013
3.171,-0.008356697011981867
3.172,0.017515637475612477
3.173,-0.0009646014440977679
3.174,0.002731446339844281
3.175,0.010123541907728378
3.176,-0.015748792579865965
3.177,-0.019444840363808013
3.178,0.010123541907728378
3.179,0.00642749412378633
3.18,-0.004660649228039817
3.181,-0.0009646014440977679
3.182,-0.0009646014440977679
3.183,0.002731446339844281
3.184,-0.019444840363808013
3.185,-0.004660649228039817
3.186,-0.019444840363808013
3.187,-0.02314088814775006
3.188,0.017515637475612477
3.189,-0.0009646014440977679
3.19,0.002731446339844281
3.191,-0.004660649228039817
3.192,-0.019444840363808013
3.193,-0.012052744795923914
3.194,0.00642749412378633
3.195,-0.012052744795923914
3.196,0.017515637475612477
3.197,-0.004660649228039817
3.198,-0.004660649228039817
3.199,-0.004660649228039817
3.2,-0.004660649228039817
3.201,-0.0009646014440977679
3.202,0.00642749412378633
3.203,-0.02314088814775006
3.204,0.002731446339844281
3.205,0.010123541907728378
3.206,-0.0009646014440977679
3.207,-0.015748792579865965
3.208,-0.004660649228039817
3.209,-0.0009646014440977679
3.21,-0.02683693593169211
3.211,-0.019444840363808013
3.212,-0.008356697011981867
3.213,-0.015748792579865965
3.214,-0.03053298371563416
3.215,-0.02683693593169211
3.216,-0.015748792579865965
3.217,-0.008356697011981867
3.218,0.00642749412378633
3.219,-0.0009646014440977679
3.22,-0.02683693593169211
3.221,0.021211685259554525
3.222,-0.02314088814775006
3.223,0.00642749412378633
3.224,0.00642749412378633
3.225,0.00642749412378633
3.226,0.002731446339844281
3.227,0.00642749412378633
3.228,-0.0009646014440977679
3.229,-0.012052744795923914
3.23,-0.019444840363808013
3.231,-0.012052744795923914
3.232,-0.004660649228039817
3.233,-0.012052744795923914
3.234,0.002731446339844281
3.235,0.017515637475612477
3.236,-0.012052744795923914
3.237,0.00642749412378633
3.238,-0.008356697011981867
3.239,-0.03053298371563416
3.24,-0.0009646014440977679
3.241,-0.015748792579865965
3.242,0.00642749412378633
3.243,-0.015748792579865965
3.244,-0.015748792579865965
3.245,-0.02314088814775006
3.246,0.021211685259554525
3.247,-0.015748792579865965
3.248,0.024907733043496576
3.249,-0.03792507928351826
3.25,-0.004660649228039817
3.251,-0.0009646014440977679
3.252,0.00642749412378633
3.253,-0.0009646014440977679
3.254,0.002731446339844281
3.255,-0.0009646014440977679
3.256,-0.012052744795923914
3.257,-0.02683693593169211
3.258,-0.03792507928351826
3.259,0.002731446339844281
3.26,-0.012052744795923914
3.261,0.002731446339844281
3.262,-0.012052744795923914
3.263,0.010123541907728378
3.264,-0.015748792579865965
3.265,-0.008356697011981867
3.266,-0.019444840363808013
3.267,-0.004660649228039817
3.268,-0.004660649228039817
3.269,-0.004660649228039817
3.27,-0.004660649228039817
3.271,0.002731446339844281
3.272,0.00642749412378633
3.273,-0.012052744795923914
3.274,-0.03053298371563416
3.275,-0.0009646014440977679
3.276,-0.008356697011981867
3.277,-0.012052744795923914
3.278,-0.012052744795923914
3.279,-0.015748792579865965
3.28,-0.015748792579865965
3.281,-0.019444840363808013
3.282,-0.012052744795923914
3.283,-0.02683693593169211
3.284,0.00642749412378633
3.285,0.002731446339844281
3.286,-0.008356697011981867
3.287,-0.008356697011981867
3.288,-0.019444840363808013
3.289,-0.004660649228039817
3.29,-0.012052744795923914
3.291,-0.02314088814775006
3.292,-0.012052744795923914
3.293,0.017515637475612477
3.294,-0.019444840363808013
3.295,0.013819589691670428
3.296,-0.008356697011981867
3.297,0.002731446339844281
3.298,-0.019444840363808013
3.299,-0.012052744795923914
3.3,0.010123541907728378
3.301,-0.008356697011981867
3.302,0.028603780827438623
3.303,-0.004660649228039817
3.304,0.002731446339844281
3.305,0.021211685259554525
3.306,-0.02314088814775006
3.307,0.028603780827438623
3.308,-0.004660649228039817
3.309,-0.015748792579865965
3.31,-0.019444840363808013
3.311,-0.012052744795923914
3.312,-0.004660649228039817
3.313,-0.0009646014440977679
3.314,-0.004660649228039817
3.315,-0.004660649228039817
3.316,-0.03053298371563416
3.317,0.002731446339844281
3.318,-0.02314088814775006
3.319,-0.008356697011981867
3.32,-0.012052744795923914
3.321,-0.012052744795923914
3.322,-0.004660649228039817
3.323,-0.012052744795923914
3.324,0.002731446339844281
3.325,-0.02314088814775006
3.326,-0.004660649228039817
3.327,0.002731446339844281
3.328,-0.02683693593169211
3.329,0.002731446339844281
3.33,-0.015748792579865965
3.331,-0.008356697011981867
3.332,-0.015748792579865965
3.333,0.00642749412378633
3.334,-0.019444840363808013
3.335,-0.004660649228039817
3.336,-0.0009646014440977679
3.337,0.013819589691670428
3.338,-0.004660649228039817
3.339,-0.008356697011981867
3.34,0.017515637475612477
3.341,-0.008356697011981867
3.342,-0.004660649228039817
3.343,-0.008356697011981867
3.344,0.002731446339844281
3.345,-0.03422903149957621
3.346,0.024907733043496576
3.347,-0.012052744795923914
3.348,-0.012052744795923914
3.349,-0.008356697011981867
3.35,-0.012052744795923914
3.351,-0.019444840363808013
3.352,-0.019444840363808013
3.353,0.002731446339844281
3.354,-0.012052744795923914
3.355,-0.012052744795923914
3.356,-0.004660649228039817
3.357,0.00642749412378633
3.358,-0.03053298371563416
3.359,-0.019444840363808013
3.36,-0.008356697011981867
3.361,-0.012052744795923914
3.362,-0.012052744795923914
3.363,0.013819589691670428
3.364,-0.008356697011981867
3.365,0.010123541907728378
3.366,0.00642749412378633
3.367,0.002731446339844281
3.368,-0.008356697011981867
3.369,0.017515637475612477
3.37,-0.015748792579865965
3.371,-0.012052744795923914
3.372,0.002731446339844281
3.373,0.00642749412378633
3.374,-0.019444840363808013
3.375,-0.019444840363808013
3.376,-0.03422903149957621
3.377,-0.008356697011981867
3.378,-0.019444840363808013
3.379,0.00642749412378633
3.38,-0.004660649228039817
3.381,-0.015748792579865965
3.382,0.010123541907728378
3.383,-0.03053298371563416
3.384,-0.012052744795923914
3.385,-0.015748792579865965
3.386,0.010123541907728378
3.387,-0.012052744795923914
3.388,-0.008356697011981867
3.389,-0.012052744795923914
3.39,0.028603780827438623
3.391,-0.008356697011981867
3.392,-0.012052744795923914
3.393,-0.004660649228039817
3.394,-0.019444840363808013
3.395,-0.0009646014440977679
3.396,-0.008356697011981867
3.397,-0.019444840363808013
3.398,-0.0009646014440977679
3.399,0.002731446339844281
3.4,0.00642749412378633
3.401,0.002731446339844281
3.402,-0.02314088814775006
3.403,-0.012052744795923914
3.404,-0.008356697011981867
3.405,-0.02683693593169211
3.406,-0.0009646014440977679
3.407,-0.012052744795923914
3.408,0.002731446339844281
3.409,-0.004660649228039817
3.41,0.010123541907728378
3.411,0.017515637475612477
3.412,0.002731446339844281
3.413,-0.004660649228039817
3.414,-0.004660649228039817
3.415,-0.0009646014440977679
3.416,-0.019444840363808013
3.417,-0.02314088814775006
3.418,-0.03053298371563416
3.419,-0.004660649228039817
3.42,0.017515637475612477
3.421,-0.0009646014440977679
3.422,0.024907733043496576
3.423,-0.0009646014440977679
3.424,0.002731446339844281
3.425,-0.019444840363808013
3.426,0.002731446339844281
3.427,-0.008356697011981867
3.428,-0.012052744795923914
3.429,0.00642749412378633
3.43,-0.008356697011981867
3.431,-0.019444840363808013
3.432,-0.0009646014440977679
3.433,-0.008356697011981867
3.434,0.002731446339844281
3.435,-0.0009646014440977679
3.436,-0.004660649228039817
3.437,-0.0009646014440977679
3.438,-0.012052744795923914
3.439,-0.02683693593169211
3.44,0.00642749412378633
3.441,-0.012052744795923914
3.442,-0.019444840363808013
3.443,-0.008356697011981867
3.444,-0.008356697011981867
3.445,-0.004660649228039817
3.446,-0.03422903149957621
3.447,-0.004660649228039817
3.448,-0.019444840363808013
3.449,-0.008356697011981867
3.45,-0.004660649228039817
3.451,-0.004660649228039817
3.452,-0.019444840363808013
3.453,0.010123541907728378
3.454,-0.012052744795923914
3.455,0.00642749412378633
3.456,-0.0009646014440977679
3.457,0.00642749412378633
3.458,-0.012052744795923914
3.459,-0.008356697011981867
3.46,-0.004660649228039817
3.461,-0.03053298371563416
3.462,-0.012052744795923914
3.463,0.002731446339844281
3.464,-0.004660649228039817
3.465,0.002731446339844281
3.466,0.021211685259554525
3.467,0.013819589691670428
3.468,0.00642749412378633
3.469,-0.008356697011981867
3.47,-0.02314088814775006
3.471,-0.015748792579865965
3.472,-0.0009646014440977679
3.473,-0.012052744795923914
3.474,-0.008356697011981867
3.475,-0.008356697011981867
3.476,-0.004660649228039817
3.477,-0.0009646014440977679
3.478,0.00642749412378633
3.479,-0.015748792579865965
3.48,-0.004660649228039817
3.481,-0.004660649228039817
3.482,-0.015748792579865965
3.483,-0.004660649228039817
3.484,-0.02683693593169211
3.485,0.017515637475612477
3.486,-0.02314088814775006
3.487,-0.012052744795923914
3.488,-0.012052744795923914
3.489,-0.0009646014440977679
3.49,-0.019444840363808013
3.491,-0.008356697011981867
3.492,-0.0009646014440977679
3.493,-0.015748792579865965
3.494,0.00642749412378633
3.495,-0.008356697011981867
3.496,-0.012052744795923914
3.497,-0.0009646014440977679
3.498,-0.008356697011981867
3.499,-0.008356697011981867
3.5,-0.004660649228039817
3.501,-0.012052744795923914
3.502,-0.004660649228039817
3.503,-0.008356697011981867
3.504,-0.012052744795923914
3.505,0.013819589691670428
3.506,-0.008356697011981867
3.507,-0.008356697011981867
3.508,-0.02683693593169211
3.509,-0.012052744795923914
3.51,-0.012052744795923914
3.511,0.021211685259554525
3.512,0.013819589691670428
3.513,0.002731446339844281
3.514,-0.008356697011981867
3.515,0.002731446339844281
3.516,-0.02314088814775006
3.517,0.021211685259554525
3.518,-0.004660649228039817
3.519,-0.008356697011981867
3.52,-0.0009646014440977679
3.521,-0.019444840363808013
3.522,-0.004660649228039817
3.523,-0.02314088814775006
3.524,0.00642749412378633
3.525,-0.0009646014440977679
3.526,0.010123541907728378
3.527,-0.0009646014440977679
3.528,-0.004660649228039817
3.529,-0.012052744795923914
3.53,-0.02314088814775006
3.531,-0.019444840363808013
3.532,-0.004660649228039817
3.533,0.013819589691670428
3.534,-0.004660649228039817
3.535,-0.03053298371563416
3.536,0.00642749412378633
3.537,-0.004660649228039817
3.538,0.002731446339844281
3.539,0.00642749412378633
3.54,-0.004660649228039817
3.541,-0.012052744795923914
3.542,-0.008356697011981867
3.543,-0.015748792579865965
3.544,0.017515637475612477
3.545,-0.0009646014440977679
3.546,-0.019444840363808013
3.547,-0.008356697011981867
3.548,-0.015748792579865965
3.549,0.013819589691670428
3.55,-0.015748792579865965
3.551,0.013819589691670428
3.552,-0.012052744795923914
3.553,-0.02683693593169211
3.554,-0.02314088814775006
3.555,0.002731446339844281
3.556,0.00642749412378633
3.557,-0.0009646014440977679
3.558,-0.0009646014440977679
3.559,-0.008356697011981867
3.56,-0.0009646014440977679
3.561,-0.03053298371563416
3.562,-0.012052744795923914
3.563,0.010123541907728378
3.564,-0.015748792579865965
3.565,0.00642749412378633
3.566,-0.008356697011981867
3.567,0.00642749412378633
3.568,-0.004660649228039817
3.569,-0.0009646014440977679
3.57,-0.015748792579865965
3.571,-0.0009646014440977679
3.572,-0.004660649228039817
3.573,-0.0009646014440977679
3.574,0.00642749412378633
3.575,-0.03053298371563416
3.576,-0.015748792579865965
3.577,-0.0009646014440977679
3.578,-0.008356697011981867
3.579,0.010123541907728378
3.58,-0.02314088814775006
3.581,0.00642749412378633
3.582,0.00642749412378633
3.583,-0.0009646014440977679
3.584,-0.02314088814775006
3.585,-0.012052744795923914
3.586,0.013819589691670428
3.587,0.017515637475612477
3.588,-0.008356697011981867
3.589,-0.004660649228039817
3.59,-0.004660649228039817
3.591,-0.004660649228039817
3.592,0.021211685259554525
3.593,0.00642749412378633
3.594,-0.0009646014440977679
3.595,-0.012052744795923914
3.596,-0.004660649228039817
3.597,0.002731446339844281
3.598,-0.02314088814775006
3.599,0.002731446339844281
3.6,-0.012052744795923914
3.601,-0.008356697011981867
3.602,-0.0009646014440977679
3.603,-0.0009646014440977679
3.604,-0.015748792579865965
3.605,0.00642749412378633
3.606,-0.019444840363808013
3.607,-0.008356697011981867
3.608,-0.019444840363808013
3.609,-0.015748792579865965
3.61,-0.02314088814775006
3.611,-0.0009646014440977679
3.612,-0.015748792579865965
3.613,-0.004660649228039817
3.614,-0.02683693593169211
3.615,-0.008356697011981867
3.616,-0.008356697011981867
3.617,-0.02314088814775006
3.618,-0.0009646014440977679
3.619,-0.008356697011981867
3.62,-0.008356697011981867
3.621,-0.015748792579865965
3.622,-0.015748792579865965
3.623,-0.015748792579865965
3.624,-0.008356697011981867
3.625,0.002731446339844281
3.626,-0.02314088814775006
3.627,0.002731446339844281
3.628,-0.0009646014440977679
3.629,0.013819589691670428
3.63,-0.008356697011981867
3.631,-0.004660649228039817
3.632,-0.0009646014440977679
3.633,0.00642749412378633
3.634,-0.004660649228039817
3.635,-0.0009646014440977679
3.636,-0.008356697011981867
3.637,-0.0009646014440977679
3.638,-0.015748792579865965
3.639,-0.004660649228039817
3.64,-0.019444840363808013
3.641,-0.015748792579865965
3.642,-0.008356697011981867
3.643,-0.02314088814775006
3.644,-0.012052744795923914
3.645,0.00642749412378633
3.646,0.017515637475612477
3.647,-0.0009646014440977679
3.648,-0.008356697011981867
3.649,0.010123541907728378
3.65,-0.008356697011981867
3.651,-0.0009646014440977679
3.652,-0.004660649228039817
3.653,-0.004660649228039817
3.654,-0.02314088814775006
3.655,-0.015748792579865965
3.656,-0.008356697011981867
3.657,-0.019444840363808013
3.658,-0.015748792579865965
3.659,-0.012052744795923914
3.66,-0.019444840363808013
3.661,-0.008356697011981867
3.662,-0.02314088814775006
3.663,0.00642749412378633
3.664,-0.012052744795923914
3.665,0.00642749412378633
3.666,-0.0009646014440977679
3.667,-0.0009646014440977679
3.668,0.013819589691670428
3.669,0.00642749412378633
3.67,-0.015748792579865965
3.671,-0.0009646014440977679
3.672,0.017515637475612477
3.673,-0.0009646014440977679
3.674,-0.012052744795923914
3.675,0.010123541907728378
3.676,0.021211685259554525
3.677,-0.008356697011981867
3.678,-0.008356697011981867
3.679,-0.012052744795923914
3.68,-0.004660649228039817
3.681,-0.004660649228039817
3.682,-0.03422903149957621
3.683,-0.012052744795923914
3.684,0.010123541907728378
3.685,0.002731446339844281
3.686,0.021211685259554525
3.687,-0.019444840363808013
3.688,0.002731446339844281
3.689,0.002731446339844281
3.69,-0.019444840363808013
3.691,-0.004660649228039817
3.692,-0.015748792579865965
3.693,-0.012052744795923914
3.694,-0.0009646014440977679
3.695,0.002731446339844281
3.696,-0.019444840363808013
3.697,-0.004660649228039817
3.698,-0.012052744795923914
3.699,-0.0009646014440977679
3.7,0.002731446339844281
3.701,-0.004660649228039817
3.702,-0.008356697011981867
3.703,-0.015748792579865965
3.704,0.00642749412378633
3.705,0.013819589691670428
3.706,-0.012052744795923914
3.707,-0.004660649228039817
3.708,0.010123541907728378
3.709,-0.0009646014440977679
3.71,0.013819589691670428
3.711,-0.0009646014440977679
3.712,0.010123541907728378
3.713,-0.015748792579865965
3.714,0.002731446339844281
3.715,-0.015748792579865965
3.716,-0.02683693593169211
3.717,-0.02314088814775006
3.718,-0.0009646014440977679
3.719,-0.015748792579865965
3.72,-0.02314088814775006
3.721,-0.015748792579865965
3.722,-0.0009646014440977679
3.723,0.002731446339844281
3.724,-0.004660649228039817
3.725,-0.015748792579865965
3.726,0.00642749412378633
3.727,-0.02314088814775006
3.728,-0.0009646014440977679
3.729,-0.012052744795923914
3.73,0.013819589691670428
3.731,-0.004660649228039817
3.732,-0.004660649228039817
3.733,0.00642749412378633
3.734,0.00642749412378633
3.735,-0.008356697011981867
3.736,-0.02314088814775006
3.737,-0.004660649228039817
3.738,0.002731446339844281
3.739,-0.019444840363808013
3.74,-0.015748792579865965
3.741,-0.02683693593169211
3.742,-0.004660649228039817
3.743,0.00642749412378633
3.744,-0.004660649228039817
3.745,-0.012052744795923914
3.746,-0.008356697011981867
3.747,-0.004660649228039817
3.748,-0.012052744795923914
3.749,-0.015748792579865965
3.75,-0.015748792579865965
3.751,-0.03053298371563416
3.752,-0.004660649228039817
3.753,0.017515637475612477
3.754,-0.02683693593169211
3.755,-0.02314088814775006
3.756,-0.019444840363808013
3.757,-0.03422903149957621
3.758,-0.019444840363808013
3.759,-0.0009646014440977679
3.76,-0.019444840363808013
3.761,-0.02314088814775006
3.762,0.017515637475612477
3.763,0.010123541907728378
3.764,-0.012052744795923914
3.765,0.002731446339844281
3.766,0.028603780827438623
3.767,0.00642749412378633
3.768,-0.019444840363808013
3.769,-0.019444840363808013
3.77,-0.004660649228039817
3.771,-0.0009646014440977679
3.772,0.00642749412378633
3.773,-0.0009646014440977679
3.774,-0.019444840363808013
3.775,-0.012052744795923914
3.776,-0.02314088814775006
3.777,-0.012052744795923914
3.778,-0.008356697011981867
3.779,-0.004660649228039817
3.78,-0.004660649228039817
3.781,-0.015748792579865965
3.782,0.00642749412378633
3.783,-0.04162112706746031
3.784,-0.015748792579865965
3.785,-0.004660649228039817
3.786,0.013819589691670428
3.787,0.00642749412378633
3.788,-0.04162112706746031
3.789,-0.019444840363808013
3.79,0.002731446339844281
3.791,-0.015748792579865965
3.792,-0.008356697011981867
3.793,-0.0009646014440977679
3.794,-0.0009646014440977679
3.795,-0.0009646014440977679
3.796,-0.0009646014440977679
3.797,-0.008356697011981867
3.798,-0.012052744795923914
3.799,0.002731446339844281
3.8,-0.0009646014440977679
3.801,-0.0009646014440977679
3.802,0.010123541907728378
3.803,-0.02314088814775006
3.804,-0.02683693593169211
3.805,-0.02314088814775006
3.806,-0.012052744795923914
3.807,-0.008356697011981867
3.808,-0.019444840363808013
3.809,-0.015748792579865965
3.81,-0.019444840363808013
3.811,-0.0009646014440977679
3.812,-0.019444840363808013
3.813,-0.004660649228039817
3.814,-0.012052744795923914
3.815,-0.008356697011981867
3.816,0.010123541907728378
3.817,-0.004660649228039817
3.818,-0.02314088814775006
3.819,-0.004660649228039817
3.82,-0.015748792579865965
3.821,-0.02314088814775006
3.822,0.002731446339844281
3.823,-0.0009646014440977679
3.824,0.002731446339844281
3.825,-0.019444840363808013
3.826,0.017515637475612477
3.827,-0.015748792579865965
3.828,-0.019444840363808013
3.829,-0.012052744795923914
3.83,-0.012052744795923914
3.831,-0.012052744795923914
3.832,-0.008356697011981867
3.833,-0.004660649228039817
3.834,-0.02314088814775006
3.835,0.002731446339844281
3.836,-0.02683693593169211
3.837,-0.008356697011981867
3.838,0.00642749412378633
3.839,-0.012052744795923914
3.84,-0.019444840363808013
3.841,0.002731446339844281
3.842,0.00642749412378633
3.843,0.021211685259554525
3.844,0.002731446339844281
3.845,0.010123541907728378
3.846,0.010123541907728378
3.847,-0.0009646014440977679
3.848,0.002731446339844281
3.849,-0.0009646014440977679
3.85,-0.02683693593169211
3.851,-0.004660649228039817
3.852,-0.004660649228039817
3.853,-0.004660649228039817
3.854,-0.012052744795923914
3.855,0.002731446339844281
3.856,-0.0009646014440977679
3.857,-0.012052744795923914
3.858,-0.0009646014440977679
3.859,-0.012052744795923914
3.86,-0.015748792579865965
3.861,-0.004660649228039817
3.862,0.010123541907728378
3.863,-0.012052744795923914
3.864,-0.0009646014440977679
3.865,-0.0009646014440977679
3.866,0.002731446339844281
3.867,0.002731446339844281
3.868,0.002731446339844281
3.869,-0.0009646014440977679
3.87,0.010123541907728378
3.871,-0.008356697011981867
3.872,-0.03053298371563416
3.873,-0.004660649228039817
3.874,-0.004660649228039817
3.875,-0.008356697011981867
3.876,0.002731446339844281
3.877,-0.02314088814775006
3.878,0.010123541907728378
3.879,-0.004660649228039817
3.88,-0.012052744795923914
3.881,0.017515637475612477
3.882,-0.0009646014440977679
3.883,0.017515637475612477
3.884,0.002731446339844281
3.885,-0.004660649228039817
3.886,0.00642749412378633
3.887,0.00642749412378633
3.888,-0.004660649228039817
3.889,-0.004660649228039817
3.89,0.002731446339844281
3.891,-0.004660649228039817
3.892,-0.019444840363808013
3.893,-0.02314088814775006
3.894,-0.008356697011981867
3.895,-0.02314088814775006
3.896,0.017515637475612477
3.897,0.00642749412378633
3.898,-0.012052744795923914
3.899,0.002731446339844281
3.9,-0.02314088814775006
3.901,-0.004660649228039817
3.902,0.002731446339844281
3.903,-0.004660649228039817
3.904,-0.012052744795923914
3.905,0.00642749412378633
3.906,-0.0009646014440977679
3.907,-0.012052744795923914
3.908,-0.02314088814775006
3.909,-0.008356697011981867
3.91,-0.015748792579865965
3.911,-0.008356697011981867
3.912,-0.008356697011981867
3.913,0.00642749412378633
3.914,-0.02683693593169211
3.915,-0.019444840363808013
3.916,-0.0009646014440977679
3.917,-0.012052744795923914
3.918,0.002731446339844281
3.919,-0.012052744795923914
3.92,-0.015748792579865965
3.921,-0.02683693593169211
3.922,-0.008356697011981867
3.923,-0.0009646014440977679
3.924,0.002731446339844281
3.925,-0.004660649228039817
3.926,0.002731446339844281
3.927,-0.004660649228039817
3.928,-0.019444840363808013
3.929,-0.008356697011981867
3.93,-0.004660649228039817
3.931,-0.019444840363808013
3.932,-0.019444840363808013
3.933,-0.0009646014440977679
3.934,-0.019444840363808013
3.935,-0.008356697011981867
3.936,-0.004660649228039817
3.937,-0.02314088814775006
3.938,0.010123541907728378
3.939,-0.02683693593169211
3.94,-0.008356697011981867
3.941,-0.012052744795923914
3.942,-0.0009646014440977679
3.943,-0.015748792579865965
3.944,0.002731446339844281
3.945,0.00642749412378633
3.946,-0.004660649228039817
3.947,-0.004660649228039817
3.948,-0.008356697011981867
3.949,0.00642749412378633
3.95,-0.015748792579865965
3.951,0.002731446339844281
3.952,-0.004660649228039817
3.953,-0.008356697011981867
3.954,0.00642749412378633
3.955,0.021211685259554525
3.956,-0.004660649228039817
3.957,0.013819589691670428
3.958,-0.004660649228039817
3.959,-0.0009646014440977679
3.96,-0.008356697011981867
3.961,-0.04162112706746031
3.962,-0.03053298371563416
3.963,-0.012052744795923914
3.964,-0.02314088814775006
3.965,-0.008356697011981867
3.966,-0.004660649228039817
3.967,-0.012052744795923914
3.968,-0.0009646014440977679
3.969,-0.02314088814775006
3.97,0.013819589691670428
3.971,-0.004660649228039817
3.972,0.002731446339844281
3.973,0.00642749412378633
3.974,-0.012052744795923914
3.975,-0.015748792579865965
3.976,-0.02314088814775006
3.977,0.002731446339844281
3.978,0.010123541907728378
3.979,-0.02683693593169211
3.98,-0.015748792579865965
3.981,-0.0009646014440977679
3.982,-0.004660649228039817
3.983,-0.012052744795923914
3.984,-0.019444840363808013
3.985,-0.015748792579865965
3.986,-0.012052744795923914
3.987,-0.012052744795923914
3.988,-0.0009646014440977679
3.989,0.002731446339844281
3.99,-0.019444840363808013
3.991,-0.012052744795923914
3.992,-0.008356697011981867
3.993,-0.012052744795923914
3.994,-0.004660649228039817
3.995,-0.012052744795923914
3.996,0.002731446339844281
3.997,-0.008356697011981867
3.998,-0.0009646014440977679
3.999,-0.0009646014440977679
4.0,-0.008356697011981867
4.001,-0.012052744795923914
4.002,0.021211685259554525
4.003,-0.0009646014440977679
4.004,-0.008356697011981867
4.005,0.010123541907728378
4.006,-0.012052744795923914
4.007,-0.02314088814775006
4.008,-0.015748792579865965
4.009,-0.008356697011981867
4.01,-0.004660649228039817
4.011,0.010123541907728378
4.012,0.010123541907728378
4.013,0.021211685259554525
4.014,-0.019444840363808013
4.015,-0.004660649228039817
4.016,-0.02314088814775006
4.017,-0.0009646014440977679
4.018,-0.012052744795923914
4.019,-0.015748792579865965
4.02,-0.0009646014440977679
4.021,-0.004660649228039817
4.022,-0.02683693593169211
4.023,-0.012052744795923914
4.024,0.013819589691670428
4.025,-0.012052744795923914
4.026,-0.004660649228039817
4.027,-0.015748792579865965
4.028,-0.015748792579865965
4.029,-0.0009646014440977679
4.03,-0.008356697011981867
4.031,-0.015748792579865965
4.032,-0.012052744795923914
4.033,-0.02683693593169211
4.034,-0.012052744795923914
4.035,0.010123541907728378
4.036,-0.004660649228039817
4.037,0.002731446339844281
4.038,-0.015748792579865965
4.039,-0.0009646014440977679
4.04,-0.03053298371563416
4.041,0.002731446339844281
4.042,-0.008356697011981867
4.043,0.002731446339844281
4.044,-0.019444840363808013
4.045,-0.004660649228039817
4.046,-0.004660649228039817
4.047,-0.0009646014440977679
4.048,-0.015748792579865965
4.049,-0.012052744795923914
4.05,-0.015748792579865965
4.051,-0.008356697011981867
4.052,-0.0009646014440977679
4.053,-0.008356697011981867
4.054,0.017515637475612477
4.055,-0.008356697011981867
4.056,-0.004660649228039817
4.057,-0.008356697011981867
4.058,-0.008356697011981867
4.059,-0.004660649228039817
4.06,-0.004660649228039817
4.061,0.010123541907728378
4.062,0.010123541907728378
4.063,-0.008356697011981867
4.064,-0.019444840363808013
4.065,-0.02314088814775006
4.066,-0.02683693593169211
4.067,-0.015748792579865965
4.068,-0.015748792579865965
4.069,-0.004660649228039817
4.07,-0.012052744795923914
4.071,-0.008356697011981867
4.072,0.002731446339844281
4.073,-0.019444840363808013
4.074,-0.012052744795923914
4.075,-0.0009646014440977679
4.076,0.002731446339844281
4.077,-0.015748792579865965
4.078,0.013819589691670428
4.079,-0.019444840363808013
4.08,-0.015748792579865965
4.081,-0.004660649228039817
4.082,0.002731446339844281
4.083,-0.0009646014440977679
4.084,-0.008356697011981867
4.085,-0.008356697011981867
4.086,-0.004660649228039817
4.087,-0.019444840363808013
4.088,0.002731446339844281
4.089,-0.004660649228039817
4.09,-0.004660649228039817
4.091,-0.03053298371563416
4.092,-0.0009646014440977679
4.093,0.010123541907728378
4.094,-0.008356697011981867
4.095,-0.004660649228039817
4.096,-0.015748792579865965
4.097,0.002731446339844281
4.098,-0.004660649228039817
4.099,-0.0009646014440977679
4.1,-0.012052744795923914
4.101,-0.008356697011981867
4.102,-0.019444840363808013
4.103,-0.004660649228039817
4.104,-0.02314088814775006
4.105,0.013819589691670428
4.106,-0.008356697011981867
4.107,-0.015748792579865965
4.108,-0.0009646014440977679
4.109,0.017515637475612477
4.11,0.017515637475612477
4.111,-0.008356697011981867
4.112,-0.019444840363808013
4.113,-0.0009646014440977679
4.114,-0.019444840363808013
4.115,-0.004660649228039817
4.116,0.00642749412378633
4.117,-0.004660649228039817
4.118,0.002731446339844281
4.119,-0.012052744795923914
4.12,-0.012052744795923914
4.121,-0.004660649228039817
4.122,0.010123541907728378
4.123,-0.0009646014440977679
4.124,-0.0009646014440977679
4.125,0.013819589691670428
4.126,-0.004660649228039817
4.127,-0.012052744795923914
4.128,-0.008356697011981867
4.129,-0.03053298371563416
4.13,-0.03053298371563416
4.131,-0.015748792579865965
4.132,-0.015748792579865965
4.133,-0.0009646014440977679
4.134,-0.008356697011981867
4.135,-0.03422903149957621
4.136,-0.004660649228039817
4.137,-0.0009646014440977679
4.138,-0.019444840363808013
4.139,0.002731446339844281
4.14,-0.0009646014440977679
4.141,0.00642749412378633
4.142,-0.03053298371563416
4.143,0.002731446339844281
4.144,-0.008356697011981867
4.145,-0.0009646014440977679
4.146,-0.008356697011981867
4.147,-0.008356697011981867
4.148,-0.02314088814775006
4.149,0.010123541907728378
4.15,-0.012052744795923914
4.151,-0.012052744795923914
4.152,-0.02683693593169211
4.153,-0.019444840363808013
4.154,-0.015748792579865965
4.155,-0.004660649228039817
4.156,0.010123541907728378
4.157,-0.0009646014440977679
4.158,-0.0009646014440977679
4.159,-0.012052744795923914
4.16,-0.012052744795923914
4.161,-0.015748792579865965
4.162,-0.019444840363808013
4.163,-0.004660649228039817
4.164,0.00642749412378633
4.165,-0.008356697011981867
4.166,-0.004660649228039817
4.167,-0.012052744795923914
4.168,-0.008356697011981867
4.169,-0.004660649228039817
4.17,-0.012052744795923914
4.171,-0.012052744795923914
4.172,0.00642749412378633
4.173,-0.015748792579865965
4.174,-0.012052744795923914
4.175,-0.012052744795923914
4.176,-0.004660649228039817
4.177,-0.015748792579865965
4.178,-0.012052744795923914
4.179,-0.004660649228039817
4.18,-0.015748792579865965
4.181,-0.015748792579865965
4.182,-0.0009646014440977679
4.183,0.002731446339844281
4.184,-0.004660649228039817
4.185,-0.03053298371563416
4.186,-0.004660649228039817
4.187,-0.019444840363808013
4.188,-0.02683693593169211
4.189,-0.012052744795923914
4.19,-0.008356697011981867
4.191,-0.004660649228039817
4.192,-0.015748792579865965
4.193,0.010123541907728378
4.194,-0.019444840363808013
4.195,-0.03422903149957621
4.196,-0.012052744795923914
4.197,0.00642749412378633
4.198,-0.012052744795923914
4.199,-0.008356697011981867
4.2,-0.004660649228039817
4.201,0.002731446339844281
4.202,-0.0009646014440977679
4.203,0.00642749412378633
4.204,-0.012052744795923914
4.205,-0.004660649228039817
4.206,-0.0009646014440977679
4.207,-0.008356697011981867
4.208,-0.008356697011981867
4.209,-0.008356697011981867
4.21,0.002731446339844281
4.211,-0.02683693593169211
4.212,-0.012052744795923914
4.213,-0.02314088814775006
4.214,-0.02314088814775006
4.215,-0.012052744795923914
4.216,0.010123541907728378
4.217,0.002731446339844281
4.218,-0.03422903149957621
4.219,-0.0009646014440977679
4.22,-0.012052744795923914
4.221,0.013819589691670428
4.222,-0.008356697011981867
4.223,-0.012052744795923914
4.224,-0.015748792579865965
4.225,0.010123541907728378
4.226,0.00642749412378633
4.227,-0.02314088814775006
4.228,-0.004660649228039817
4.229,-0.008356697011981867
4.23,-0.004660649228039817
4.231,0.024907733043496576
4.232,-0.019444840363808013
4.233,-0.0009646014440977679
4.234,0.017515637475612477
4.235,-0.03792507928351826
4.236,0.00642749412378633
4.237,-0.019444840363808013
4.238,-0.019444840363808013
4.239,0.002731446339844281
4.24,-0.004660649228039817
4.241,0.00642749412378633
4.242,-0.004660649228039817
4.243,-0.0009646014440977679
4.244,-0.004660649228039817
4.245,-0.012052744795923914
4.246,-0.019444840363808013
4.247,-0.02314088814775006
4.248,-0.004660649228039817
4.249,-0.03053298371563416
4.25,-0.03422903149957621
4.251,0.00642749412378633
4.252,0.017515637475612477
4.253,-0.015748792579865965
4.254,-0.019444840363808013
4.255,0.013819589691670428
4.256,-0.012052744795923914
4.257,0.013819589691670428
4.258,-0.02314088814775006
4.259,-0.019444840363808013
4.26,-0.008356697011981867
4.261,-0.008356697011981867
4.262,-0.004660649228039817
4.263,-0.019444840363808013
4.264,0.013819589691670428
4.265,-0.02314088814775006
4.266,0.00642749412378633
4.267,0.013819589691670428
4.268,0.00642749412378633
4.269,-0.004660649228039817
4.27,-0.008356697011981867
4.271,-0.03792507928351826
4.272,-0.019444840363808013
4.273,-0.008356697011981867
4.274,0.002731446339844281
4.275,-0.008356697011981867
4.276,-0.015748792579865965
4.277,-0.019444840363808013
4.278,0.002731446339844281
4.279,-0.015748792579865965
4.28,-0.008356697011981867
4.281,-0.02314088814775006
4.282,-0.02683693593169211
4.283,0.021211685259554525
4.284,-0.015748792579865965
4.285,0.00642749412378633
4.286,-0.012052744795923914
4.287,-0.012052744795923914
4.288,0.002731446339844281
4.289,-0.019444840363808013
4.29,-0.03792507928351826
4.291,-0.0009646014440977679
4.292,-0.004660649228039817
4.293,-0.019444840363808013
4.294,0.002731446339844281
4.295,-0.008356697011981867
4.296,-0.03792507928351826
4.297,0.013819589691670428
4.298,-0.004660649228039817
4.299,-0.008356697011981867
4.3,-0.015748792579865965
4.301,0.00642749412378633
4.302,-0.004660649228039817
4.303,-0.019444840363808013
4.304,-0.0009646014440977679
4.305,0.013819589691670428
4.306,-0.012052744795923914
4.307,-0.015748792579865965
4.308,-0.008356697011981867
4.309,-0.02314088814775006
4.31,0.002731446339844281
4.311,0.002731446339844281
4.312,-0.015748792579865965
4.313,0.010123541907728378
4.314,-0.019444840363808013
4.315,-0.0009646014440977679
4.316,-0.012052744795923914
4.317,-0.02314088814775006
4.318,-0.0009646014440977679
4.319,-0.004660649228039817
4.32,0.002731446339844281
4.321,-0.012052744795923914
4.322,-0.004660649228039817
4.323,-0.008356697011981867
4.324,-0.004660649228039817
4.325,-0.0009646014440977679
4.326,-0.012052744795923914
4.327,-0.012052744795923914
4.328,-0.0009646014440977679
4.329,-0.004660649228039817
4.33,-0.008356697011981867
4.331,0.024907733043496576
4.332,-0.0009646014440977679
4.333,-0.03053298371563416
4.334,-0.008356697011981867
4.335,-0.02314088814775006
4.336,0.010123541907728378
4.337,0.002731446339844281
4.338,-0.0009646014440977679
4.339,-0.03053298371563416
4.34,-0.015748792579865965
4.341,0.002731446339844281
4.342,0.00642749412378633
4.343,-0.02683693593169211
4.344,0.002731446339844281
4.345,-0.02314088814775006
4.346,0.00642749412378633
4.347,0.002731446339844281
4.348,-0.0009646014440977679
4.349,-0.015748792579865965
4.35,-0.02683693593169211
4.351,-0.019444840363808013
4.352,0.002731446339844281
4.353,-0.012052744795923914
4.354,0.00642749412378633
4.355,-0.004660649228039817
4.356,-0.0009646014440977679
4.357,-0.019444840363808013
4.358,-0.004660649228039817
4.359,-0.012052744795923914
4.36,0.002731446339844281
4.361,-0.03053298371563416
4.362,-0.019444840363808013
4.363,-0.015748792579865965
4.364,-0.008356697011981867
4.365,-0.008356697011981867
4.366,-0.02314088814775006
4.367,-0.015748792579865965
4.368,-0.004660649228039817
4.369,-0.015748792579865965
4.37,-0.008356697011981867
4.371,-0.012052744795923914
4.372,-0.049013222635344404
4.373,-0.012052744795923914
4.374,-0.008356697011981867
4.375,-0.019444840363808013
4.376,0.010123541907728378
4.377,0.00642749412378633
4.378,-0.0009646014440977679
4.379,-0.0009646014440977679
4.38,0.010123541907728378
4.381,-0.019444840363808013
4.382,-0.008356697011981867
4.383,-0.015748792579865965
4.384,-0.015748792579865965
4.385,-0.012052744795923914
4.386,0.002731446339844281
4.387,-0.008356697011981867
4.388,0.010123541907728378
4.389,-0.008356697011981867
4.39,-0.0009646014440977679
4.391,-0.015748792579865965
4.392,-0.02314088814775006
4.393,-0.004660649228039817
4.394,0.00642749412378633
4.395,0.002731446339844281
4.396,-0.03422903149957621
4.397,-0.012052744795923914
4.398,-0.012052744795923914
4.399,-0.0009646014440977679
4.4,-0.02314088814775006
4.401,0.013819589691670428
4.402,-0.02683693593169211
4.403,-0.004660649228039817
4.404,-0.008356697011981867
4.405,-0.008356697011981867
4.406,-0.015748792579865965
4.407,-0.0009646014440977679
4.408,0.00642749412378633
4.409,-0.008356697011981867
4.41,-0.0009646014440977679
4.411,0.010123541907728378
4.412,-0.03792507928351826
4.413,-0.008356697011981867
4.414,-0.02314088814775006
4.415,-0.004660649228039817
4.416,-0.008356697011981867
4.417,-0.012052744795923914
4.418,0.021211685259554525
4.419,-0.019444840363808013
4.42,-0.0009646014440977679
4.421,-0.015748792579865965
4.422,-0.008356697011981867
4.423,-0.019444840363808013
4.424,-0.004660649228039817
4.425,0.002731446339844281
4.426,-0.004660649228039817
4.427,0.002731446339844281
4.428,-0.03053298371563416
4.429,-0.012052744795923914
4.43,-0.012052744795923914
4.431,-0.019444840363808013
4.432,-0.04531717485140235
4.433,0.002731446339844281
4.434,-0.004660649228039817
4.435,0.00642749412378633
4.436,0.00642749412378633
4.437,0.00642749412378633
4.438,-0.004660649228039817
4.439,-0.019444840363808013
4.44,-0.008356697011981867
4.441,0.021211685259554525
4.442,-0.02683693593169211
4.443,-0.02314088814775006
4.444,-0.004660649228039817
4.445,-0.015748792579865965
4.446,-0.008356697011981867
4.447,-0.0009646014440977679
4.448,-0.004660649228039817
4.449,-0.004660649228039817
4.45,-0.012052744795923914
4.451,-0.012052744795923914
4.452,-0.0009646014440977679
4.453,0.024907733043496576
4.454,-0.0009646014440977679
4.455,-0.03422903149957621
4.456,-0.008356697011981867
4.457,-0.008356697011981867
4.458,-0.004660649228039817
4.459,-0.004660649228039817
4.46,-0.015748792579865965
4.461,-0.008356697011981867
4.462,-0.03422903149957621
4.463,0.00642749412378633
4.464,0.002731446339844281
4.465,-0.008356697011981867
4.466,-0.008356697011981867
4.467,-0.012052744795923914
4.468,0.002731446339844281
4.469,-0.0009646014440977679
4.47,-0.015748792579865965
4.471,0.00642749412378633
4.472,0.00642749412378633
4.473,-0.004660649228039817
4.474,-0.019444840363808013
4.475,0.002731446339844281
4.476,-0.004660649228039817
4.477,0.021211685259554525
4.478,-0.015748792579865965
4.479,-0.02314088814775006
4.48,-0.004660649228039817
4.481,-0.008356697011981867
4.482,-0.015748792579865965
4.483,-0.008356697011981867
4.484,-0.015748792579865965
4.485,-0.012052744795923914
4.486,-0.03053298371563416
4.487,-0.02314088814775006
4.488,-0.02314088814775006
4.489,-0.008356697011981867
4.49,-0.012052744795923914
4.491,-0.004660649228039817
4.492,-0.03422903149957621
4.493,-0.015748792579865965
4.494,-0.0009646014440977679
4.495,-0.008356697011981867
4.496,-0.03792507928351826
4.497,-0.004660649228039817
4.498,0.017515637475612477
4.499,0.013819589691670428
4.5,0.00642749412378633
4.501,-0.008356697011981867
4.502,-0.015748792579865965
4.503,-0.012052744795923914
4.504,-0.004660649228039817
4.505,-0.015748792579865965
4.506,-0.004660649228039817
4.507,0.010123541907728378
4.508,0.010123541907728378
4.509,-0.019444840363808013
4.51,-0.008356697011981867
4.511,-0.008356697011981867
4.512,-0.0009646014440977679
4.513,-0.012052744795923914
4.514,0.00642749412378633
4.515,0.017515637475612477
4.516,0.013819589691670428
4.517,0.00642749412378633
4.518,-0.008356697011981867
4.519,-0.004660649228039817
4.52,-0.012052744795923914
4.521,0.002731446339844281
4.522,0.002731446339844281
4.523,-0.012052744795923914
4.524,0.00642749412378633
4.525,0.00642749412378633
4.526,-0.012052744795923914
4.527,-0.008356697011981867
4.528,-0.012052744795923914
4.529,-0.015748792579865965
4.53,-0.0009646014440977679
4.531,0.00642749412378633
4.532,-0.008356697011981867
4.533,-0.004660649228039817
4.534,-0.008356697011981867
4.535,-0.008356697011981867
4.536,-0.012052744795923914
4.537,-0.0009646014440977679
4.538,-0.02314088814775006
4.539,0.021211685259554525
4.54,-0.019444840363808013
4.541,-0.02683693593169211
4.542,-0.015748792579865965
4.543,-0.008356697011981867
4.544,0.002731446339844281
4.545,-0.004660649228039817
4.546,-0.004660649228039817
4.547,-0.02683693593169211
4.548,-0.0009646014440977679
4.549,-0.008356697011981867
4.55,-0.004660649228039817
4.551,0.010123541907728378
4.552,-0.012052744795923914
4.553,0.00642749412378633
4.554,-0.02314088814775006
4.555,-0.008356697011981867
4.556,-0.004660649228039817
4.557,-0.004660649228039817
4.558,-0.02314088814775006
4.559,0.013819589691670428
4.56,-0.03053298371563416
4.561,-0.015748792579865965
4.562,-0.019444840363808013
4.563,0.017515637475612477
4.564,0.017515637475612477
4.565,-0.03422903149957621
4.566,0.021211685259554525
4.567,-0.0009646014440977679
4.568,0.00642749412378633
4.569,-0.008356697011981867
4.57,0.002731446339844281
4.571,-0.008356697011981867
4.572,0.00642749412378633
4.573,-0.02314088814775006
4.574,-0.03422903149957621
4.575,-0.008356697011981867
4.576,-0.004660649228039817
4.577,0.010123541907728378
4.578,0.00642749412378633
4.579,0.013819589691670428
4.58,-0.02314088814775006
4.581,-0.012052744795923914
4.582,-0.015748792579865965
4.583,-0.008356697011981867
4.584,-0.008356697011981867
4.585,-0.0009646014440977679
4.586,-0.012052744795923914
4.587,-0.0009646014440977679
4.588,-0.02314088814775006
4.589,0.017515637475612477
4.59,-0.004660649228039817
4.591,-0.02314088814775006
4.592,-0.0009646014440977679
4.593,-0.02683693593169211
4.594,0.017515637475612477
4.595,-0.02314088814775006
4.596,-0.012052744795923914
4.597,-0.015748792579865965
4.598,-0.004660649228039817
4.599,-0.004660649228039817
4.6,-0.015748792579865965
4.601,-0.015748792579865965
4.602,-0.019444840363808013
4.603,0.002731446339844281
4.604,-0.019444840363808013
4.605,-0.008356697011981867
4.606,-0.02683693593169211
4.607,-0.004660649228039817
4.608,-0.004660649228039817
4.609,-0.0009646014440977679
4.61,-0.0009646014440977679
4.611,-0.015748792579865965
4.612,-0.004660649228039817
4.613,-0.03422903149957621
4.614,-0.008356697011981867
4.615,-0.015748792579865965
4.616,-0.015748792579865965
4.617,0.002731446339844281
4.618,-0.015748792579865965
4.619,0.010123541907728378
4.62,0.021211685259554525
4.621,-0.0009646014440977679
4.622,-0.012052744795923914
4.623,-0.004660649228039817
4.624,-0.02314088814775006
4.625,-0.008356697011981867
4.626,-0.015748792579865965
4.627,-0.015748792579865965
4.628,-0.008356697011981867
4.629,-0.015748792579865965
4.63,0.010123541907728378
4.631,-0.004660649228039817
4.632,-0.03053298371563416
4.633,-0.004660649228039817
4.634,-0.0009646014440977679
4.635,0.024907733043496576
4.636,0.002731446339844281
4.637,-0.004660649228039817
4.638,-0.02683693593169211
4.639,-0.0009646014440977679
4.64,-0.012052744795923914
4.641,-0.008356697011981867
4.642,0.002731446339844281
4.643,0.013819589691670428
4.644,-0.0009646014440977679
4.645,0.021211685259554525
4.646,-0.019444840363808013
4.647,-0.015748792579865965
4.648,-0.019444840363808013
4.649,-0.0009646014440977679
4.65,-0.012052744795923914
4.651,0.00642749412378633
4.652,0.017515637475612477
4.653,0.010123541907728378
4.654,0.010123541907728378
4.655,-0.0009646014440977679
4.656,-0.0009646014440977679
4.657,-0.03792507928351826
4.658,-0.008356697011981867
4.659,-0.02314088814775006
4.66,-0.004660649228039817
4.661,-0.0009646014440977679
4.662,-0.012052744795923914
4.663,-0.012052744795923914
4.664,-0.004660649228039817
4.665,-0.012052744795923914
4.666,0.021211685259554525
4.667,-0.0009646014440977679
4.668,0.002731446339844281
4.669,-0.0009646014440977679
4.67,0.002731446339844281
4.671,-0.019444840363808013
4.672,-0.015748792579865965
4.673,0.010123541907728378
4.674,-0.015748792579865965
4.675,0.002731446339844281
4.676,0.017515637475612477
4.677,-0.008356697011981867
4.678,0.002731446339844281
4.679,-0.004660649228039817
4.68,-0.008356697011981867
4.681,-0.019444840363808013
4.682,-0.0009646014440977679
4.683,-0.012052744795923914
4.684,-0.03422903149957621
4.685,-0.004660649228039817
4.686,-0.015748792579865965
4.687,-0.004660649228039817
4.688,0.00642749412378633
4.689,0.002731446339844281
4.69,0.00642749412378633
4.691,-0.012052744795923914
4.692,-0.015748792579865965
4.693,-0.008356697011981867
4.694,0.010123541907728378
4.695,-0.0009646014440977679
4.696,-0.012052744795923914
4.697,-0.004660649228039817
4.698,-0.0009646014440977679
4.699,-0.02683693593169211
4.7,-0.0009646014440977679
4.701,0.002731446339844281
4.702,-0.019444840363808013
4.703,-0.004660649228039817
4.704,0.002731446339844281
4.705,0.010123541907728378
4.706,-0.0009646014440977679
4.707,-0.03422903149957621
4.708,0.00642749412378633
4.709,-0.015748792579865965
4.71,-0.02314088814775006
4.711,-0.008356697011981867
4.712,-0.019444840363808013
4.713,-0.015748792579865965
4.714,-0.012052744795923914
4.715,0.002731446339844281
4.716,0.00642749412378633
4.717,-0.03053298371563416
4.718,-0.012052744795923914
4.719,-0.019444840363808013
4.72,-0.02683693593169211
4.721,-0.02314088814775006
4.722,0.010123541907728378
4.723,-0.012052744795923914
4.724,-0.008356697011981867
4.725,-0.012052744795923914
4.726,-0.015748792579865965
4.727,0.010123541907728378
4.728,0.00642749412378633
4.729,-0.03053298371563416
4.73,-0.004660649228039817
4.731,-0.02683693593169211
4.732,-0.008356697011981867
4.733,0.002731446339844281
4.734,0.002731446339844281
4.735,-0.019444840363808013
4.736,0.002731446339844281
4.737,-0.019444840363808013
4.738,-0.0009646014440977679
4.739,0.002731446339844281
4.74,-0.019444840363808013
4.741,-0.03053298371563416
4.742,0.00642749412378633
4.743,-0.03053298371563416
4.744,-0.03053298371563416
4.745,-0.03053298371563416
4.746,-0.0009646014440977679
4.747,-0.004660649228039817
4.748,-0.02314088814775006
4.749,-0.03422903149957621
4.75,0.010123541907728378
4.751,-0.012052744795923914
4.752,0.00642749412378633
4.753,-0.008356697011981867
4.754,-0.004660649228039817
4.755,-0.008356697011981867
4.756,-0.03792507928351826
4.757,-0.0009646014440977679
4.758,0.002731446339844281
4.759,0.00642749412378633
4.76,-0.03422903149957621
4.761,-0.012052744795923914
4.762,-0.02314088814775006
4.763,-0.02314088814775006
4.764,0.002731446339844281
4.765,-0.02683693593169211
4.766,-0.015748792579865965
4.767,-0.02314088814775006
4.768,-0.012052744795923914
4.769,-0.0009646014440977679
4.77,-0.03792507928351826
4.771,0.010123541907728378
4.772,-0.004660649228039817
4.773,-0.012052744795923914
4.774,0.002731446339844281
4.775,-0.015748792579865965
4.776,-0.03053298371563416
4.777,0.017515637475612477
4.778,-0.015748792579865965
4.779,0.002731446339844281
4.78,-0.012052744795923914
4.781,0.00642749412378633
4.782,-0.012052744795923914
4.783,-0.0009646014440977679
4.784,-0.004660649228039817
4.785,0.013819589691670428
4.786,0.017515637475612477
4.787,-0.012052744795923914
4.788,-0.019444840363808013
4.789,-0.008356697011981867
4.79,0.00642749412378633
4.791,-0.015748792579865965
4.792,0.010123541907728378
4.793,0.002731446339844281
4.794,-0.008356697011981867
4.795,-0.004660649228039817
4.796,-0.02314088814775006
4.797,-0.019444840363808013
4.798,-0.008356697011981867
4.799,0.00642749412378633
4.8,0.010123541907728378
4.801,-0.004660649228039817
4.802,-0.004660649228039817
4.803,-0.015748792579865965
4.804,-0.019444840363808013
4.805,-0.019444840363808013
4.806,0.010123541907728378
4.807,0.00642749412378633
4.808,-0.03422903149957621
4.809,-0.012052744795923914
4.81,-0.004660649228039817
4.811,-0.012052744795923914
4.812,-0.004660649228039817
4.813,-0.03053298371563416
4.814,-0.012052744795923914
4.815,-0.004660649228039817
4.816,0.002731446339844281
4.817,-0.0009646014440977679
4.818,-0.004660649228039817
4.819,-0.008356697011981867
4.82,-0.0009646014440977679
4.821,0.002731446339844281
4.822,-0.019444840363808013
4.823,0.017515637475612477
4.824,-0.019444840363808013
4.825,-0.012052744795923914
4.826,-0.004660649228039817
4.827,0.00642749412378633
4.828,-0.012052744795923914
4.829,-0.0009646014440977679
4.83,-0.012052744795923914
4.831,-0.02314088814775006
4.832,-0.019444840363808013
4.833,-0.008356697011981867
4.834,-0.03792507928351826
4.835,0.017515637475612477
4.836,-0.0009646014440977679
4.837,0.002731446339844281
4.838,-0.02683693593169211
4.839,-0.004660649228039817
4.84,-0.008356697011981867
4.841,-0.02683693593169211
4.842,-0.008356697011981867
4.843,0.00642749412378633
4.844,-0.03053298371563416
4.845,-0.015748792579865965
4.846,-0.015748792579865965
4.847,-0.004660649228039817
4.848,-0.019444840363808013
4.849,-0.0009646014440977679
4.85,-0.012052744795923914
4.851,-0.008356697011981867
4.852,-0.012052744795923914
4.853,-0.02683693593169211
4.854,-0.008356697011981867
4.855,-0.02314088814775006
4.856,-0.015748792579865965
4.857,-0.012052744795923914
4.858,-0.012052744795923914
4.859,-0.012052744795923914
4.86,-0.015748792579865965
4.861,0.013819589691670428
4.862,-0.015748792579865965
4.863,-0.015748792579865965
4.864,-0.015748792579865965
4.865,0.002731446339844281
4.866,0.017515637475612477
4.867,0.002731446339844281
4.868,0.021211685259554525
4.869,-0.012052744795923914
4.87,-0.0009646014440977679
4.871,-0.0009646014440977679
4.872,-0.015748792579865965
4.873,0.010123541907728378
4.874,-0.012052744795923914
4.875,-0.0009646014440977679
4.876,-0.052709270419286455
4.877,-0.012052744795923914
4.878,0.010123541907728378
4.879,-0.012052744795923914
4.88,-0.004660649228039817
4.881,-0.004660649228039817
4.882,-0.02314088814775006
4.883,0.00642749412378633
4.884,-0.008356697011981867
4.885,-0.004660649228039817
4.886,0.010123541907728378
4.887,0.010123541907728378
4.888,-0.019444840363808013
4.889,0.00642749412378633
4.89,-0.004660649228039817
4.891,0.002731446339844281
4.892,0.002731446339844281
4.893,0.017515637475612477
4.894,-0.008356697011981867
4.895,0.017515637475612477
4.896,-0.012052744795923914
4.897,0.002731446339844281
4.898,-0.0009646014440977679
4.899,-0.012052744795923914
4.9,-0.0009646014440977679
4.901,0.00642749412378633
4.902,-0.008356697011981867
4.903,-0.0009646014440977679
4.904,-0.015748792579865965
4.905,-0.004660649228039817
4.906,-0.0009646014440977679
4.907,-0.008356697011981867
4.908,-0.02683693593169211
4.909,-0.02314088814775006
4.91,-0.012052744795923914
4.911,0.010123541907728378
4.912,-0.008356697011981867
4.913,-0.015748792579865965
4.914,-0.008356697011981867
4.915,-0.004660649228039817
4.916,-0.015748792579865965
4.917,-0.008356697011981867
4.918,0.002731446339844281
4.919,0.021211685259554525
4.92,-0.0009646014440977679
4.921,-0.012052744795923914
4.922,-0.02683693593169211
4.923,0.028603780827438623
4.924,-0.02683693593169211
4.925,0.002731446339844281
4.926,-0.015748792579865965
4.927,-0.012052744795923914
4.928,-0.008356697011981867
4.929,-0.015748792579865965
4.93,0.013819589691670428
4.931,0.002731446339844281
4.932,-0.015748792579865965
4.933,-0.004660649228039817
4.934,-0.019444840363808013
4.935,-0.02314088814775006
4.936,-0.012052744795923914
4.937,-0.03422903149957621
4.938,0.00642749412378633
4.939,0.00642749412378633
4.94,-0.012052744795923914
4.941,-0.0009646014440977679
4.942,-0.004660649228039817
4.943,-0.019444840363808013
4.944,0.00642749412378633
4.945,-0.0009646014440977679
4.946,-0.012052744795923914
4.947,-0.004660649228039817
4.948,-0.012052744795923914
4.949,-0.004660649228039817
4.95,-0.004660649228039817
4.951,-0.012052744795923914
4.952,0.00642749412378633
4.953,-0.019444840363808013
4.954,-0.012052744795923914
4.955,-0.0009646014440977679
4.956,-0.015748792579865965
4.957,-0.008356697011981867
4.958,-0.03053298371563416
4.959,-0.012052744795923914
4.96,-0.03422903149957621
4.961,0.002731446339844281
4.962,-0.012052744795923914
4.963,0.00642749412378633
4.964,-0.02683693593169211
4.965,0.013819589691670428
4.966,0.010123541907728378
4.967,0.010123541907728378
4.968,-0.02683693593169211
4.969,-0.02314088814775006
4.97,-0.004660649228039817
4.971,-0.02314088814775006
4.972,0.010123541907728378
4.973,-0.015748792579865965
4.974,-0.019444840363808013
4.975,0.002731446339844281
4.976,-0.008356697011981867
4.977,-0.008356697011981867
4.978,-0.012052744795923914
4.979,-0.012052744795923914
4.98,-0.02314088814775006
4.981,0.002731446339844281
4.982,-0.04162112706746031
4.983,0.010123541907728378
4.984,-0.004660649228039817
4.985,0.00642749412378633
4.986,-0.008356697011981867
4.987,0.013819589691670428
4.988,-0.02314088814775006
4.989,-0.008356697011981867
4.99,0.002731446339844281
4.991,0.00642749412378633
4.992,0.002731446339844281
4.993,-0.0009646014440977679
4.994,0.00642749412378633
4.995,-0.03422903149957621
4.996,-0.0009646014440977679
4.997,-0.004660649228039817
4.998,0.00642749412378633
4.999,-0.019444840363808013
5.0,-0.004660649228039817
5.001,-0.004660649228039817
5.002,-0.012052744795923914
5.003,-0.008356697011981867
5.004,-0.008356697011981867
5.005,0.013819589691670428
5.006,0.013819589691670428
5.007,0.002731446339844281
5.008,0.00642749412378633
5.009,-0.012052744795923914
5.01,0.00642749412378633
5.011,0.002731446339844281
5.012,0.002731446339844281
5.013,-0.02683693593169211
5.014,-0.004660649228039817
5.015,-0.015748792579865965
5.016,-0.019444840363808013
5.017,-0.004660649228039817
5.018,-0.004660649228039817
5.019,-0.004660649228039817
5.02,-0.019444840363808013
5.021,-0.004660649228039817
5.022,0.00642749412378633
5.023,-0.012052744795923914
5.024,0.010123541907728378
5.025,-0.004660649228039817
5.026,-0.008356697011981867
5.027,0.017515637475612477
5.028,-0.004660649228039817
5.029,0.024907733043496576
5.03,0.002731446339844281
5.031,-0.004660649228039817
5.032,-0.004660649228039817
5.033,0.002731446339844281
5.034,-0.012052744795923914
5.035,-0.004660649228039817
5.036,-0.0009646014440977679
5.037,-0.008356697011981867
5.038,-0.015748792579865965
5.039,-0.0009646014440977679
5.04,-0.004660649228039817
5.041,-0.015748792579865965
5.042,-0.0009646014440977679
5.043,0.010123541907728378
5.044,-0.008356697011981867
5.045,-0.004660649228039817
5.046,-0.015748792579865965
5.047,-0.008356697011981867
5.048,-0.008356697011981867
5.049,0.00642749412378633
5.05,-0.015748792579865965
5.051,-0.008356697011981867
5.052,-0.02314088814775006
5.053,0.002731446339844281
5.054,-0.03053298371563416
5.055,-0.0009646014440977679
5.056,-0.004660649228039817
5.057,-0.012052744795923914
5.058,-0.0009646014440977679
5.059,-0.008356697011981867
5.06,0.002731446339844281
5.061,-0.019444840363808013
5.062,-0.015748792579865965
5.063,-0.0009646014440977679
5.064,0.002731446339844281
5.065,-0.004660649228039817
5.066,-0.004660649228039817
5.067,-0.02314088814775006
5.068,-0.012052744795923914
5.069,-0.004660649228039817
5.07,-0.012052744795923914
5.071,0.00642749412378633
5.072,-0.015748792579865965
5.073,-0.019444840363808013
5.074,-0.012052744795923914
5.075,-0.02314088814775006
5.076,-0.004660649228039817
5.077,-0.004660649228039817
5.078,0.00642749412378633
5.079,0.00642749412378633
5.08,0.028603780827438623
5.081,-0.019444840363808013
5.082,-0.02683693593169211
5.083,-0.0009646014440977679
5.084,-0.019444840363808013
5.085,-0.019444840363808013
5.086,-0.02314088814775006
5.087,-0.015748792579865965
5.088,-0.012052744795923914
5.089,0.013819589691670428
5.09,-0.0009646014440977679
5.091,-0.012052744795923914
5.092,0.010123541907728378
5.093,-0.012052744795923914
5.094,-0.012052744795923914
5.095,-0.008356697011981867
5.096,0.002731446339844281
5.097,-0.004660649228039817
5.098,-0.02314088814775006
5.099,0.00642749412378633
5.1,-0.019444840363808013
5.101,-0.03053298371563416
5.102,-0.019444840363808013
5.103,-0.012052744795923914
5.104,-0.008356697011981867
5.105,-0.004660649228039817
5.106,0.017515637475612477
5.107,-0.02683693593169211
5.108,-0.0009646014440977679
5.109,-0.0009646014440977679
5.11,-0.012052744795923914
5.111,-0.004660649228039817
5.112,-0.012052744795923914
5.113,-0.004660649228039817
5.114,0.00642749412378633
5.115,-0.03053298371563416
5.116,0.013819589691670428
5.117,-0.008356697011981867
5.118,-0.012052744795923914
5.119,0.013819589691670428
5.12,-0.015748792579865965
5.121,0.00642749412378633
5.122,-0.02314088814775006
5.123,-0.008356697011981867
5.124,-0.008356697011981867
5.125,-0.0009646014440977679
5.126,-0.019444840363808013
5.127,-0.03422903149957621
5.128,-0.008356697011981867
5.129,0.002731446339844281
5.13,-0.008356697011981867
5.131,-0.0009646014440977679
5.132,0.00642749412378633
5.133,-0.004660649228039817
5.134,0.00642749412378633
5.135,-0.02683693593169211
5.136,-0.015748792579865965
5.137,-0.008356697011981867
5.138,-0.02683693593169211
5.139,0.013819589691670428
5.14,-0.008356697011981867
5.141,0.002731446339844281
5.142,-0.04162112706746031
5.143,-0.019444840363808013
5.144,-0.004660649228039817
5.145,-0.0009646014440977679
5.146,-0.012052744795923914
5.147,-0.019444840363808013
5.148,-0.008356697011981867
5.149,0.010123541907728378
5.15,0.03229982861138067
5.151,0.002731446339844281
5.152,-0.02683693593169211
5.153,-0.008356697011981867
5.154,0.013819589691670428
5.155,-0.004660649228039817
5.156,0.002731446339844281
5.157,-0.019444840363808013
5.158,-0.004660649228039817
5.159,0.002731446339844281
5.16,-0.004660649228039817
5.161,-0.019444840363808013
5.162,-0.015748792579865965
5.163,-0.004660649228039817
5.164,0.002731446339844281
5.165,-0.012052744795923914
5.166,-0.012052744795923914
5.167,-0.019444840363808013
5.168,0.010123541907728378
5.169,-0.015748792579865965
5.17,-0.012052744795923914
5.171,0.00642749412378633
5.172,-0.008356697011981867
5.173,0.002731446339844281
5.174,-0.008356697011981867
5.175,-0.008356697011981867
5.176,-0.019444840363808013
5.177,-0.0009646014440977679
5.178,0.00642749412378633
5.179,0.024907733043496576
5.18,-0.0009646014440977679
5.181,0.010123541907728378
5.182,-0.0009646014440977679
5.183,-0.019444840363808013
5.184,-0.03422903149957621
5.185,0.010123541907728378
5.186,-0.004660649228039817
5.187,-0.0009646014440977679
5.188,-0.019444840363808013
5.189,-0.004660649228039817
5.19,-0.004660649228039817
5.191,-0.0009646014440977679
5.192,-0.03053298371563416
5.193,-0.0009646014440977679
5.194,0.00642749412378633
5.195,-0.019444840363808013
5.196,-0.012052744795923914
5.197,0.00642749412378633
5.198,0.002731446339844281
5.199,0.002731446339844281
5.2,0.00642749412378633
5.201,-0.015748792579865965
5.202,-0.004660649228039817
5.203,0.00642749412378633
5.204,-0.004660649228039817
5.205,0.002731446339844281
5.206,-0.015748792579865965
5.207,0.002731446339844281
5.208,0.013819589691670428
5.209,-0.019444840363808013
5.21,-0.008356697011981867
5.211,0.002731446339844281
5.212,0.002731446339844281
5.213,0.010123541907728378
5.214,-0.019444840363808013
5.215,0.010123541907728378
5.216,-0.02314088814775006
5.217,-0.03053298371563416
5.218,-0.012052744795923914
5.219,-0.02683693593169211
5.22,-0.012052744795923914
5.221,-0.019444840363808013
5.222,-0.012052744795923914
5.223,0.00642749412378633
5.224,-0.015748792579865965
5.225,0.010123541907728378
5.226,0.010123541907728378
5.227,-0.004660649228039817
5.228,0.010123541907728378
5.229,0.017515637475612477
5.23,-0.0009646014440977679
5.231,-0.0009646014440977679
5.232,-0.015748792579865965
5.233,-0.0009646014440977679
5.234,-0.004660649228039817
5.235,-0.008356697011981867
5.236,-0.012052744795923914
5.237,0.002731446339844281
5.238,-0.019444840363808013
5.239,0.00642749412378633
5.24,-0.008356697011981867
5.241,-0.004660649228039817
5.242,-0.004660649228039817
5.243,-0.008356697011981867
5.244,0.00642749412378633
5.245,-0.012052744795923914
5.246,-0.008356697011981867
5.247,-0.008356697011981867
5.248,-0.015748792579865965
5.249,-0.03792507928351826
5.25,-0.015748792579865965
5.251,-0.019444840363808013
5.252,-0.03422903149957621
5.253,0.010123541907728378
5.254,0.010123541907728378
5.255,-0.012052744795923914
5.256,-0.019444840363808013
5.257,-0.004660649228039817
5.258,-0.019444840363808013
5.259,-0.008356697011981867
5.26,-0.0009646014440977679
5.261,0.002731446339844281
5.262,-0.0009646014440977679
5.263,0.002731446339844281
5.264,-0.02314088814775006
5.265,0.010123541907728378
5.266,0.002731446339844281
5.267,0.002731446339844281
5.268,0.002731446339844281
5.269,-0.019444840363808013
5.27,-0.02314088814775006
5.271,-0.02314088814775006
5.272,0.00642749412378633
5.273,-0.02314088814775006
5.274,-0.004660649228039817
5.275,-0.008356697011981867
5.276,-0.012052744795923914
5.277,-0.02683693593169211
5.278,0.013819589691670428
5.279,-0.015748792579865965
5.28,-0.008356697011981867
5.281,-0.019444840363808013
5.282,0.00642749412378633
5.283,-0.012052744795923914
5.284,-0.0009646014440977679
5.285,-0.0009646014440977679
5.286,0.00642749412378633
5.287,-0.008356697011981867
5.288,-0.019444840363808013
5.289,0.013819589691670428
5.29,-0.019444840363808013
5.291,-0.019444840363808013
5.292,-0.0009646014440977679
5.293,0.00642749412378633
5.294,-0.008356697011981867
5.295,-0.008356697011981867
5.296,-0.012052744795923914
5.297,-0.012052744795923914
5.298,-0.008356697011981867
5.299,-0.02683693593169211
5.3,-0.004660649228039817
5.301,0.002731446339844281
5.302,0.00642749412378633
5.303,-0.019444840363808013
5.304,-0.012052744795923914
5.305,0.002731446339844281
5.306,0.002731446339844281
5.307,-0.015748792579865965
5.308,-0.012052744795923914
5.309,0.017515637475612477
5.31,-0.008356697011981867
5.311,0.002731446339844281
5.312,0.00642749412378633
5.313,0.010123541907728378
5.314,-0.012052744795923914
5.315,0.010123541907728378
5.316,0.00642749412378633
5.317,-0.02683693593169211
5.318,-0.02314088814775006
5.319,-0.008356697011981867
5.32,-0.012052744795923914
5.321,-0.008356697011981867
5.322,-0.0009646014440977679
5.323,-0.015748792579865965
5.324,-0.008356697011981867
5.325,-0.03422903149957621
5.326,-0.0009646014440977679
5.327,0.013819589691670428
5.328,-0.02683693593169211
5.329,0.00642749412378633
5.33,0.021211685259554525
5.331,-0.008356697011981867
5.332,-0.0009646014440977679
5.333,0.010123541907728378
5.334,-0.004660649228039817
5.335,-0.004660649228039817
5.336,0.00642749412378633
5.337,-0.004660649228039817
5.338,0.002731446339844281
5.339,0.024907733043496576
5.34,-0.0009646014440977679
5.341,-0.019444840363808013
5.342,-0.008356697011981867
5.343,-0.03053298371563416
5.344,-0.019444840363808013
5.345,-0.015748792579865965
5.346,-0.012052744795923914
5.347,0.010123541907728378
5.348,-0.012052744795923914
5.349,-0.012052744795923914
5.35,-0.015748792579865965
5.351,-0.012052744795923914
5.352,-0.015748792579865965
5.353,-0.008356697011981867
5.354,0.013819589691670428
5.355,-0.0009646014440977679
5.356,0.002731446339844281
5.357,-0.012052744795923914
5.358,-0.03053298371563416
5.359,0.002731446339844281
5.36,-0.004660649228039817
5.361,-0.019444840363808013
5.362,-0.012052744795923914
5.363,-0.004660649228039817
5.364,-0.008356697011981867
5.365,0.013819589691670428
5.366,-0.0009646014440977679
5.367,-0.004660649228039817
5.368,0.002731446339844281
5.369,0.00642749412378633
5.37,-0.015748792579865965
5.371,-0.0009646014440977679
5.372,0.00642749412378633
5.373,-0.019444840363808013
5.374,-0.03053298371563416
5.375,-0.02314088814775006
5.376,-0.019444840363808013
5.377,-0.0009646014440977679
5.378,-0.0009646014440977679
5.379,-0.012052744795923914
5.38,0.00642749412378633
5.381,-0.004660649228039817
5.382,-0.008356697011981867
5.383,0.010123541907728378
5.384,0.002731446339844281
5.385,-0.012052744795923914
5.386,-0.0009646014440977679
5.387,0.021211685259554525
5.388,0.010123541907728378
5.389,-0.0009646014440977679
5.39,0.013819589691670428
5.391,-0.03792507928351826
5.392,0.013819589691670428
5.393,-0.012052744795923914
5.394,-0.015748792579865965
5.395,-0.008356697011981867
5.396,-0.008356697011981867
5.397,-0.012052744795923914
5.398,-0.008356697011981867
5.399,-0.019444840363808013
5.4,-0.012052744795923914
5.401,-0.02683693593169211
5.402,-0.02314088814775006
5.403,-0.012052744795923914
5.404,-0.004660649228039817
5.405,-0.015748792579865965
5.406,-0.015748792579865965
5.407,-0.0009646014440977679
5.408,0.017515637475612477
5.409,-0.004660649228039817
5.41,-0.008356697011981867
5.411,0.002731446339844281
5.412,0.002731446339844281
5.413,0.013819589691670428
5.414,-0.03053298371563416
5.415,0.010123541907728378
5.416,-0.0009646014440977679
5.417,0.00642749412378633
5.418,0.010123541907728378
5.419,0.002731446339844281
5.42,0.002731446339844281
5.421,0.00642749412378633
5.422,-0.004660649228039817
5.423,-0.019444840363808013
5.424,0.002731446339844281
5.425,-0.012052744795923914
5.426,0.002731446339844281
5.427,-0.0009646014440977679
5.428,-0.004660649228039817
5.429,-0.02683693593169211
5.43,-0.0009646014440977679
5.431,-0.004660649228039817
5.432,-0.015748792579865965
5.433,0.00642749412378633
5.434,-0.008356697011981867
5.435,0.002731446339844281
5.436,-0.02683693593169211
5.437,-0.02683693593169211
5.438,-0.008356697011981867
5.439,-0.0009646014440977679
5.44,-0.012052744795923914
5.441,-0.019444840363808013
5.442,-0.0009646014440977679
5.443,-0.012052744795923914
5.444,-0.015748792579865965
5.445,-0.019444840363808013
5.446,-0.0009646014440977679
5.447,-0.02683693593169211
5.448,-0.02314088814775006
5.449,-0.004660649228039817
5.45,-0.015748792579865965
5.451,-0.004660649228039817
5.452,-0.004660649228039817
5.453,0.010123541907728378
5.454,-0.008356697011981867
5.455,-0.012052744795923914
5.456,-0.015748792579865965
5.457,0.00642749412378633
5.458,-0.008356697011981867
5.459,0.017515637475612477
5.46,0.00642749412378633
5.461,0.00642749412378633
5.462,-0.012052744795923914
5.463,0.002731446339844281
5.464,0.00642749412378633
5.465,0.00642749412378633
5.466,-0.0009646014440977679
5.467,0.00642749412378633
5.468,-0.015748792579865965
5.469,-0.012052744795923914
5.47,0.010123541907728378
5.471,-0.004660649228039817
5.472,0.010123541907728378
5.473,-0.0009646014440977679
5.474,-0.012052744795923914
5.475,-0.0009646014440977679
5.476,-0.019444840363808013
5.477,-0.015748792579865965
5.478,-0.015748792579865965
5.479,-0.004660649228039817
5.48,0.002731446339844281
5.481,-0.004660649228039817
5.482,-0.008356697011981867
5.483,-0.004660649228039817
5.484,-0.008356697011981867
5.485,-0.015748792579865965
5.486,-0.019444840363808013
5.487,0.002731446339844281
5.488,-0.012052744795923914
5.489,-0.004660649228039817
5.49,0.00642749412378633
5.491,-0.019444840363808013
5.492,-0.004660649228039817
5.493,-0.0009646014440977679
5.494,-0.008356697011981867
5.495,0.002731446339844281
5.496,-0.008356697011981867
5.497,0.024907733043496576
5.498,-0.0009646014440977679
5.499,-0.008356697011981867
5.5,-0.008356697011981867
5.501,-0.02314088814775006
5.502,-0.004660649228039817
5.503,-0.004660649228039817
5.504,-0.004660649228039817
5.505,-0.02683693593169211
5.506,-0.0009646014440977679
5.507,-0.019444840363808013
5.508,-0.0009646014440977679
5.509,0.021211685259554525
5.51,0.021211685259554525
5.511,-0.03053298371563416
5.512,-0.02683693593169211
5.513,0.002731446339844281
5.514,-0.0009646014440977679
5.515,-0.03053298371563416
5.516,-0.019444840363808013
5.517,0.00642749412378633
5.518,0.002731446339844281
5.519,-0.008356697011981867
5.52,-0.004660649228039817
5.521,0.010123541907728378
5.522,0.010123541907728378
5.523,-0.008356697011981867
5.524,0.013819589691670428
5.525,-0.019444840363808013
5.526,0.002731446339844281
5.527,-0.0009646014440977679
5.528,-0.012052744795923914
5.529,-0.0009646014440977679
5.53,0.002731446339844281
5.531,0.010123541907728378
5.532,-0.019444840363808013
5.533,-0.0009646014440977679
5.534,0.002731446339844281
5.535,-0.008356697011981867
5.536,-0.019444840363808013
5.537,-0.008356697011981867
5.538,-0.02314088814775006
5.539,0.002731446339844281
5.54,-0.015748792579865965
5.541,0.013819589691670428
5.542,-0.008356697011981867
5.543,0.002731446339844281
5.544,-0.004660649228039817
5.545,-0.012052744795923914
5.546,-0.004660649228039817
5.547,-0.004660649228039817
5.548,-0.02314088814775006
5.549,-0.02314088814775006
5.55,0.002731446339844281
5.551,-0.02314088814775006
5.552,-0.008356697011981867
5.553,-0.0009646014440977679
5.554,-0.015748792579865965
5.555,0.002731446339844281
5.556,-0.02314088814775006
5.557,-0.012052744795923914
5.558,-0.008356697011981867
5.559,-0.012052744795923914
5.56,-0.0009646014440977679
5.561,0.002731446339844281
5.562,0.002731446339844281
5.563,0.00642749412378633
5.564,-0.0009646014440977679
5.565,-0.015748792579865965
5.566,-0.015748792579865965
5.567,0.00642749412378633
5.568,-0.012052744795923914
5.569,0.021211685259554525
5.57,-0.004660649228039817
5.571,-0.015748792579865965
5.572,-0.012052744795923914
5.573,-0.008356697011981867
5.574,-0.008356697011981867
5.575,-0.0009646014440977679
5.576,-0.012052744795923914
5.577,0.00642749412378633
5.578,-0.015748792579865965
5.579,0.002731446339844281
5.58,0.002731446339844281
5.581,-0.015748792579865965
5.582,0.002731446339844281
5.583,-0.004660649228039817
5.584,-0.0009646014440977679
5.585,-0.015748792579865965
5.586,0.002731446339844281
5.587,-0.004660649228039817
5.588,-0.008356697011981867
5.589,-0.008356697011981867
5.59,-0.012052744795923914
5.591,-0.004660649228039817
5.592,0.010123541907728378
5.593,-0.004660649228039817
5.594,-0.0009646014440977679
5.595,-0.008356697011981867
5.596,-0.008356697011981867
5.597,-0.012052744795923914
5.598,0.013819589691670428
5.599,0.010123541907728378
5.6,-0.02314088814775006
5.601,-0.015748792579865965
5.602,-0.008356697011981867
5.603,0.00642749412378633
5.604,-0.02314088814775006
5.605,-0.015748792579865965
5.606,-0.008356697011981867
5.607,-0.004660649228039817
5.608,-0.0009646014440977679
5.609,-0.004660649228039817
5.61,-0.004660649228039817
5.611,-0.004660649228039817
5.612,-0.004660649228039817
5.613,-0.015748792579865965
5.614,-0.012052744795923914
5.615,-0.012052744795923914
5.616,0.00642749412378633
5.617,-0.008356697011981867
5.618,-0.004660649228039817
5.619,0.010123541907728378
5.62,-0.019444840363808013
5.621,-0.03792507928351826
5.622,-0.008356697011981867
5.623,0.017515637475612477
5.624,-0.004660649228039817
5.625,0.021211685259554525
5.626,-0.0009646014440977679
5.627,-0.004660649228039817
5.628,-0.019444840363808013
5.629,-0.012052744795923914
5.63,-0.012052744795923914
5.631,-0.012052744795923914
5.632,-0.008356697011981867
5.633,0.002731446339844281
5.634,-0.02683693593169211
5.635,0.00642749412378633
5.636,-0.0009646014440977679
5.637,-0.012052744795923914
5.638,-0.019444840363808013
5.639,0.00642749412378633
5.64,-0.004660649228039817
5.641,0.00642749412378633
5.642,-0.0009646014440977679
5.643,0.002731446339844281
5.644,-0.008356697011981867
5.645,0.010123541907728378
5.646,0.002731446339844281
5.647,-0.0009646014440977679
5.648,-0.004660649228039817
5.649,0.002731446339844281
5.65,-0.004660649228039817
5.651,-0.02314088814775006
5.652,-0.008356697011981867
5.653,0.002731446339844281
5.654,-0.012052744795923914
5.655,-0.004660649228039817
5.656,-0.004660649228039817
5.657,0.017515637475612477
5.658,-0.0009646014440977679
5.659,-0.02314088814775006
5.66,-0.02314088814775006
5.661,-0.012052744795923914
5.662,-0.004660649228039817
5.663,-0.015748792579865965
5.664,-0.02683693593169211
5.665,0.021211685259554525
5.666,-0.004660649228039817
5.667,-0.02683693593169211
5.668,-0.004660649228039817
5.669,-0.008356697011981867
5.67,-0.03422903149957621
5.671,-0.004660649228039817
5.672,-0.012052744795923914
5.673,-0.0009646014440977679
5.674,-0.012052744795923914
5.675,-0.008356697011981867
5.676,-0.004660649228039817
5.677,-0.019444840363808013
5.678,-0.008356697011981867
5.679,0.002731446339844281
5.68,-0.008356697011981867
5.681,0.00642749412378633
5.682,-0.008356697011981867
5.683,0.010123541907728378
5.684,-0.012052744795923914
5.685,-0.015748792579865965
5.686,-0.004660649228039817
5.687,0.00642749412378633
5.688,-0.004660649228039817
5.689,-0.0009646014440977679
5.69,-0.004660649228039817
5.691,0.017515637475612477
5.692,-0.008356697011981867
5.693,-0.004660649228039817
5.694,0.002731446339844281
5.695,-0.02314088814775006
5.696,-0.008356697011981867
5.697,-0.015748792579865965
5.698,-0.0009646014440977679
5.699,-0.012052744795923914
5.7,0.017515637475612477
5.701,0.00642749412378633
5.702,-0.012052744795923914
5.703,-0.015748792579865965
5.704,0.00642749412378633
5.705,-0.015748792579865965
5.706,-0.004660649228039817
5.707,-0.008356697011981867
5.708,-0.008356697011981867
5.709,-0.008356697011981867
5.71,-0.015748792579865965
5.711,0.002731446339844281
5.712,0.002731446339844281
5.713,-0.008356697011981867
5.714,-0.012052744795923914
5.715,-0.0009646014440977679
5.716,0.010123541907728378
5.717,-0.008356697011981867
5.718,-0.03422903149957621
5.719,-0.02314088814775006
5.72,-0.004660649228039817
5.721,-0.008356697011981867
5.722,-0.0009646014440977679
5.723,-0.015748792579865965
5.724,0.002731446339844281
5.725,-0.02314088814775006
5.726,0.002731446339844281
5.727,-0.012052744795923914
5.728,-0.004660649228039817
5.729,0.010123541907728378
5.73,0.010123541907728378
5.731,-0.015748792579865965
5.732,0.00642749412378633
5.733,-0.008356697011981867
5.734,-0.0009646014440977679
5.735,0.00642749412378633
5.736,0.017515637475612477
5.737,0.010123541907728378
5.738,-0.008356697011981867
5.739,-0.004660649228039817
5.74,-0.008356697011981867
5.741,-0.004660649228039817
5.742,-0.0009646014440977679
5.743,-0.012052744795923914
5.744,0.00642749412378633
5.745,0.03229982861138067
5.746,-0.015748792579865965
5.747,-0.019444840363808013
5.748,0.00642749412378633
5.749,-0.004660649228039817
5.75,-0.004660649228039817
5.751,-0.0009646014440977679
5.752,-0.008356697011981867
5.753,-0.019444840363808013
5.754,0.010123541907728378
5.755,-0.004660649228039817
5.756,-0.012052744795923914
5.757,-0.02683693593169211
5.758,0.002731446339844281
5.759,-0.008356697011981867
5.76,-0.019444840363808013
5.761,-0.019444840363808013
5.762,0.013819589691670428
5.763,-0.008356697011981867
5.764,-0.0009646014440977679
5.765,0.00642749412378633
5.766,-0.008356697011981867
5.767,-0.015748792579865965
5.768,0.002731446339844281
5.769,-0.015748792579865965
5.77,-0.004660649228039817
5.771,-0.0009646014440977679
5.772,-0.0009646014440977679
5.773,-0.02314088814775006
5.774,-0.012052744795923914
5.775,-0.004660649228039817
5.776,-0.012052744795923914
5.777,-0.02314088814775006
5.778,-0.012052744795923914
5.779,-0.008356697011981867
5.78,-0.019444840363808013
5.781,-0.008356697011981867
5.782,-0.0009646014440977679
5.783,-0.008356697011981867
5.784,-0.008356697011981867
5.785,-0.015748792579865965
5.786,-0.015748792579865965
5.787,-0.0009646014440977679
5.788,0.00642749412378633
5.789,-0.004660649228039817
5.79,-0.012052744795923914
5.791,-0.008356697011981867
5.792,0.010123541907728378
5.793,-0.019444840363808013
5.794,-0.012052744795923914
5.795,-0.019444840363808013
5.796,0.010123541907728378
5.797,-0.0009646014440977679
5.798,-0.008356697011981867
5.799,-0.03792507928351826
5.8,-0.0009646014440977679
5.801,-0.008356697011981867
5.802,0.00642749412378633
5.803,-0.004660649228039817
5.804,-0.012052744795923914
5.805,-0.019444840363808013
5.806,0.00642749412378633
5.807,-0.0009646014440977679
5.808,0.00642749412378633
5.809,0.002731446339844281
5.81,-0.004660649228039817
5.811,-0.0009646014440977679
5.812,-0.02683693593169211
5.813,-0.012052744795923914
5.814,-0.02683693593169211
5.815,-0.012052744795923914
5.816,-0.008356697011981867
5.817,-0.0009646014440977679
5.818,0.010123541907728378
5.819,-0.004660649228039817
5.82,-0.012052744795923914
5.821,-0.008356697011981867
5.822,-0.008356697011981867
5.823,-0.004660649228039817
5.824,0.010123541907728378
5.825,-0.015748792579865965
5.826,-0.004660649228039817
5.827,-0.012052744795923914
5.828,0.002731446339844281
5.829,-0.008356697011981867
5.83,-0.004660649228039817
5.831,-0.03792507928351826
5.832,-0.012052744795923914
5.833,-0.019444840363808013
5.834,-0.004660649228039817
5.835,-0.004660649228039817
5.836,-0.004660649228039817
5.837,-0.012052744795923914
5.838,0.013819589691670428
5.839,-0.015748792579865965
5.84,-0.019444840363808013
5.841,-0.02314088814775006
5.842,0.013819589691670428
5.843,-0.008356697011981867
5.844,-0.008356697011981867
5.845,-0.008356697011981867
5.846,0.002731446339844281
5.847,-0.015748792579865965
5.848,-0.012052744795923914
5.849,-0.004660649228039817
5.85,-0.012052744795923914
5.851,-0.03053298371563416
5.852,-0.03422903149957621
5.853,0.002731446339844281
5.854,-0.004660649228039817
5.855,-0.019444840363808013
5.856,-0.02314088814775006
5.857,-0.004660649228039817
5.858,0.010123541907728378
5.859,0.00642749412378633
5.86,0.00642749412378633
5.861,-0.0009646014440977679
5.862,-0.008356697011981867
5.863,0.002731446339844281
5.864,-0.004660649228039817
5.865,-0.015748792579865965
5.866,-0.012052744795923914
5.867,-0.008356697011981867
5.868,0.002731446339844281
5.869,-0.004660649228039817
5.87,-0.0009646014440977679
5.871,-0.004660649228039817
5.872,-0.004660649228039817
5.873,-0.0009646014440977679
5.874,-0.004660649228039817
5.875,-0.0009646014440977679
5.876,-0.012052744795923914
5.877,-0.015748792579865965
5.878,0.002731446339844281
5.879,-0.03422903149957621
5.88,-0.019444840363808013
5.881,-0.012052744795923914
5.882,-0.015748792579865965
5.883,-0.015748792579865965
5.884,-0.015748792579865965
5.885,-0.015748792579865965
5.886,-0.008356697011981867
5.887,-0.0009646014440977679
5.888,0.010123541907728378
5.889,-0.004660649228039817
5.89,-0.008356697011981867
5.891,-0.0009646014440977679
5.892,-0.015748792579865965
5.893,-0.012052744795923914
5.894,-0.008356697011981867
5.895,-0.012052744795923914
5.896,0.002731446339844281
5.897,-0.02314088814775006
5.898,-0.0009646014440977679
5.899,-0.015748792579865965
5.9,-0.015748792579865965
5.901,0.002731446339844281
5.902,-0.019444840363808013
5.903,-0.019444840363808013
5.904,-0.004660649228039817
5.905,0.002731446339844281
5.906,0.00642749412378633
5.907,-0.012052744795923914
5.908,-0.0009646014440977679
5.909,-0.03422903149957621
5.91,-0.012052744795923914
5.911,-0.012052744795923914
5.912,-0.015748792579865965
5.913,-0.008356697011981867
5.914,-0.004660649228039817
5.915,-0.004660649228039817
5.916,0.017515637475612477
5.917,-0.0009646014440977679
5.918,0.00642749412378633
5.919,0.002731446339844281
5.92,-0.015748792579865965
5.921,-0.019444840363808013
5.922,-0.004660649228039817
5.923,-0.0009646014440977679
5.924,-0.0009646014440977679
5.925,-0.03053298371563416
5.926,0.010123541907728378
5.927,-0.012052744795923914
5.928,0.013819589691670428
5.929,-0.004660649228039817
5.93,-0.008356697011981867
5.931,-0.004660649228039817
5.932,-0.02683693593169211
5.933,-0.008356697011981867
5.934,0.017515637475612477
5.935,-0.0009646014440977679
5.936,-0.0009646014440977679
5.937,-0.004660649228039817
5.938,-0.0009646014440977679
5.939,0.00642749412378633
5.94,-0.02314088814775006
5.941,0.00642749412378633
5.942,-0.02683693593169211
5.943,-0.008356697011981867
5.944,-0.004660649228039817
5.945,-0.015748792579865965
5.946,0.002731446339844281
5.947,-0.019444840363808013
5.948,-0.004660649228039817
5.949,-0.012052744795923914
5.95,-0.015748792579865965
5.951,-0.012052744795923914
5.952,0.00642749412378633
5.953,-0.008356697011981867
5.954,0.00642749412378633
5.955,0.002731446339844281
5.956,-0.004660649228039817
5.957,0.002731446339844281
5.958,-0.019444840363808013
5.959,-0.0009646014440977679
5.96,-0.012052744795923914
5.961,-0.02683693593169211
5.962,-0.03053298371563416
5.963,-0.0009646014440977679
5.964,-0.004660649228039817
5.965,-0.015748792579865965
5.966,-0.008356697011981867
5.967,-0.02683693593169211
5.968,-0.0009646014440977679
5.969,-0.019444840363808013
5.97,-0.008356697011981867
5.971,0.00642749412378633
5.972,-0.015748792579865965
5.973,-0.008356697011981867
5.974,0.002731446339844281
5.975,-0.004660649228039817
5.976,-0.019444840363808013
5.977,0.002731446339844281
5.978,0.002731446339844281
5.979,-0.004660649228039817
5.98,-0.019444840363808013
5.981,0.00642749412378633
5.982,-0.0009646014440977679
5.983,-0.012052744795923914
5.984,-0.0009646014440977679
5.985,-0.03053298371563416
5.986,-0.015748792579865965
5.987,0.010123541907728378
5.988,-0.02683693593169211
5.989,0.002731446339844281
5.99,-0.012052744795923914
5.991,-0.008356697011981867
5.992,-0.015748792579865965
5.993,-0.008356697011981867
5.994,-0.008356697011981867
5.995,-0.015748792579865965
5.996,0.00642749412378633
5.997,-0.004660649228039817
5.998,-0.008356697011981867
5.999,0.002731446339844281
6.0,-0.004660649228039817
6.001,-0.019444840363808013
6.002,-0.012052744795923914
6.003,-0.015748792579865965
6.004,-0.008356697011981867
6.005,-0.019444840363808013
6.006,0.00642749412378633
6.007,-0.008356697011981867
6.008,-0.0009646014440977679
6.009,-0.012052744795923914
6.01,0.017515637475612477
6.011,0.010123541907728378
6.012,-0.004660649228039817
6.013,-0.008356697011981867
6.014,-0.015748792579865965
6.015,-0.004660649228039817
6.016,-0.015748792579865965
6.017,-0.012052744795923914
6.018,-0.008356697011981867
6.019,-0.004660649228039817
6.02,-0.008356697011981867
6.021,-0.02683693593169211
6.022,-0.004660649228039817
6.023,0.021211685259554525
6.024,-0.004660649228039817
6.025,-0.02683693593169211
6.026,-0.015748792579865965
6.027,-0.0009646014440977679
6.028,-0.004660649228039817
6.029,-0.008356697011981867
6.03,-0.012052744795923914
6.031,-0.008356697011981867
6.032,0.010123541907728378
6.033,0.002731446339844281
6.034,-0.02314088814775006
6.035,0.010123541907728378
6.036,-0.019444840363808013
6.037,-0.019444840363808013
6.038,0.013819589691670428
6.039,-0.004660649228039817
6.04,-0.019444840363808013
6.041,0.010123541907728378
6.042,0.00642749412378633
6.043,0.010123541907728378
6.044,-0.012052744795923914
6.045,-0.008356697011981867
6.046,-0.0009646014440977679
6.047,-0.019444840363808013
6.048,-0.02314088814775006
6.049,-0.0009646014440977679
6.05,-0.0009646014440977679
6.051,0.00642749412378633
6.052,0.010123541907728378
6.053,-0.015748792579865965
6.054,0.010123541907728378
6.055,0.00642749412378633
6.056,-0.0009646014440977679
6.057,-0.02683693593169211
6.058,-0.02314088814775006
6.059,-0.015748792579865965
6.06,-0.008356697011981867
6.061,0.002731446339844281
6.062,-0.02314088814775006
6.063,0.002731446339844281
6.064,0.013819589691670428
6.065,-0.008356697011981867
6.066,0.010123541907728378
6.067,-0.012052744795923914
6.068,-0.012052744795923914
6.069,-0.02683693593169211
6.07,0.00642749412378633
6.071,-0.008356697011981867
6.072,0.013819589691670428
6.073,0.00642749412378633
6.074,0.00642749412378633
6.075,-0.015748792579865965
6.076,-0.012052744795923914
6.077,-0.015748792579865965
6.078,-0.004660649228039817
6.079,0.002731446339844281
6.08,-0.008356697011981867
6.081,-0.019444840363808013
6.082,0.002731446339844281
6.083,-0.008356697011981867
6.084,-0.004660649228039817
6.085,-0.004660649228039817
6.086,-0.019444840363808013
6.087,0.002731446339844281
6.088,-0.0009646014440977679
6.089,-0.02314088814775006
6.09,-0.012052744795923914
6.091,-0.019444840363808013
6.092,-0.015748792579865965
6.093,-0.008356697011981867
6.094,-0.012052744795923914
6.095,0.017515637475612477
6.096,-0.008356697011981867
6.097,0.010123541907728378
6.098,-0.015748792579865965
6.099,-0.012052744795923914
6.1,-0.02314088814775006
6.101,-0.008356697011981867
6.102,-0.008356697011981867
6.103,0.021211685259554525
6.104,-0.02314088814775006
6.105,-0.019444840363808013
6.106,0.021211685259554525
6.107,0.010123541907728378
6.108,-0.012052744795923914
6.109,-0.004660649228039817
6.11,-0.0009646014440977679
6.111,0.021211685259554525
6.112,-0.004660649228039817
6.113,-0.012052744795923914
6.114,0.021211685259554525
6.115,0.017515637475612477
6.116,-0.0009646014440977679
6.117,-0.004660649228039817
6.118,0.00642749412378633
6.119,-0.02314088814775006
6.12,0.002731446339844281
6.121,-0.008356697011981867
6.122,0.002731446339844281
6.123,-0.008356697011981867
6.124,-0.019444840363808013
6.125,-0.0009646014440977679
6.126,0.00642749412378633
6.127,-0.03792507928351826
6.128,-0.019444840363808013
6.129,-0.02314088814775006
6.13,0.010123541907728378
6.131,-0.008356697011981867
6.132,-0.02314088814775006
6.133,0.002731446339844281
6.134,0.00642749412378633
6.135,0.010123541907728378
6.136,-0.03422903149957621
6.137,0.002731446339844281
6.138,0.002731446339844281
6.139,-0.008356697011981867
6.14,-0.004660649228039817
6.141,-0.0009646014440977679
6.142,-0.019444840363808013
6.143,-0.0009646014440977679
6.144,-0.012052744795923914
6.145,0.002731446339844281
6.146,-0.008356697011981867
6.147,0.017515637475612477
6.148,-0.019444840363808013
6.149,-0.019444840363808013
6.15,0.021211685259554525
6.151,-0.02683693593169211
6.152,-0.015748792579865965
6.153,-0.012052744795923914
6.154,0.00642749412378633
6.155,-0.02314088814775006
6.156,-0.012052744795923914
6.157,-0.008356697011981867
6.158,0.002731446339844281
6.159,-0.012052744795923914
6.16,-0.03792507928351826
6.161,0.002731446339844281
6.162,-0.019444840363808013
6.163,-0.015748792579865965
6.164,0.002731446339844281
6.165,-0.03422903149957621
6.166,0.002731446339844281
6.167,-0.02683693593169211
6.168,-0.015748792579865965
6.169,-0.012052744795923914
6.17,-0.008356697011981867
6.171,-0.019444840363808013
6.172,0.00642749412378633
6.173,-0.03422903149957621
6.174,0.021211685259554525
6.175,-0.008356697011981867
6.176,0.013819589691670428
6.177,-0.012052744795923914
6.178,-0.008356697011981867
6.179,-0.015748792579865965
6.18,-0.019444840363808013
6.181,0.002731446339844281
6.182,-0.02314088814775006
6.183,0.002731446339844281
6.184,-0.008356697011981867
6.185,-0.0009646014440977679
6.186,-0.015748792579865965
6.187,-0.008356697011981867
6.188,-0.03053298371563416
6.189,0.002731446339844281
6.19,-0.015748792579865965
6.191,-0.008356697011981867
6.192,-0.008356697011981867
6.193,0.002731446339844281
6.194,0.002731446339844281
6.195,-0.0009646014440977679
6.196,-0.02314088814775006
6.197,-0.0009646014440977679
6.198,-0.012052744795923914
6.199,-0.019444840363808013
6.2,-0.008356697011981867
6.201,-0.02683693593169211
6.202,-0.015748792579865965
6.203,-0.019444840363808013
6.204,-0.019444840363808013
6.205,0.017515637475612477
6.206,-0.019444840363808013
6.207,-0.019444840363808013
6.208,-0.008356697011981867
6.209,-0.004660649228039817
6.21,0.017515637475612477
6.211,0.002731446339844281
6.212,0.00642749412378633
6.213,0.00642749412378633
6.214,-0.004660649228039817
6.215,-0.008356697011981867
6.216,-0.02314088814775006
6.217,-0.0009646014440977679
6.218,0.010123541907728378
6.219,-0.012052744795923914
6.22,-0.015748792579865965
6.221,-0.012052744795923914
6.222,-0.02314088814775006
6.223,-0.0009646014440977679
6.224,-0.008356697011981867
6.225,-0.015748792579865965
6.226,0.002731446339844281
6.227,-0.019444840363808013
6.228,-0.019444840363808013
6.229,-0.03792507928351826
6.23,-0.02314088814775006
6.231,0.00642749412378633
6.232,0.024907733043496576
6.233,-0.019444840363808013
6.234,-0.0009646014440977679
6.235,0.017515637475612477
6.236,-0.012052744795923914
6.237,0.021211685259554525
6.238,-0.008356697011981867
6.239,0.024907733043496576
6.24,0.002731446339844281
6.241,-0.015748792579865965
6.242,0.010123541907728378
6.243,-0.004660649228039817
6.244,-0.004660649228039817
6.245,0.024907733043496576
6.246,-0.004660649228039817
6.247,0.00642749412378633
6.248,-0.0009646014440977679
6.249,-0.02314088814775006
6.25,0.024907733043496576
6.251,-0.004660649228039817
6.252,-0.0009646014440977679
6.253,-0.004660649228039817
6.254,0.00642749412378633
6.255,-0.004660649228039817
6.256,-0.004660649228039817
6.257,0.002731446339844281
6.258,-0.015748792579865965
6.259,-0.012052744795923914
6.26,0.013819589691670428
6.261,0.010123541907728378
6.262,0.00642749412378633
6.263,-0.004660649228039817
6.264,-0.0009646014440977679
6.265,0.00642749412378633
6.266,0.002731446339844281
6.267,-0.019444840363808013
6.268,0.002731446339844281
6.269,0.00642749412378633
6.27,0.002731446339844281
6.271,-0.0009646014440977679
6.272,-0.015748792579865965
6.273,-0.03792507928351826
6.274,-0.015748792579865965
6.275,-0.02683693593169211
6.276,-0.015748792579865965
6.277,-0.02683693593169211
6.278,-0.012052744795923914
6.279,-0.012052744795923914
6.28,-0.0009646014440977679
6.281,-0.019444840363808013
6.282,0.00642749412378633
6.283,-0.008356697011981867
6.284,0.002731446339844281
6.285,-0.015748792579865965
6.286,-0.0009646014440977679
6.287,-0.0009646014440977679
6.288,-0.004660649228039817
6.289,-0.004660649228039817
6.29,-0.0009646014440977679
6.291,-0.008356697011981867
6.292,-0.008356697011981867
6.293,-0.008356697011981867
6.294,0.002731446339844281
6.295,-0.02314088814775006
6.296,-0.015748792579865965
6.297,-0.008356697011981867
6.298,-0.03792507928351826
6.299,-0.012052744795923914
6.3,0.010123541907728378
6.301,-0.012052744795923914
6.302,-0.015748792579865965
6.303,-0.015748792579865965
6.304,-0.015748792579865965
6.305,-0.02683693593169211
6.306,-0.0009646014440977679
6.307,-0.015748792579865965
6.308,-0.0009646014440977679
6.309,-0.012052744795923914
6.31,-0.02683693593169211
6.311,-0.015748792579865965
6.312,-0.008356697011981867
6.313,-0.015748792579865965
6.314,0.00642749412378633
6.315,-0.019444840363808013
6.316,-0.008356697011981867
6.317,0.002731446339844281
6.318,-0.015748792579865965
6.319,-0.02314088814775006
6.32,-0.015748792579865965
6.321,-0.015748792579865965
6.322,-0.008356697011981867
6.323,-0.008356697011981867
6.324,0.00642749412378633
6.325,-0.02314088814775006
6.326,-0.004660649228039817
6.327,-0.008356697011981867
6.328,-0.012052744795923914
6.329,0.00642749412378633
6.33,0.00642749412378633
6.331,0.002731446339844281
6.332,0.002731446339844281
6.333,0.010123541907728378
6.334,-0.02314088814775006
6.335,-0.012052744795923914
6.336,-0.015748792579865965
6.337,-0.015748792579865965
6.338,0.002731446339844281
6.339,-0.019444840363808013
6.34,-0.02683693593169211
6.341,-0.02683693593169211
6.342,-0.0009646014440977679
6.343,0.002731446339844281
6.344,-0.03053298371563416
6.345,0.002731446339844281
6.346,-0.004660649228039817
6.347,-0.008356697011981867
6.348,-0.004660649228039817
6.349,-0.0009646014440977679
6.35,-0.019444840363808013
6.351,-0.012052744795923914
6.352,-0.03053298371563416
6.353,-0.008356697011981867
6.354,-0.008356697011981867
6.355,-0.008356697011981867
6.356,-0.03422903149957621
6.357,-0.012052744795923914
6.358,-0.019444840363808013
6.359,-0.015748792579865965
6.36,-0.02683693593169211
6.361,0.002731446339844281
6.362,-0.0009646014440977679
6.363,0.002731446339844281
6.364,0.017515637475612477
6.365,0.010123541907728378
6.366,-0.019444840363808013
6.367,-0.02683693593169211
6.368,0.013819589691670428
6.369,-0.008356697011981867
6.37,-0.012052744795923914
6.371,-0.004660649228039817
6.372,-0.02314088814775006
6.373,-0.012052744795923914
6.374,-0.015748792579865965
6.375,-0.008356697011981867
6.376,-0.02314088814775006
6.377,-0.0009646014440977679
6.378,0.002731446339844281
6.379,-0.004660649228039817
6.38,-0.019444840363808013
6.381,-0.008356697011981867
6.382,0.002731446339844281
6.383,-0.008356697011981867
6.384,-0.015748792579865965
6.385,-0.008356697011981867
6.386,-0.008356697011981867
6.387,-0.019444840363808013
6.388,-0.004660649228039817
6.389,-0.004660649228039817
6.39,0.002731446339844281
6.391,-0.02683693593169211
6.392,0.00642749412378633
6.393,-0.004660649228039817
6.394,-0.008356697011981867
6.395,0.010123541907728378
6.396,-0.02683693593169211
6.397,-0.015748792579865965
6.398,-0.019444840363808013
6.399,0.002731446339844281
6.4,-0.03053298371563416
6.401,-0.008356697011981867
6.402,-0.004660649228039817
6.403,-0.02314088814775006
6.404,0.00642749412378633
6.405,-0.02683693593169211
6.406,-0.008356697011981867
6.407,-0.02314088814775006
6.408,-0.0009646014440977679
6.409,-0.012052744795923914
6.41,-0.004660649228039817
6.411,-0.0009646014440977679
6.412,-0.012052744795923914
6.413,0.00642749412378633
6.414,0.002731446339844281
6.415,0.010123541907728378
6.416,0.002731446339844281
6.417,-0.008356697011981867
6.418,-0.008356697011981867
6.419,0.00642749412378633
6.42,-0.012052744795923914
6.421,-0.012052744795923914
6.422,-0.008356697011981867
6.423,-0.0009646014440977679
6.424,0.002731446339844281
6.425,-0.015748792579865965
6.426,-0.012052744795923914
6.427,-0.008356697011981867
6.428,-0.012052744795923914
6.429,0.010123541907728378
6.43,-0.008356697011981867
6.431,0.010123541907728378
6.432,0.00642749412378633
6.433,0.00642749412378633
6.434,0.010123541907728378
6.435,-0.008356697011981867
6.436,-0.008356697011981867
6.437,-0.03053298371563416
6.438,0.010123541907728378
6.439,-0.019444840363808013
6.44,-0.004660649228039817
6.441,-0.008356697011981867
6.442,-0.0009646014440977679
6.443,-0.0009646014440977679
6.444,-0.008356697011981867
6.445,-0.012052744795923914
6.446,-0.019444840363808013
6.447,-0.004660649228039817
6.448,-0.008356697011981867
6.449,-0.0009646014440977679
6.45,-0.008356697011981867
6.451,-0.02314088814775006
6.452,0.013819589691670428
6.453,-0.008356697011981867
6.454,-0.004660649228039817
6.455,-0.012052744795923914
6.456,-0.015748792579865965
6.457,-0.015748792579865965
6.458,-0.004660649228039817
6.459,-0.008356697011981867
6.46,0.010123541907728378
6.461,0.002731446339844281
6.462,-0.0009646014440977679
6.463,0.010123541907728378
6.464,-0.004660649228039817
6.465,-0.03053298371563416
6.466,0.010123541907728378
6.467,-0.004660649228039817
6.468,-0.015748792579865965
6.469,-0.0009646014440977679
6.47,-0.008356697011981867
6.471,0.002731446339844281
6.472,-0.0009646014440977679
6.473,-0.0009646014440977679
6.474,0.00642749412378633
6.475,-0.03053298371563416
6.476,-0.008356697011981867
6.477,0.010123541907728378
6.478,-0.02314088814775006
6.479,-0.0009646014440977679
6.48,-0.012052744795923914
6.481,-0.012052744795923914
6.482,-0.004660649228039817
6.483,-0.0009646014440977679
6.484,-0.004660649228039817
6.485,-0.02683693593169211
6.486,-0.012052744795923914
6.487,-0.008356697011981867
6.488,-0.004660649228039817
6.489,-0.0009646014440977679
6.49,0.00642749412378633
6.491,-0.008356697011981867
6.492,-0.004660649228039817
6.493,0.002731446339844281
6.494,-0.0009646014440977679
6.495,-0.03053298371563416
6.496,-0.004660649228039817
6.497,-0.004660649228039817
6.498,0.010123541907728378
6.499,-0.0009646014440977679
6.5,0.002731446339844281
6.501,-0.008356697011981867
6.502,-0.015748792579865965
6.503,-0.0009646014440977679
6.504,-0.004660649228039817
6.505,0.021211685259554525
6.506,0.021211685259554525
6.507,-0.03053298371563416
6.508,0.021211685259554525
6.509,-0.015748792579865965
6.51,-0.019444840363808013
6.511,-0.02683693593169211
6.512,-0.008356697011981867
6.513,0.00642749412378633
6.514,-0.012052744795923914
6.515,-0.012052744795923914
6.516,0.002731446339844281
6.517,-0.02314088814775006
6.518,-0.004660649228039817
6.519,-0.012052744795923914
6.52,-0.004660649228039817
6.521,-0.008356697011981867
6.522,0.002731446339844281
6.523,-0.008356697011981867
6.524,-0.015748792579865965
6.525,-0.004660649228039817
6.526,0.002731446339844281
6.527,-0.008356697011981867
6.528,-0.012052744795923914
6.529,-0.008356697011981867
6.53,0.002731446339844281
6.531,-0.0009646014440977679
6.532,-0.0009646014440977679
6.533,-0.008356697011981867
6.534,-0.02314088814775006
6.535,0.00642749412378633
6.536,-0.015748792579865965
6.537,-0.012052744795923914
6.538,0.021211685259554525
6.539,-0.008356697011981867
6.54,0.002731446339844281
6.541,-0.0009646014440977679
6.542,-0.015748792579865965
6.543,-0.004660649228039817
6.544,-0.0009646014440977679
6.545,-0.008356697011981867
6.546,-0.008356697011981867
6.547,-0.008356697011981867
6.548,-0.008356697011981867
6.549,-0.0009646014440977679
6.55,-0.019444840363808013
6.551,-0.008356697011981867
6.552,0.00642749412378633
6.553,0.002731446339844281
6.554,0.010123541907728378
6.555,0.010123541907728378
6.556,-0.008356697011981867
6.557,-0.008356697011981867
6.558,-0.019444840363808013
6.559,-0.019444840363808013
6.56,-0.015748792579865965
6.561,-0.0009646014440977679
6.562,0.00642749412378633
6.563,-0.02314088814775006
6.564,-0.019444840363808013
6.565,-0.004660649228039817
6.566,-0.02314088814775006
6.567,-0.004660649228039817
6.568,-0.02314088814775006
6.569,-0.008356697011981867
6.57,-0.004660649228039817
6.571,0.00642749412378633
6.572,-0.008356697011981867
6.573,-0.004660649228039817
6.574,-0.004660649228039817
6.575,0.013819589691670428
6.576,-0.0009646014440977679
6.577,0.00642749412378633
6.578,-0.008356697011981867
6.579,-0.004660649228039817
6.58,-0.012052744795923914
6.581,-0.008356697011981867
6.582,0.013819589691670428
6.583,0.002731446339844281
6.584,-0.02683693593169211
6.585,-0.008356697011981867
6.586,-0.02314088814775006
6.587,-0.02683693593169211
6.588,-0.02683693593169211
6.589,0.00642749412378633
6.59,-0.008356697011981867
6.591,-0.015748792579865965
6.592,0.010123541907728378
6.593,-0.0009646014440977679
6.594,-0.015748792579865965
6.595,-0.012052744795923914
6.596,0.00642749412378633
6.597,0.00642749412378633
6.598,-0.012052744795923914
6.599,-0.008356697011981867
6.6,0.013819589691670428
6.601,-0.02314088814775006
6.602,-0.02314088814775006
6.603,0.00642749412378633
6.604,-0.019444840363808013
6.605,0.010123541907728378
6.606,-0.019444840363808013
6.607,0.017515637475612477
6.608,-0.008356697011981867
6.609,-0.019444840363808013
6.61,-0.0009646014440977679
6.611,-0.008356697011981867
6.612,-0.015748792579865965
6.613,-0.02683693593169211
6.614,-0.004660649228039817
6.615,-0.012052744795923914
6.616,0.017515637475612477
6.617,-0.02683693593169211
6.618,-0.012052744795923914
6.619,-0.015748792579865965
6.62,0.002731446339844281
6.621,0.021211685259554525
6.622,-0.008356697011981867
6.623,-0.03792507928351826
6.624,-0.008356697011981867
6.625,-0.0009646014440977679
6.626,-0.012052744795923914
6.627,-0.019444840363808013
6.628,-0.008356697011981867
6.629,-0.015748792579865965
6.63,-0.02683693593169211
6.631,-0.0009646014440977679
6.632,-0.02314088814775006
6.633,-0.012052744795923914
6.634,0.024907733043496576
6.635,-0.0009646014440977679
6.636,-0.015748792579865965
6.637,0.002731446339844281
6.638,0.013819589691670428
6.639,-0.0009646014440977679
6.64,0.002731446339844281
6.641,-0.019444840363808013
6.642,-0.008356697011981867
6.643,-0.012052744795923914
6.644,-0.03053298371563416
6.645,0.010123541907728378
6.646,-0.0009646014440977679
6.647,-0.004660649228039817
6.648,0.002731446339844281
6.649,-0.012052744795923914
6.65,-0.004660649228039817
6.651,-0.012052744795923914
6.652,-0.008356697011981867
6.653,-0.004660649228039817
6.654,-0.008356697011981867
6.655,-0.0009646014440977679
6.656,-0.015748792579865965
6.657,0.002731446339844281
6.658,-0.0009646014440977679
6.659,-0.012052744795923914
6.66,-0.0009646014440977679
6.661,-0.012052744795923914
6.662,-0.004660649228039817
6.663,-0.0009646014440977679
6.664,0.021211685259554525
6.665,-0.019444840363808013
6.666,-0.015748792579865965
6.667,-0.03053298371563416
6.668,-0.0009646014440977679
6.669,-0.008356697011981867
6.67,-0.008356697011981867
6.671,-0.008356697011981867
6.672,-0.008356697011981867
6.673,-0.004660649228039817
6.674,-0.008356697011981867
6.675,-0.008356697011981867
6.676,-0.012052744795923914
6.677,-0.004660649228039817
6.678,-0.012052744795923914
6.679,-0.02683693593169211
6.68,0.010123541907728378
6.681,-0.015748792579865965
6.682,-0.0009646014440977679
6.683,-0.012052744795923914
6.684,0.00642749412378633
6.685,-0.019444840363808013
6.686,0.017515637475612477
6.687,-0.019444840363808013
6.688,-0.03053298371563416
6.689,0.021211685259554525
6.69,0.010123541907728378
6.691,-0.012052744795923914
6.692,0.013819589691670428
6.693,0.002731446339844281
6.694,0.013819589691670428
6.695,-0.019444840363808013
6.696,-0.02683693593169211
6.697,-0.012052744795923914
6.698,-0.015748792579865965
6.699,-0.015748792579865965
6.7,-0.004660649228039817
6.701,-0.0009646014440977679
6.702,-0.012052744795923914
6.703,0.00642749412378633
6.704,-0.012052744795923914
6.705,0.002731446339844281
6.706,-0.019444840363808013
6.707,-0.019444840363808013
6.708,-0.012052744795923914
6.709,-0.0009646014440977679
6.71,-0.03792507928351826
6.711,-0.019444840363808013
6.712,-0.008356697011981867
6.713,0.002731446339844281
6.714,-0.015748792579865965
6.715,-0.019444840363808013
6.716,-0.008356697011981867
6.717,-0.019444840363808013
6.718,-0.008356697011981867
6.719,-0.012052744795923914
6.72,-0.0009646014440977679
6.721,-0.004660649228039817
6.722,0.00642749412378633
6.723,-0.004660649228039817
6.724,0.002731446339844281
6.725,-0.019444840363808013
6.726,0.00642749412378633
6.727,-0.019444840363808013
6.728,-0.008356697011981867
6.729,-0.012052744795923914
6.73,-0.004660649228039817
6.731,-0.008356697011981867
6.732,-0.0009646014440977679
6.733,-0.012052744795923914
6.734,-0.02314088814775006
6.735,0.010123541907728378
6.736,-0.02683693593169211
6.737,0.002731446339844281
6.738,-0.004660649228039817
6.739,-0.019444840363808013
6.74,0.013819589691670428
6.741,-0.015748792579865965
6.742,-0.008356697011981867
6.743,-0.02314088814775006
6.744,0.00642749412378633
6.745,0.021211685259554525
6.746,-0.008356697011981867
6.747,-0.0009646014440977679
6.748,-0.004660649228039817
6.749,-0.02314088814775006
6.75,-0.012052744795923914
6.751,-0.012052744795923914
6.752,-0.015748792579865965
6.753,0.013819589691670428
6.754,-0.008356697011981867
6.755,-0.0009646014440977679
6.756,-0.004660649228039817
6.757,-0.004660649228039817
6.758,0.017515637475612477
6.759,-0.012052744795923914
6.76,-0.012052744795923914
6.761,0.00642749412378633
6.762,-0.015748792579865965
6.763,-0.0009646014440977679
6.764,-0.0009646014440977679
6.765,-0.008356697011981867
6.766,-0.0009646014440977679
6.767,-0.015748792579865965
6.768,-0.008356697011981867
6.769,-0.02314088814775006
6.77,-0.0009646014440977679
6.771,-0.008356697011981867
6.772,-0.004660649228039817
6.773,-0.012052744795923914
6.774,0.002731446339844281
6.775,-0.008356697011981867
6.776,-0.008356697011981867
6.777,0.010123541907728378
6.778,-0.008356697011981867
6.779,-0.012052744795923914
6.78,-0.02683693593169211
6.781,-0.008356697011981867
6.782,-0.008356697011981867
6.783,-0.019444840363808013
6.784,-0.015748792579865965
6.785,-0.008356697011981867
6.786,0.03229982861138067
6.787,-0.004660649228039817
6.788,-0.015748792579865965
6.789,-0.012052744795923914
6.79,0.002731446339844281
6.791,-0.004660649228039817
6.792,0.002731446339844281
6.793,-0.03053298371563416
6.794,-0.015748792579865965
6.795,-0.012052744795923914
6.796,-0.008356697011981867
6.797,0.010123541907728378
6.798,-0.0009646014440977679
6.799,-0.019444840363808013
6.8,-0.004660649228039817
6.801,-0.03053298371563416
6.802,-0.008356697011981867
6.803,-0.02314088814775006
6.804,0.002731446339844281
6.805,-0.004660649228039817
6.806,-0.019444840363808013
6.807,-0.02314088814775006
6.808,0.017515637475612477
6.809,0.013819589691670428
6.81,-0.012052744795923914
6.811,-0.008356697011981867
6.812,-0.012052744795923914
6.813,-0.008356697011981867
6.814,-0.008356697011981867
6.815,-0.03792507928351826
6.816,-0.015748792579865965
6.817,-0.008356697011981867
6.818,-0.004660649228039817
6.819,0.010123541907728378
6.82,0.00642749412378633
6.821,-0.008356697011981867
6.822,-0.008356697011981867
6.823,-0.02314088814775006
6.824,-0.008356697011981867
6.825,-0.015748792579865965
6.826,-0.008356697011981867
6.827,-0.008356697011981867
6.828,0.010123541907728378
6.829,0.002731446339844281
6.83,0.002731446339844281
6.831,-0.03422903149957621
6.832,-0.008356697011981867
6.833,0.002731446339844281
6.834,-0.015748792579865965
6.835,-0.008356697011981867
6.836,-0.015748792579865965
6.837,-0.008356697011981867
6.838,-0.015748792579865965
6.839,-0.02314088814775006
6.84,-0.008356697011981867
6.841,-0.019444840363808013
6.842,0.002731446339844281
6.843,-0.03792507928351826
6.844,-0.015748792579865965
6.845,-0.004660649228039817
6.846,0.010123541907728378
6.847,-0.019444840363808013
6.848,-0.008356697011981867
6.849,-0.02314088814775006
6.85,0.002731446339844281
6.851,-0.015748792579865965
6.852,-0.0009646014440977679
6.853,-0.008356697011981867
6.854,-0.004660649228039817
6.855,0.010123541907728378
6.856,-0.004660649228039817
6.857,0.010123541907728378
6.858,-0.004660649228039817
6.859,-0.015748792579865965
6.86,-0.012052744795923914
6.861,-0.012052744795923914
6.862,-0.004660649228039817
6.863,-0.012052744795923914
6.864,-0.02314088814775006
6.865,-0.008356697011981867
6.866,-0.0009646014440977679
6.867,-0.015748792579865965
6.868,-0.015748792579865965
6.869,-0.012052744795923914
6.87,-0.02683693593169211
6.871,-0.015748792579865965
6.872,0.00642749412378633
6.873,-0.012052744795923914
6.874,-0.008356697011981867
6.875,0.00642749412378633
6.876,0.002731446339844281
6.877,0.00642749412378633
6.878,-0.008356697011981867
6.879,-0.0009646014440977679
6.88,0.010123541907728378
6.881,-0.02314088814775006
6.882,0.010123541907728378
6.883,-0.019444840363808013
6.884,0.04708401974714887
6.885,-0.02683693593169211
6.886,-0.004660649228039817
6.887,-0.012052744795923914
6.888,-0.0009646014440977679
6.889,-0.015748792579865965
6.89,-0.012052744795923914
6.891,-0.008356697011981867
6.892,-0.004660649228039817
6.893,-0.012052744795923914
6.894,-0.03053298371563416
6.895,-0.015748792579865965
6.896,-0.008356697011981867
6.897,-0.004660649228039817
6.898,-0.019444840363808013
6.899,-0.008356697011981867
6.9,-0.012052744795923914
6.901,0.002731446339844281
6.902,0.010123541907728378
6.903,0.021211685259554525
6.904,-0.015748792579865965
6.905,-0.0009646014440977679
6.906,-0.004660649228039817
6.907,-0.008356697011981867
6.908,-0.019444840363808013
6.909,-0.008356697011981867
6.91,-0.008356697011981867
6.911,0.00642749412378633
6.912,0.00642749412378633
6.913,0.002731446339844281
6.914,-0.008356697011981867
6.915,-0.0009646014440977679
6.916,-0.015748792579865965
6.917,-0.012052744795923914
6.918,-0.012052744795923914
6.919,0.002731446339844281
6.92,-0.019444840363808013
6.921,-0.03053298371563416
6.922,-0.004660649228039817
6.923,0.013819589691670428
6.924,-0.008356697011981867
6.925,-0.008356697011981867
6.926,-0.02314088814775006
6.927,-0.02314088814775006
6.928,-0.0009646014440977679
6.929,-0.008356697011981867
6.93,-0.015748792579865965
6.931,-0.008356697011981867
6.932,-0.012052744795923914
6.933,0.002731446339844281
6.934,0.013819589691670428
6.935,-0.004660649228039817
6.936,-0.004660649228039817
6.937,0.010123541907728378
6.938,-0.008356697011981867
6.939,-0.012052744795923914
6.94,0.010123541907728378
6.941,-0.008356697011981867
6.942,-0.008356697011981867
6.943,-0.015748792579865965
6.944,-0.008356697011981867
6.945,-0.008356697011981867
6.946,-0.03422903149957621
6.947,-0.004660649228039817
6.948,-0.015748792579865965
6.949,-0.019444840363808013
6.95,-0.02683693593169211
6.951,-0.015748792579865965
6.952,0.00642749412378633
6.953,-0.0009646014440977679
6.954,0.010123541907728378
6.955,0.013819589691670428
6.956,-0.02314088814775006
6.957,0.013819589691670428
6.958,-0.019444840363808013
6.959,-0.0009646014440977679
6.96,-0.008356697011981867
6.961,0.00642749412378633
6.962,-0.012052744795923914
6.963,-0.012052744795923914
6.964,-0.008356697011981867
6.965,-0.03053298371563416
6.966,-0.02314088814775006
6.967,-0.004660649228039817
6.968,-0.0009646014440977679
6.969,-0.012052744795923914
6.97,-0.0009646014440977679
6.971,-0.04162112706746031
6.972,-0.019444840363808013
6.973,-0.008356697011981867
6.974,-0.008356697011981867
6.975,-0.012052744795923914
6.976,-0.0009646014440977679
6.977,-0.015748792579865965
6.978,0.013819589691670428
6.979,-0.004660649228039817
6.98,-0.019444840363808013
6.981,-0.012052744795923914
6.982,0.013819589691670428
6.983,0.002731446339844281
6.984,-0.015748792579865965
6.985,-0.0009646014440977679
6.986,-0.008356697011981867
6.987,0.002731446339844281
6.988,-0.019444840363808013
6.989,-0.0009646014440977679
6.99,0.013819589691670428
6.991,-0.004660649228039817
6.992,0.00642749412378633
6.993,-0.004660649228039817
6.994,-0.019444840363808013
6.995,-0.008356697011981867
6.996,-0.012052744795923914
6.997,-0.008356697011981867
6.998,-0.0009646014440977679
6.999,0.010123541907728378
7.0,-0.012052744795923914
7.001,0.010123541907728378
7.002,0.013819589691670428
7.003,-0.019444840363808013
7.004,0.017515637475612477
7.005,-0.0009646014440977679
7.006,-0.019444840363808013
7.007,-0.008356697011981867
7.008,-0.019444840363808013
7.009,-0.008356697011981867
7.01,0.00642749412378633
7.011,-0.019444840363808013
7.012,-0.008356697011981867
7.013,-0.012052744795923914
7.014,-0.015748792579865965
7.015,-0.019444840363808013
7.016,-0.012052744795923914
7.017,-0.02314088814775006
7.018,-0.0009646014440977679
7.019,0.002731446339844281
7.02,-0.0009646014440977679
7.021,-0.012052744795923914
7.022,0.00642749412378633
7.023,-0.02683693593169211
7.024,-0.008356697011981867
7.025,0.010123541907728378
7.026,-0.019444840363808013
7.027,-0.0009646014440977679
7.028,-0.0009646014440977679
7.029,-0.008356697011981867
7.03,-0.012052744795923914
7.031,-0.004660649228039817
7.032,-0.02314088814775006
7.033,0.00642749412378633
7.034,0.010123541907728378
7.035,-0.015748792579865965
7.036,-0.008356697011981867
7.037,0.002731446339844281
7.038,-0.015748792579865965
7.039,0.017515637475612477
7.04,0.013819589691670428
7.041,-0.03422903149957621
7.042,-0.012052744795923914
7.043,-0.0009646014440977679
7.044,-0.008356697011981867
7.045,-0.012052744795923914
7.046,-0.019444840363808013
7.047,0.002731446339844281
7.048,0.00642749412378633
7.049,-0.0009646014440977679
7.05,-0.012052744795923914
7.051,0.002731446339844281
7.052,-0.008356697011981867
7.053,-0.0009646014440977679
7.054,-0.03053298371563416
7.055,-0.0009646014440977679
7.056,0.002731446339844281
7.057,-0.008356697011981867
7.058,-0.015748792579865965
7.059,-0.0009646014440977679
7.06,-0.02314088814775006
7.061,-0.008356697011981867
7.062,-0.0009646014440977679
7.063,-0.0009646014440977679
7.064,-0.008356697011981867
7.065,-0.008356697011981867
7.066,-0.004660649228039817
7.067,-0.012052744795923914
7.068,0.002731446339844281
7.069,-0.004660649228039817
7.07,-0.0009646014440977679
7.071,0.013819589691670428
7.072,-0.02314088814775006
7.073,-0.004660649228039817
7.074,-0.008356697011981867
7.075,-0.015748792579865965
7.076,-0.004660649228039817
7.077,-0.012052744795923914
7.078,0.010123541907728378
7.079,-0.012052744795923914
7.08,-0.019444840363808013
7.081,0.00642749412378633
7.082,-0.03422903149957621
7.083,-0.02314088814775006
7.084,-0.004660649228039817
7.085,-0.008356697011981867
7.086,-0.02314088814775006
7.087,-0.012052744795923914
7.088,-0.03053298371563416
7.089,0.002731446339844281
7.09,-0.0009646014440977679
7.091,-0.012052744795923914
7.092,0.002731446339844281
7.093,-0.008356697011981867
7.094,-0.0009646014440977679
7.095,-0.0009646014440977679
7.096,-0.008356697011981867
7.097,0.00642749412378633
7.098,-0.02314088814775006
7.099,-0.004660649228039817
7.1,-0.004660649228039817
7.101,0.002731446339844281
7.102,-0.03053298371563416
7.103,-0.02314088814775006
7.104,-0.0009646014440977679
7.105,-0.03792507928351826
7.106,-0.019444840363808013
7.107,-0.02683693593169211
7.108,-0.0009646014440977679
7.109,0.002731446339844281
7.11,-0.02314088814775006
7.111,0.024907733043496576
7.112,0.002731446339844281
7.113,0.010123541907728378
7.114,-0.0009646014440977679
7.115,0.00642749412378633
7.116,-0.012052744795923914
7.117,-0.02314088814775006
7.118,-0.004660649228039817
7.119,0.010123541907728378
7.12,-0.012052744795923914
7.121,0.00642749412378633
7.122,-0.02314088814775006
7.123,-0.008356697011981867
7.124,0.021211685259554525
7.125,-0.015748792579865965
7.126,-0.004660649228039817
7.127,-0.012052744795923914
7.128,-0.012052744795923914
7.129,0.002731446339844281
7.13,-0.02314088814775006
7.131,-0.008356697011981867
7.132,-0.0009646014440977679
7.133,-0.012052744795923914
7.134,0.00642749412378633
7.135,-0.0009646014440977679
7.136,-0.015748792579865965
7.137,0.010123541907728378
7.138,0.002731446339844281
7.139,0.002731446339844281
7.14,0.00642749412378633
7.141,-0.004660649228039817
7.142,-0.019444840363808013
7.143,-0.008356697011981867
7.144,0.002731446339844281
7.145,0.010123541907728378
7.146,-0.004660649228039817
7.147,-0.008356697011981867
7.148,-0.02683693593169211
7.149,-0.0009646014440977679
7.15,0.00642749412378633
7.151,-0.012052744795923914
7.152,-0.008356697011981867
7.153,-0.015748792579865965
7.154,-0.0009646014440977679
7.155,-0.0009646014440977679
7.156,-0.015748792579865965
7.157,0.010123541907728378
7.158,-0.012052744795923914
7.159,-0.008356697011981867
7.16,0.010123541907728378
7.161,-0.02683693593169211
7.162,-0.019444840363808013
7.163,-0.015748792579865965
7.164,0.017515637475612477
7.165,-0.015748792579865965
7.166,-0.02314088814775006
7.167,-0.015748792579865965
7.168,-0.008356697011981867
7.169,-0.012052744795923914
7.17,0.002731446339844281
7.171,0.00642749412378633
7.172,-0.008356697011981867
7.173,-0.004660649228039817
7.174,-0.0009646014440977679
7.175,-0.012052744795923914
7.176,-0.004660649228039817
7.177,-0.004660649228039817
7.178,-0.019444840363808013
7.179,0.013819589691670428
7.18,-0.008356697011981867
7.181,-0.019444840363808013
7.182,-0.019444840363808013
7.183,-0.015748792579865965
7.184,-0.0009646014440977679
7.185,-0.02314088814775006
7.186,-0.015748792579865965
7.187,-0.03792507928351826
7.188,-0.019444840363808013
7.189,0.00642749412378633
7.19,-0.02683693593169211
7.191,-0.008356697011981867
7.192,-0.012052744795923914
7.193,0.024907733043496576
7.194,-0.0009646014440977679
7.195,-0.015748792579865965
7.196,-0.02314088814775006
7.197,-0.004660649228039817
7.198,-0.012052744795923914
7.199,-0.008356697011981867
7.2,-0.008356697011981867
7.201,-0.019444840363808013
7.202,-0.03053298371563416
7.203,-0.012052744795923914
7.204,-0.004660649228039817
7.205,-0.0009646014440977679
7.206,0.010123541907728378
7.207,0.021211685259554525
7.208,0.00642749412378633
7.209,-0.0009646014440977679
7.21,-0.008356697011981867
7.211,-0.015748792579865965
7.212,-0.008356697011981867
7.213,-0.012052744795923914
7.214,-0.015748792579865965
7.215,-0.015748792579865965
7.216,0.002731446339844281
7.217,-0.004660649228039817
7.218,-0.004660649228039817
7.219,-0.004660649228039817
7.22,-0.019444840363808013
7.221,-0.015748792579865965
7.222,-0.012052744795923914
7.223,-0.03053298371563416
7.224,-0.012052744795923914
7.225,-0.02314088814775006
7.226,-0.012052744795923914
7.227,-0.015748792579865965
7.228,-0.015748792579865965
7.229,-0.019444840363808013
7.23,-0.004660649228039817
7.231,-0.015748792579865965
7.232,0.00642749412378633
7.233,-0.019444840363808013
7.234,-0.019444840363808013
7.235,-0.02314088814775006
7.236,-0.004660649228039817
7.237,-0.012052744795923914
7.238,-0.012052744795923914
7.239,-0.004660649228039817
7.24,-0.019444840363808013
7.241,0.002731446339844281
7.242,0.00642749412378633
7.243,-0.008356697011981867
7.244,-0.012052744795923914
7.245,-0.012052744795923914
7.246,-0.012052744795923914
7.247,-0.015748792579865965
7.248,0.00642749412378633
7.249,0.00642749412378633
7.25,-0.015748792579865965
7.251,-0.008356697011981867
7.252,-0.019444840363808013
7.253,-0.012052744795923914
7.254,-0.015748792579865965
7.255,-0.008356697011981867
7.256,0.002731446339844281
7.257,-0.015748792579865965
7.258,-0.008356697011981867
7.259,-0.03422903149957621
7.26,0.00642749412378633
7.261,-0.004660649228039817
7.262,-0.008356697011981867
7.263,-0.008356697011981867
7.264,-0.012052744795923914
7.265,0.017515637475612477
7.266,0.00642749412378633
7.267,-0.012052744795923914
7.268,-0.012052744795923914
7.269,-0.02314088814775006
7.27,0.002731446339844281
7.271,-0.012052744795923914
7.272,0.010123541907728378
7.273,-0.008356697011981867
7.274,-0.008356697011981867
7.275,-0.0009646014440977679
7.276,-0.015748792579865965
7.277,-0.008356697011981867
7.278,-0.02314088814775006
7.279,0.002731446339844281
7.28,0.00642749412378633
7.281,-0.03053298371563416
7.282,-0.03053298371563416
7.283,0.002731446339844281
7.284,-0.0009646014440977679
7.285,0.00642749412378633
7.286,-0.012052744795923914
7.287,0.002731446339844281
7.288,-0.012052744795923914
7.289,-0.012052744795923914
7.29,-0.008356697011981867
7.291,-0.012052744795923914
7.292,-0.012052744795923914
7.293,0.00642749412378633
7.294,-0.004660649228039817
7.295,-0.015748792579865965
7.296,-0.008356697011981867
7.297,0.00642749412378633
7.298,-0.008356697011981867
7.299,-0.008356697011981867
7.3,-0.0009646014440977679
7.301,-0.0009646014440977679
7.302,-0.02683693593169211
7.303,0.00642749412378633
7.304,0.00642749412378633
7.305,-0.008356697011981867
7.306,-0.015748792579865965
7.307,-0.015748792579865965
7.308,-0.019444840363808013
7.309,-0.019444840363808013
7.31,0.002731446339844281
7.311,-0.019444840363808013
7.312,-0.008356697011981867
7.313,-0.015748792579865965
7.314,-0.015748792579865965
7.315,0.002731446339844281
7.316,0.010123541907728378
7.317,-0.0009646014440977679
7.318,-0.015748792579865965
7.319,-0.0009646014440977679
7.32,-0.02314088814775006
7.321,-0.019444840363808013
7.322,0.010123541907728378
7.323,-0.019444840363808013
7.324,-0.019444840363808013
7.325,-0.0009646014440977679
7.326,-0.008356697011981867
7.327,-0.0009646014440977679
7.328,-0.02683693593169211
7.329,-0.0009646014440977679
7.33,-0.0009646014440977679
7.331,0.002731446339844281
7.332,-0.0009646014440977679
7.333,-0.015748792579865965
7.334,-0.004660649228039817
7.335,0.013819589691670428
7.336,0.017515637475612477
7.337,0.00642749412378633
7.338,0.00642749412378633
7.339,0.002731446339844281
7.34,-0.02314088814775006
7.341,0.013819589691670428
7.342,-0.015748792579865965
7.343,0.002731446339844281
7.344,0.00642749412378633
7.345,0.002731446339844281
7.346,0.010123541907728378
7.347,-0.019444840363808013
7.348,0.010123541907728378
7.349,-0.02314088814775006
7.35,0.00642749412378633
7.351,-0.008356697011981867
7.352,0.002731446339844281
7.353,-0.012052744795923914
7.354,0.002731446339844281
7.355,-0.0009646014440977679
7.356,-0.0009646014440977679
7.357,-0.004660649228039817
7.358,-0.0009646014440977679
7.359,0.010123541907728378
7.36,-0.015748792579865965
7.361,-0.019444840363808013
7.362,-0.019444840363808013
7.363,-0.015748792579865965
7.364,-0.008356697011981867
7.365,-0.0009646014440977679
7.366,-0.008356697011981867
7.367,-0.03053298371563416
7.368,-0.004660649228039817
7.369,-0.015748792579865965
7.37,-0.0009646014440977679
7.371,-0.004660649228039817
7.372,0.002731446339844281
7.373,-0.019444840363808013
7.374,-0.015748792579865965
7.375,-0.015748792579865965
7.376,-0.015748792579865965
7.377,-0.004660649228039817
7.378,-0.004660649228039817
7.379,-0.012052744795923914
7.38,-0.015748792579865965
7.381,-0.008356697011981867
7.382,-0.012052744795923914
7.383,-0.02314088814775006
7.384,-0.012052744795923914
7.385,0.002731446339844281
7.386,0.00642749412378633
7.387,-0.012052744795923914
7.388,-0.02314088814775006
7.389,0.013819589691670428
7.39,-0.004660649228039817
7.391,-0.004660649228039817
7.392,-0.008356697011981867
7.393,0.002731446339844281
7.394,-0.02314088814775006
7.395,-0.004660649228039817
7.396,-0.019444840363808013
7.397,-0.019444840363808013
7.398,-0.019444840363808013
7.399,-0.008356697011981867
7.4,-0.004660649228039817
7.401,-0.0009646014440977679
7.402,-0.0009646014440977679
7.403,-0.02314088814775006
7.404,-0.004660649228039817
7.405,0.017515637475612477
7.406,-0.012052744795923914
7.407,-0.004660649228039817
7.408,-0.012052744795923914
7.409,-0.004660649228039817
7.41,0.010123541907728378
7.411,0.010123541907728378
7.412,-0.0009646014440977679
7.413,-0.012052744795923914
7.414,-0.02314088814775006
7.415,-0.012052744795923914
7.416,0.00642749412378633
7.417,-0.02314088814775006
7.418,-0.012052744795923914
7.419,0.002731446339844281
7.42,-0.0009646014440977679
7.421,-0.004660649228039817
7.422,-0.0009646014440977679
7.423,0.002731446339844281
7.424,-0.0009646014440977679
7.425,0.010123541907728378
7.426,0.03229982861138067
7.427,-0.015748792579865965
7.428,0.002731446339844281
7.429,0.00642749412378633
7.43,-0.015748792579865965
7.431,-0.008356697011981867
7.432,0.00642749412378633
7.433,0.017515637475612477
7.434,0.002731446339844281
7.435,0.010123541907728378
7.436,0.017515637475612477
7.437,-0.0009646014440977679
7.438,-0.019444840363808013
7.439,-0.0009646014440977679
7.44,-0.015748792579865965
7.441,-0.004660649228039817
7.442,0.010123541907728378
7.443,-0.015748792579865965
7.444,-0.0009646014440977679
7.445,-0.015748792579865965
7.446,0.002731446339844281
7.447,-0.012052744795923914
7.448,-0.012052744795923914
7.449,-0.015748792579865965
7.45,0.028603780827438623
7.451,-0.02683693593169211
7.452,-0.019444840363808013
7.453,-0.008356697011981867
7.454,-0.015748792579865965
7.455,-0.02314088814775006
7.456,-0.012052744795923914
7.457,-0.004660649228039817
7.458,-0.019444840363808013
7.459,-0.019444840363808013
7.46,-0.012052744795923914
7.461,0.013819589691670428
7.462,-0.008356697011981867
7.463,-0.004660649228039817
7.464,-0.012052744795923914
7.465,0.010123541907728378
7.466,-0.0009646014440977679
7.467,-0.02314088814775006
7.468,-0.019444840363808013
7.469,0.010123541907728378
7.47,-0.019444840363808013
7.471,-0.008356697011981867
7.472,-0.012052744795923914
7.473,-0.0009646014440977679
7.474,-0.019444840363808013
7.475,-0.019444840363808013
7.476,-0.0009646014440977679
7.477,0.002731446339844281
7.478,0.00642749412378633
7.479,-0.02683693593169211
7.48,-0.019444840363808013
7.481,0.013819589691670428
7.482,0.013819589691670428
7.483,-0.03053298371563416
7.484,0.013819589691670428
7.485,-0.012052744795923914
7.486,0.013819589691670428
7.487,-0.012052744795923914
7.488,-0.0009646014440977679
7.489,0.00642749412378633
7.49,-0.004660649228039817
7.491,-0.008356697011981867
7.492,0.010123541907728378
7.493,-0.02683693593169211
7.494,-0.0009646014440977679
7.495,0.00642749412378633
7.496,-0.008356697011981867
7.497,0.002731446339844281
7.498,-0.015748792579865965
7.499,0.002731446339844281
7.5,-0.008356697011981867
7.501,-0.015748792579865965
7.502,-0.012052744795923914
7.503,-0.0009646014440977679
7.504,-0.02314088814775006
7.505,0.002731446339844281
7.506,-0.015748792579865965
7.507,-0.012052744795923914
7.508,0.002731446339844281
7.509,-0.004660649228039817
7.51,-0.0009646014440977679
7.511,-0.02314088814775006
7.512,-0.008356697011981867
7.513,-0.012052744795923914
7.514,-0.0009646014440977679
7.515,0.013819589691670428
7.516,-0.008356697011981867
7.517,-0.004660649228039817
7.518,-0.019444840363808013
7.519,-0.019444840363808013
7.52,-0.02314088814775006
7.521,-0.012052744795923914
7.522,-0.019444840363808013
7.523,-0.008356697011981867
7.524,-0.019444840363808013
7.525,0.002731446339844281
7.526,-0.008356697011981867
7.527,-0.012052744795923914
7.528,-0.012052744795923914
7.529,-0.012052744795923914
7.53,-0.008356697011981867
7.531,-0.004660649228039817
7.532,-0.012052744795923914
7.533,-0.02683693593169211
7.534,-0.008356697011981867
7.535,0.00642749412378633
7.536,-0.015748792579865965
7.537,-0.02683693593169211
7.538,-0.008356697011981867
7.539,-0.008356697011981867
7.54,-0.012052744795923914
7.541,0.002731446339844281
7.542,-0.008356697011981867
7.543,-0.03422903149957621
7.544,-0.008356697011981867
7.545,-0.012052744795923914
7.546,-0.015748792579865965
7.547,-0.012052744795923914
7.548,0.002731446339844281
7.549,-0.012052744795923914
7.55,-0.008356697011981867
7.551,-0.015748792579865965
7.552,0.002731446339844281
7.553,-0.012052744795923914
7.554,-0.0009646014440977679
7.555,-0.02683693593169211
7.556,-0.015748792579865965
7.557,0.013819589691670428
7.558,-0.012052744795923914
7.559,-0.0009646014440977679
7.56,-0.004660649228039817
7.561,-0.004660649228039817
7.562,-0.004660649228039817
7.563,0.013819589691670428
7.564,-0.015748792579865965
7.565,-0.008356697011981867
7.566,-0.03422903149957621
7.567,-0.015748792579865965
7.568,-0.0009646014440977679
7.569,0.010123541907728378
7.57,-0.0009646014440977679
7.571,-0.008356697011981867
7.572,-0.0009646014440977679
7.573,-0.019444840363808013
7.574,-0.008356697011981867
7.575,-0.012052744795923914
7.576,-0.02683693593169211
7.577,-0.02683693593169211
7.578,-0.02683693593169211
7.579,-0.004660649228039817
7.58,-0.012052744795923914
7.581,0.002731446339844281
7.582,-0.04162112706746031
7.583,-0.008356697011981867
7.584,-0.004660649228039817
7.585,-0.019444840363808013
7.586,-0.019444840363808013
7.587,0.002731446339844281
7.588,0.00642749412378633
7.589,-0.012052744795923914
7.59,-0.008356697011981867
7.591,-0.0009646014440977679
7.592,0.010123541907728378
7.593,-0.004660649228039817
7.594,-0.004660649228039817
7.595,-0.0009646014440977679
7.596,-0.008356697011981867
7.597,-0.008356697011981867
7.598,-0.02314088814775006
7.599,-0.004660649228039817
7.6,-0.019444840363808013
7.601,-0.004660649228039817
7.602,-0.008356697011981867
7.603,-0.012052744795923914
7.604,-0.012052744795923914
7.605,-0.012052744795923914
7.606,-0.008356697011981867
7.607,-0.004660649228039817
7.608,-0.008356697011981867
7.609,-0.015748792579865965
7.61,-0.012052744795923914
7.611,-0.019444840363808013
7.612,0.00642749412378633
7.613,-0.004660649228039817
7.614,-0.008356697011981867
7.615,-0.008356697011981867
7.616,0.002731446339844281
7.617,-0.012052744795923914
7.618,-0.015748792579865965
7.619,-0.03422903149957621
7.62,-0.004660649228039817
7.621,-0.015748792579865965
7.622,-0.0009646014440977679
7.623,-0.004660649228039817
7.624,-0.019444840363808013
7.625,-0.004660649228039817
7.626,-0.0009646014440977679
7.627,-0.019444840363808013
7.628,-0.012052744795923914
7.629,-0.004660649228039817
7.63,-0.0009646014440977679
7.631,0.3205915557588605
7.632,1.5218070855400263
7.633,3.0482748203080927
7.634,4.474949264909723
7.635,5.46179402322225
7.636,5.772262037073382
7.637,5.6872529380427155
7.638,5.6281161734996425
7.639,5.75008575036973
7.64,5.909015805079238
7.641,6.049465620869036
7.642,6.101210289844225
7.643,6.05685771643692
7.644,6.008809095245674
7.645,6.008809095245674
7.646,6.0198972385975
7.647,6.082730050924515
7.648,6.1122984331960515
7.649,6.086426098708457
7.65,6.0753379553566305
7.651,6.067945859788747
7.652,6.097514242060283
7.653,6.071641907572689
7.654,6.101210289844225
7.655,6.0938181942763405
7.656,6.097514242060283
7.657,5.905319757295296
7.658,4.859338234439696
7.659,3.321782356319804
7.66,1.880323720582405
7.661,0.7678133376158485
7.662,0.36124808138222303
7.663,0.4203848459252958
7.664,0.4906097538201947
7.665,0.42408089370923785
7.666,0.2540626956479036
7.667,0.0951326409383955
7.668,0.028603780827438623
7.669,0.04708401974714887
7.67,0.09143659315445346
7.671,0.1468773099135842
7.672,0.09882868872233755
7.673,0.06926030645080117
7.674,0.05078006753109092
7.675,0.03229982861138067
7.676,0.04708401974714887
7.677,0.08034844980262731
7.678,0.05078006753109092
7.679,0.028603780827438623
7.68,0.010123541907728378
7.681,0.013819589691670428
7.682,0.024907733043496576
7.683,0.024907733043496576
7.684,0.010123541907728378
7.685,-0.012052744795923914
7.686,-0.02314088814775006
7.687,-0.02314088814775006
7.688,-0.03053298371563416
7.689,-0.019444840363808013
7.69,-0.03053298371563416
7.691,-0.04531717485140235
7.692,-0.03792507928351826
7.693,-0.052709270419286455
7.694,-0.02314088814775006
7.695,-0.03053298371563416
7.696,-0.04162112706746031
7.697,-0.03792507928351826
7.698,-0.02314088814775006
7.699,-0.04531717485140235
7.7,-0.03422903149957621
7.701,-0.03422903149957621
7.702,-0.015748792579865965
7.703,-0.008356697011981867
7.704,-0.008356697011981867
7.705,0.010123541907728378
7.706,0.021211685259554525
7.707,-0.0009646014440977679
7.708,0.00642749412378633
7.709,0.017515637475612477
7.71,0.028603780827438623
7.711,0.021211685259554525
7.712,0.03599587639532272
7.713,0.028603780827438623
7.714,0.002731446339844281
7.715,0.05078006753109092
7.716,0.058172163098975015
7.717,0.017515637475612477
7.718,0.03229982861138067
7.719,0.00642749412378633
7.72,0.017515637475612477
7.721,0.002731446339844281
7.722,0.002731446339844281
7.723,0.013819589691670428
7.724,0.002731446339844281
7.725,-0.004660649228039817
7.726,0.021211685259554525
7.727,0.010123541907728378
7.728,-0.008356697011981867
7.729,0.024907733043496576
7.73,-0.012052744795923914
7.731,-0.008356697011981867
7.732,-0.019444840363808013
7.733,-0.03792507928351826
7.734,-0.03792507928351826
7.735,-0.012052744795923914
7.736,-0.03792507928351826
7.737,-0.02314088814775006
7.738,-0.03792507928351826
7.739,-0.03053298371563416
7.74,-0.04162112706746031
7.741,-0.02314088814775006
7.742,-0.04162112706746031
7.743,-0.03792507928351826
7.744,-0.015748792579865965
7.745,-0.008356697011981867
7.746,-0.015748792579865965
7.747,-0.015748792579865965
7.748,-0.008356697011981867
7.749,0.00642749412378633
7.75,-0.019444840363808013
7.751,-0.012052744795923914
7.752,0.010123541907728378
7.753,0.00642749412378633
7.754,0.00642749412378633
7.755,0.013819589691670428
7.756,0.028603780827438623
7.757,0.013819589691670428
7.758,0.03599587639532272
7.759,0.010123541907728378
7.76,0.03229982861138067
7.761,0.024907733043496576
7.762,0.010123541907728378
7.763,0.024907733043496576
7.764,0.002731446339844281
7.765,0.028603780827438623
7.766,0.021211685259554525
7.767,-0.015748792579865965
7.768,0.002731446339844281
7.769,0.024907733043496576
7.77,0.010123541907728378
7.771,0.013819589691670428
7.772,-0.004660649228039817
7.773,-0.03792507928351826
7.774,-0.012052744795923914
7.775,-0.03053298371563416
7.776,-0.02683693593169211
7.777,-0.019444840363808013
7.778,-0.03053298371563416
7.779,-0.02683693593169211
7.78,-0.02683693593169211
7.781,-0.015748792579865965
7.782,-0.02314088814775006
7.783,-0.02683693593169211
7.784,-0.03053298371563416
7.785,-0.008356697011981867
7.786,-0.015748792579865965
7.787,-0.04531717485140235
7.788,-0.012052744795923914
7.789,-0.008356697011981867
7.79,-0.019444840363808013
7.791,-0.012052744795923914
7.792,0.002731446339844281
7.793,-0.012052744795923914
7.794,0.002731446339844281
7.795,0.002731446339844281
7.796,-0.02683693593169211
7.797,-0.008356697011981867
7.798,-0.0009646014440977679
7.799,-0.0009646014440977679
7.8,0.017515637475612477
7.801,-0.0009646014440977679
7.802,0.017515637475612477
7.803,0.017515637475612477
7.804,0.013819589691670428
7.805,0.04708401974714887
7.806,-0.0009646014440977679
7.807,-0.015748792579865965
7.808,0.010123541907728378
7.809,0.017515637475612477
7.81,0.010123541907728378
7.811,-0.004660649228039817
7.812,-0.008356697011981867
7.813,0.013819589691670428
7.814,-0.015748792579865965
7.815,-0.012052744795923914
7.816,-0.02683693593169211
7.817,-0.02314088814775006
7.818,-0.02314088814775006
7.819,-0.004660649228039817
7.82,-0.03422903149957621
7.821,-0.02314088814775006
7.822,-0.004660649228039817
7.823,-0.02683693593169211
7.824,-0.008356697011981867
7.825,-0.02314088814775006
7.826,-0.03422903149957621
7.827,-0.03053298371563416
7.828,-0.015748792579865965
7.829,-0.015748792579865965
7.83,-0.008356697011981867
7.831,-0.02314088814775006
7.832,-0.02314088814775006
7.833,-0.02314088814775006
7.834,-0.02314088814775006
7.835,-0.012052744795923914
7.836,-0.015748792579865965
7.837,-0.02683693593169211
7.838,-0.012052744795923914
7.839,-0.0009646014440977679
7.84,-0.012052744795923914
7.841,-0.008356697011981867
7.842,0.00642749412378633
7.843,-0.019444840363808013
7.844,0.024907733043496576
7.845,0.00642749412378633
7.846,0.002731446339844281
7.847,0.010123541907728378
7.848,-0.004660649228039817
7.849,0.013819589691670428
7.85,0.010123541907728378
7.851,-0.015748792579865965
7.852,0.010123541907728378
7.853,0.00642749412378633
7.854,-0.008356697011981867
7.855,0.010123541907728378
7.856,-0.0009646014440977679
7.857,-0.0009646014440977679
7.858,-0.0009646014440977679
7.859,-0.019444840363808013
7.86,-0.008356697011981867
7.861,-0.0009646014440977679
7.862,-0.008356697011981867
7.863,-0.012052744795923914
7.864,-0.0009646014440977679
7.865,0.00642749412378633
7.866,-0.012052744795923914
7.867,0.002731446339844281
7.868,-0.004660649228039817
7.869,-0.008356697011981867
7.87,-0.008356697011981867
7.871,-0.015748792579865965
7.872,-0.015748792579865965
7.873,-0.004660649228039817
7.874,-0.0009646014440977679
7.875,-0.008356697011981867
7.876,0.002731446339844281
7.877,-0.008356697011981867
7.878,0.002731446339844281
7.879,-0.02683693593169211
7.88,0.010123541907728378
7.881,-0.012052744795923914
7.882,-0.008356697011981867
7.883,-0.012052744795923914
7.884,-0.012052744795923914
7.885,-0.03422903149957621
7.886,-0.02314088814775006
7.887,-0.02314088814775006
7.888,-0.008356697011981867
7.889,-0.008356697011981867
7.89,-0.019444840363808013
7.891,-0.004660649228039817
7.892,-0.019444840363808013
7.893,0.00642749412378633
7.894,-0.008356697011981867
7.895,-0.019444840363808013
7.896,-0.008356697011981867
7.897,0.010123541907728378
7.898,-0.008356697011981867
7.899,-0.012052744795923914
7.9,-0.008356697011981867
7.901,-0.012052744795923914
7.902,0.013819589691670428
7.903,-0.012052744795923914
7.904,-0.0009646014440977679
7.905,-0.02314088814775006
7.906,-0.004660649228039817
7.907,-0.019444840363808013
7.908,-0.015748792579865965
7.909,-0.02314088814775006
7.91,-0.012052744795923914
7.911,0.00642749412378633
7.912,0.028603780827438623
7.913,0.002731446339844281
7.914,-0.012052744795923914
7.915,-0.019444840363808013
7.916,0.00642749412378633
7.917,-0.0009646014440977679
7.918,-0.012052744795923914
7.919,0.013819589691670428
7.92,0.010123541907728378
7.921,-0.004660649228039817
7.922,-0.019444840363808013
7.923,-0.012052744795923914
7.924,0.002731446339844281
7.925,-0.008356697011981867
7.926,-0.03053298371563416
7.927,-0.012052744795923914
7.928,-0.04162112706746031
7.929,-0.008356697011981867
7.93,-0.015748792579865965
7.931,-0.019444840363808013
7.932,-0.004660649228039817
7.933,-0.012052744795923914
7.934,-0.019444840363808013
7.935,-0.019444840363808013
7.936,-0.0009646014440977679
7.937,-0.008356697011981867
7.938,-0.0009646014440977679
7.939,-0.015748792579865965
7.94,0.00642749412378633
7.941,-0.008356697011981867
7.942,-0.0009646014440977679
7.943,-0.012052744795923914
7.944,-0.015748792579865965
7.945,-0.004660649228039817
7.946,-0.019444840363808013
7.947,-0.02683693593169211
7.948,-0.019444840363808013
7.949,0.002731446339844281
7.95,-0.019444840363808013
7.951,0.00642749412378633
7.952,-0.012052744795923914
7.953,-0.0009646014440977679
7.954,-0.03053298371563416
7.955,-0.019444840363808013
7.956,-0.0009646014440977679
7.957,-0.012052744795923914
7.958,-0.012052744795923914
7.959,0.002731446339844281
7.96,-0.015748792579865965
7.961,-0.015748792579865965
7.962,-0.004660649228039817
7.963,-0.02314088814775006
7.964,-0.019444840363808013
7.965,0.024907733043496576
7.966,0.002731446339844281
7.967,-0.008356697011981867
7.968,-0.012052744795923914
7.969,0.013819589691670428
7.97,0.002731446339844281
7.971,0.021211685259554525
7.972,-0.008356697011981867
7.973,-0.012052744795923914
7.974,-0.012052744795923914
7.975,0.00642749412378633
7.976,-0.02683693593169211
7.977,-0.012052744795923914
7.978,-0.052709270419286455
7.979,-0.004660649228039817
7.98,-0.008356697011981867
7.981,-0.0009646014440977679
7.982,-0.02683693593169211
7.983,-0.008356697011981867
7.984,0.013819589691670428
7.985,-0.004660649228039817
7.986,-0.004660649228039817
7.987,0.002731446339844281
7.988,-0.008356697011981867
7.989,-0.02314088814775006
7.99,-0.015748792579865965
7.991,-0.015748792579865965
7.992,-0.015748792579865965
7.993,-0.019444840363808013
7.994,-0.008356697011981867
7.995,-0.019444840363808013
7.996,0.002731446339844281
7.997,-0.0009646014440977679
7.998,-0.004660649228039817
7.999,0.002731446339844281
8.0,0.002731446339844281
8.001,-0.02314088814775006
8.002,-0.0009646014440977679
8.003,-0.008356697011981867
8.004,-0.008356697011981867
8.005,-0.008356697011981867
8.006,-0.008356697011981867
8.007,0.002731446339844281
8.008,0.002731446339844281
8.009,-0.019444840363808013
8.01,-0.0009646014440977679
8.011,0.013819589691670428
8.012,0.013819589691670428
8.013,-0.012052744795923914
8.014,-0.012052744795923914
8.015,-0.008356697011981867
8.016,-0.015748792579865965
8.017,-0.008356697011981867
8.018,-0.02683693593169211
8.019,-0.02314088814775006
8.02,0.002731446339844281
8.021,-0.0009646014440977679
8.022,-0.015748792579865965
8.023,-0.02314088814775006
8.024,-0.019444840363808013
8.025,-0.0009646014440977679
8.026,0.017515637475612477
8.027,-0.008356697011981867
8.028,-0.0009646014440977679
8.029,-0.0009646014440977679
8.03,-0.015748792579865965
8.031,0.002731446339844281
8.032,0.002731446339844281
8.033,-0.015748792579865965
8.034,0.010123541907728378
8.035,0.002731446339844281
8.036,-0.015748792579865965
8.037,0.002731446339844281
8.038,-0.012052744795923914
8.039,-0.019444840363808013
8.04,-0.008356697011981867
8.041,-0.015748792579865965
8.042,0.002731446339844281
8.043,0.002731446339844281
8.044,-0.03422903149957621
8.045,-0.03422903149957621
8.046,-0.004660649228039817
8.047,-0.008356697011981867
8.048,-0.0009646014440977679
8.049,-0.004660649228039817
8.05,-0.008356697011981867
8.051,-0.019444840363808013
8.052,-0.008356697011981867
8.053,0.00642749412378633
8.054,-0.02314088814775006
8.055,0.010123541907728378
8.056,-0.004660649228039817
8.057,-0.015748792579865965
8.058,-0.015748792579865965
8.059,0.002731446339844281
8.06,0.010123541907728378
8.061,-0.0009646014440977679
8.062,-0.012052744795923914
8.063,-0.02683693593169211
8.064,-0.008356697011981867
8.065,-0.004660649228039817
8.066,-0.008356697011981867
8.067,-0.0009646014440977679
8.068,-0.012052744795923914
8.069,-0.015748792579865965
8.07,0.002731446339844281
8.071,-0.008356697011981867
8.072,-0.02314088814775006
8.073,-0.015748792579865965
8.074,0.010123541907728378
8.075,-0.008356697011981867
8.076,-0.008356697011981867
8.077,-0.015748792579865965
8.078,-0.008356697011981867
8.079,-0.004660649228039817
8.08,-0.015748792579865965
8.081,0.002731446339844281
8.082,-0.015748792579865965
8.083,-0.008356697011981867
8.084,-0.015748792579865965
8.085,-0.004660649228039817
8.086,0.010123541907728378
8.087,-0.019444840363808013
8.088,-0.004660649228039817
8.089,-0.015748792579865965
8.09,-0.019444840363808013
8.091,-0.0009646014440977679
8.092,-0.004660649228039817
8.093,-0.02683693593169211
8.094,-0.0009646014440977679
8.095,-0.004660649228039817
8.096,-0.008356697011981867
8.097,-0.0009646014440977679
8.098,-0.015748792579865965
8.099,0.002731446339844281
8.1,-0.015748792579865965
8.101,-0.02314088814775006
8.102,-0.012052744795923914
8.103,-0.008356697011981867
8.104,-0.012052744795923914
8.105,0.00642749412378633
8.106,-0.012052744795923914
8.107,-0.019444840363808013
8.108,-0.012052744795923914
8.109,-0.004660649228039817
8.11,-0.012052744795923914
8.111,0.002731446339844281
8.112,0.00642749412378633
8.113,0.002731446339844281
8.114,0.002731446339844281
8.115,-0.0009646014440977679
8.116,-0.004660649228039817
8.117,0.024907733043496576
8.118,-0.012052744795923914
8.119,0.00642749412378633
8.12,-0.008356697011981867
8.121,-0.012052744795923914
8.122,-0.02314088814775006
8.123,-0.012052744795923914
8.124,-0.012052744795923914
8.125,-0.008356697011981867
8.126,0.024907733043496576
8.127,-0.008356697011981867
8.128,0.017515637475612477
8.129,0.010123541907728378
8.13,0.010123541907728378
8.131,-0.02314088814775006
8.132,-0.03792507928351826
8.133,-0.019444840363808013
8.134,-0.0009646014440977679
8.135,-0.019444840363808013
8.136,-0.015748792579865965
8.137,-0.02314088814775006
8.138,-0.02314088814775006
8.139,0.024907733043496576
8.14,-0.012052744795923914
8.141,-0.012052744795923914
8.142,-0.03053298371563416
8.143,-0.02314088814775006
8.144,0.010123541907728378
8.145,-0.04162112706746031
8.146,-0.008356697011981867
8.147,0.002731446339844281
8.148,-0.019444840363808013
8.149,-0.019444840363808013
8.15,0.013819589691670428
8.151,-0.004660649228039817
8.152,-0.015748792579865965
8.153,0.002731446339844281
8.154,0.00642749412378633
8.155,-0.02683693593169211
8.156,-0.0009646014440977679
8.157,-0.008356697011981867
8.158,-0.012052744795923914
8.159,0.002731446339844281
8.16,-0.015748792579865965
8.161,-0.015748792579865965
8.162,-0.008356697011981867
8.163,0.010123541907728378
8.164,0.017515637475612477
8.165,-0.015748792579865965
8.166,0.002731446339844281
8.167,-0.019444840363808013
8.168,-0.008356697011981867
8.169,-0.0009646014440977679
8.17,-0.012052744795923914
8.171,-0.0009646014440977679
8.172,-0.004660649228039817
8.173,-0.008356697011981867
8.174,-0.008356697011981867
8.175,-0.015748792579865965
8.176,-0.012052744795923914
8.177,-0.015748792579865965
8.178,-0.019444840363808013
8.179,0.017515637475612477
8.18,-0.015748792579865965
8.181,-0.012052744795923914
8.182,-0.019444840363808013
8.183,-0.0009646014440977679
8.184,-0.02314088814775006
8.185,-0.015748792579865965
8.186,-0.0009646014440977679
8.187,-0.0009646014440977679
8.188,-0.02683693593169211
8.189,-0.008356697011981867
8.19,-0.019444840363808013
8.191,-0.012052744795923914
