Time (s),Voltage (V)
0.0,0.002731446339844281
0.001,0.00642749412378633
0.002,-0.004660649228039817
0.003,0.002731446339844281
0.004,-0.015748792579865965
0.005,-0.015748792579865965
0.006,-0.004660649228039817
0.007,0.00642749412378633
0.008,-0.004660649228039817
0.009,-0.0009646014440977679
0.01,0.017515637475612477
0.011,-0.004660649228039817
0.012,-0.012052744795923914
0.013,-0.019444840363808013
0.014,-0.02314088814775006
0.015,0.002731446339844281
0.016,-0.02683693593169211
0.017,-0.02314088814775006
0.018,-0.0009646014440977679
0.019,0.00642749412378633
0.02,-0.012052744795923914
0.021,-0.015748792579865965
0.022,-0.0009646014440977679
0.023,-0.012052744795923914
0.024,-0.02314088814775006
0.025,0.00642749412378633
0.026,-0.0009646014440977679
0.027,-0.015748792579865965
0.028,-0.012052744795923914
0.029,0.002731446339844281
0.03,-0.008356697011981867
0.031,-0.012052744795923914
0.032,-0.0009646014440977679
0.033,-0.008356697011981867
0.034,-0.004660649228039817
0.035,-0.02314088814775006
0.036,-0.0009646014440977679
0.037,-0.02683693593169211
0.038,-0.0009646014440977679
0.039,-0.008356697011981867
0.04,-0.0009646014440977679
0.041,-0.02314088814775006
0.042,-0.0009646014440977679
0.043,0.00642749412378633
0.044,0.00642749412378633
0.045,-0.012052744795923914
0.046,0.010123541907728378
0.047,0.002731446339844281
0.048,-0.012052744795923914
0.049,-0.015748792579865965
0.05,-0.008356697011981867
0.051,-0.015748792579865965
0.052,-0.008356697011981867
0.053,-0.004660649228039817
0.054,-0.02683693593169211
0.055,-0.008356697011981867
0.056,-0.03422903149957621
0.057,-0.012052744795923914
0.058,-0.019444840363808013
0.059,-0.012052744795923914
0.06,0.010123541907728378
0.061,0.002731446339844281
0.062,-0.0009646014440977679
0.063,-0.015748792579865965
0.064,-0.008356697011981867
0.065,-0.012052744795923914
0.066,0.00642749412378633
0.067,-0.0009646014440977679
0.068,-0.019444840363808013
0.069,-0.015748792579865965
0.07,-0.019444840363808013
0.071,-0.015748792579865965
0.072,-0.004660649228039817
0.073,-0.004660649228039817
0.074,0.00642749412378633
0.075,-0.008356697011981867
0.076,-0.0009646014440977679
0.077,-0.019444840363808013
0.078,-0.04162112706746031
0.079,-0.015748792579865965
0.08,0.010123541907728378
0.081,-0.008356697011981867
0.082,-0.015748792579865965
0.083,-0.0009646014440977679
0.084,-0.004660649228039817
0.085,-0.02314088814775006
0.086,-0.019444840363808013
0.087,0.002731446339844281
0.088,-0.012052744795923914
0.089,-0.012052744795923914
0.09,0.024907733043496576
0.091,-0.012052744795923914
0.092,0.013819589691670428
0.093,-0.008356697011981867
0.094,-0.03053298371563416
0.095,0.010123541907728378
0.096,0.013819589691670428
0.097,-0.008356697011981867
0.098,0.010123541907728378
0.099,-0.02683693593169211
0.1,0.002731446339844281
0.101,0.013819589691670428
0.102,-0.012052744795923914
0.103,-0.004660649228039817
0.104,-0.015748792579865965
0.105,-0.004660649228039817
0.106,-0.015748792579865965
0.107,-0.015748792579865965
0.108,-0.008356697011981867
0.109,-0.008356697011981867
0.11,-0.004660649228039817
0.111,-0.019444840363808013
0.112,-0.008356697011981867
0.113,-0.012052744795923914
0.114,0.002731446339844281
0.115,0.010123541907728378
0.116,-0.0009646014440977679
0.117,0.002731446339844281
0.118,-0.02683693593169211
0.119,-0.019444840363808013
0.12,0.002731446339844281
0.121,0.002731446339844281
0.122,0.002731446339844281
0.123,-0.008356697011981867
0.124,-0.004660649228039817
0.125,-0.012052744795923914
0.126,-0.008356697011981867
0.127,-0.015748792579865965
0.128,-0.0009646014440977679
0.129,0.013819589691670428
0.13,-0.02314088814775006
0.131,-0.0009646014440977679
0.132,-0.0009646014440977679
0.133,-0.004660649228039817
0.134,-0.0009646014440977679
0.135,0.00642749412378633
0.136,-0.015748792579865965
0.137,-0.0009646014440977679
0.138,-0.008356697011981867
0.139,0.017515637475612477
0.14,0.00642749412378633
0.141,-0.004660649228039817
0.142,-0.02314088814775006
0.143,-0.03422903149957621
0.144,0.010123541907728378
0.145,-0.0009646014440977679
0.146,-0.008356697011981867
0.147,-0.008356697011981867
0.148,0.002731446339844281
0.149,-0.008356697011981867
0.15,0.017515637475612477
0.151,0.002731446339844281
0.152,0.013819589691670428
0.153,-0.015748792579865965
0.154,-0.0009646014440977679
0.155,0.010123541907728378
0.156,-0.0009646014440977679
0.157,0.013819589691670428
0.158,-0.015748792579865965
0.159,-0.012052744795923914
0.16,0.017515637475612477
0.161,-0.004660649228039817
0.162,-0.012052744795923914
0.163,0.00642749412378633
0.164,-0.004660649228039817
0.165,-0.004660649228039817
0.166,-0.008356697011981867
0.167,-0.012052744795923914
0.168,-0.008356697011981867
0.169,-0.012052744795923914
0.17,0.00642749412378633
0.171,-0.019444840363808013
0.172,0.002731446339844281
0.173,0.00642749412378633
0.174,-0.008356697011981867
0.175,-0.004660649228039817
0.176,-0.008356697011981867
0.177,-0.02314088814775006
0.178,-0.019444840363808013
0.179,-0.015748792579865965
0.18,-0.012052744795923914
0.181,-0.015748792579865965
0.182,0.00642749412378633
0.183,-0.008356697011981867
0.184,0.010123541907728378
0.185,-0.015748792579865965
0.186,-0.008356697011981867
0.187,-0.008356697011981867
0.188,-0.0009646014440977679
0.189,-0.008356697011981867
0.19,0.013819589691670428
0.191,-0.008356697011981867
0.192,-0.0009646014440977679
0.193,0.013819589691670428
0.194,-0.015748792579865965
0.195,-0.02314088814775006
0.196,0.021211685259554525
0.197,-0.012052744795923914
0.198,0.013819589691670428
0.199,-0.008356697011981867
0.2,-0.0009646014440977679
0.201,-0.0009646014440977679
0.202,-0.008356697011981867
0.203,-0.02314088814775006
0.204,-0.019444840363808013
0.205,-0.008356697011981867
0.206,-0.012052744795923914
0.207,-0.015748792579865965
0.208,-0.008356697011981867
0.209,-0.02683693593169211
0.21,0.00642749412378633
0.211,0.021211685259554525
0.212,-0.008356697011981867
0.213,-0.02683693593169211
0.214,-0.012052744795923914
0.215,-0.04162112706746031
0.216,-0.019444840363808013
0.217,-0.0009646014440977679
0.218,-0.0009646014440977679
0.219,0.010123541907728378
0.22,-0.03053298371563416
0.221,0.00642749412378633
0.222,-0.02683693593169211
0.223,-0.015748792579865965
0.224,0.013819589691670428
0.225,-0.0009646014440977679
0.226,-0.004660649228039817
0.227,-0.02683693593169211
0.228,-0.004660649228039817
0.229,0.00642749412378633
0.23,-0.012052744795923914
0.231,-0.015748792579865965
0.232,-0.008356697011981867
0.233,-0.0009646014440977679
0.234,-0.015748792579865965
0.235,-0.0009646014440977679
0.236,-0.015748792579865965
0.237,0.010123541907728378
0.238,-0.0009646014440977679
0.239,-0.02683693593169211
0.24,-0.0009646014440977679
0.241,-0.0009646014440977679
0.242,-0.008356697011981867
0.243,0.002731446339844281
0.244,-0.008356697011981867
0.245,0.00642749412378633
0.246,-0.012052744795923914
0.247,-0.0009646014440977679
0.248,0.010123541907728378
0.249,-0.015748792579865965
0.25,-0.015748792579865965
0.251,-0.008356697011981867
0.252,0.03229982861138067
0.253,0.010123541907728378
0.254,-0.004660649228039817
0.255,-0.02314088814775006
0.256,-0.02314088814775006
0.257,-0.004660649228039817
0.258,-0.008356697011981867
0.259,0.002731446339844281
0.26,-0.012052744795923914
0.261,-0.008356697011981867
0.262,-0.004660649228039817
0.263,-0.004660649228039817
0.264,0.010123541907728378
0.265,-0.008356697011981867
0.266,-0.015748792579865965
0.267,-0.012052744795923914
0.268,-0.02314088814775006
0.269,0.017515637475612477
0.27,-0.02683693593169211
0.271,-0.008356697011981867
0.272,-0.004660649228039817
0.273,-0.0009646014440977679
0.274,-0.008356697011981867
0.275,-0.019444840363808013
0.276,0.002731446339844281
0.277,0.00642749412378633
0.278,-0.004660649228039817
0.279,-0.008356697011981867
0.28,0.002731446339844281
0.281,-0.008356697011981867
0.282,0.00642749412378633
0.283,0.021211685259554525
0.284,-0.012052744795923914
0.285,-0.008356697011981867
0.286,-0.012052744795923914
0.287,-0.02314088814775006
0.288,-0.008356697011981867
0.289,0.002731446339844281
0.29,0.002731446339844281
0.291,-0.02314088814775006
0.292,-0.004660649228039817
0.293,-0.0009646014440977679
0.294,0.010123541907728378
0.295,0.017515637475612477
0.296,-0.008356697011981867
0.297,-0.008356697011981867
0.298,-0.0009646014440977679
0.299,-0.0009646014440977679
0.3,-0.004660649228039817
0.301,-0.008356697011981867
0.302,0.002731446339844281
0.303,-0.019444840363808013
0.304,-0.008356697011981867
0.305,-0.008356697011981867
0.306,-0.012052744795923914
0.307,-0.012052744795923914
0.308,0.002731446339844281
0.309,-0.0009646014440977679
0.31,-0.0009646014440977679
0.311,-0.015748792579865965
0.312,-0.0009646014440977679
0.313,0.013819589691670428
0.314,-0.008356697011981867
0.315,-0.0009646014440977679
0.316,0.002731446339844281
0.317,-0.02683693593169211
0.318,0.002731446339844281
0.319,0.017515637475612477
0.32,0.010123541907728378
0.321,-0.008356697011981867
0.322,-0.012052744795923914
0.323,0.013819589691670428
0.324,-0.012052744795923914
0.325,-0.004660649228039817
0.326,0.002731446339844281
0.327,-0.015748792579865965
0.328,-0.015748792579865965
0.329,0.010123541907728378
0.33,-0.004660649228039817
0.331,0.00642749412378633
0.332,-0.012052744795923914
0.333,-0.019444840363808013
0.334,-0.004660649228039817
0.335,-0.004660649228039817
0.336,-0.008356697011981867
0.337,0.013819589691670428
0.338,-0.008356697011981867
0.339,-0.012052744795923914
0.34,-0.0009646014440977679
0.341,-0.012052744795923914
0.342,0.002731446339844281
0.343,0.00642749412378633
0.344,-0.02683693593169211
0.345,-0.02314088814775006
0.346,0.010123541907728378
0.347,-0.015748792579865965
0.348,-0.004660649228039817
0.349,0.00642749412378633
0.35,-0.02314088814775006
0.351,0.021211685259554525
0.352,-0.004660649228039817
0.353,-0.015748792579865965
0.354,-0.015748792579865965
0.355,-0.0009646014440977679
0.356,-0.02683693593169211
0.357,-0.02683693593169211
0.358,-0.019444840363808013
0.359,-0.004660649228039817
0.36,-0.0009646014440977679
0.361,0.010123541907728378
0.362,-0.012052744795923914
0.363,-0.02314088814775006
0.364,-0.008356697011981867
0.365,-0.015748792579865965
0.366,0.013819589691670428
0.367,-0.008356697011981867
0.368,-0.008356697011981867
0.369,0.002731446339844281
0.37,-0.015748792579865965
0.371,0.010123541907728378
0.372,0.002731446339844281
0.373,-0.012052744795923914
0.374,-0.02314088814775006
0.375,0.024907733043496576
0.376,0.002731446339844281
0.377,-0.012052744795923914
0.378,-0.012052744795923914
0.379,-0.03422903149957621
0.38,-0.0009646014440977679
0.381,0.002731446339844281
0.382,-0.008356697011981867
0.383,-0.015748792579865965
0.384,0.00642749412378633
0.385,-0.008356697011981867
0.386,-0.015748792579865965
0.387,-0.012052744795923914
0.388,-0.03053298371563416
0.389,-0.008356697011981867
0.39,-0.015748792579865965
0.391,-0.0009646014440977679
0.392,0.002731446339844281
0.393,-0.004660649228039817
0.394,0.010123541907728378
0.395,0.00642749412378633
0.396,-0.02314088814775006
0.397,-0.008356697011981867
0.398,0.010123541907728378
0.399,-0.0009646014440977679
0.4,-0.0009646014440977679
0.401,-0.03053298371563416
0.402,0.002731446339844281
0.403,-0.02683693593169211
0.404,-0.008356697011981867
0.405,0.00642749412378633
0.406,0.002731446339844281
0.407,-0.0009646014440977679
0.408,-0.0009646014440977679
0.409,-0.02314088814775006
0.41,-0.012052744795923914
0.411,0.010123541907728378
0.412,-0.012052744795923914
0.413,-0.004660649228039817
0.414,0.010123541907728378
0.415,-0.004660649228039817
0.416,-0.008356697011981867
0.417,-0.008356697011981867
0.418,-0.015748792579865965
0.419,-0.02683693593169211
0.42,-0.012052744795923914
0.421,-0.008356697011981867
0.422,0.002731446339844281
0.423,0.013819589691670428
0.424,-0.015748792579865965
0.425,-0.012052744795923914
0.426,-0.008356697011981867
0.427,-0.012052744795923914
0.428,-0.012052744795923914
0.429,-0.008356697011981867
0.43,0.002731446339844281
0.431,-0.015748792579865965
0.432,0.00642749412378633
0.433,-0.0009646014440977679
0.434,-0.02314088814775006
0.435,-0.02683693593169211
0.436,-0.004660649228039817
0.437,-0.03053298371563416
0.438,0.013819589691670428
0.439,-0.008356697011981867
0.44,-0.019444840363808013
0.441,-0.008356697011981867
0.442,-0.02314088814775006
0.443,0.013819589691670428
0.444,-0.008356697011981867
0.445,-0.008356697011981867
0.446,0.00642749412378633
0.447,-0.008356697011981867
0.448,-0.004660649228039817
0.449,-0.012052744795923914
0.45,0.00642749412378633
0.451,-0.02314088814775006
0.452,-0.008356697011981867
0.453,-0.0009646014440977679
0.454,0.017515637475612477
0.455,-0.0009646014440977679
0.456,-0.012052744795923914
0.457,-0.0009646014440977679
0.458,-0.008356697011981867
0.459,-0.004660649228039817
0.46,0.002731446339844281
0.461,-0.015748792579865965
0.462,-0.004660649228039817
0.463,-0.008356697011981867
0.464,-0.008356697011981867
0.465,-0.02314088814775006
0.466,-0.019444840363808013
0.467,-0.004660649228039817
0.468,-0.012052744795923914
0.469,-0.0009646014440977679
0.47,-0.019444840363808013
0.471,-0.012052744795923914
0.472,0.002731446339844281
0.473,-0.008356697011981867
0.474,-0.008356697011981867
0.475,0.00642749412378633
0.476,0.010123541907728378
0.477,-0.008356697011981867
0.478,-0.008356697011981867
0.479,-0.004660649228039817
0.48,0.00642749412378633
0.481,-0.012052744795923914
0.482,-0.008356697011981867
0.483,0.013819589691670428
0.484,-0.03422903149957621
0.485,0.002731446339844281
0.486,0.002731446339844281
0.487,-0.004660649228039817
0.488,-0.008356697011981867
0.489,-0.008356697011981867
0.49,-0.015748792579865965
0.491,-0.004660649228039817
0.492,-0.012052744795923914
0.493,-0.012052744795923914
0.494,-0.02683693593169211
0.495,-0.004660649228039817
0.496,0.028603780827438623
0.497,0.013819589691670428
0.498,-0.0009646014440977679
0.499,-0.004660649228039817
0.5,-0.004660649228039817
0.501,-0.015748792579865965
0.502,-0.0009646014440977679
0.503,-0.019444840363808013
0.504,-0.004660649228039817
0.505,0.010123541907728378
0.506,-0.012052744795923914
0.507,-0.008356697011981867
0.508,-0.012052744795923914
0.509,-0.008356697011981867
0.51,-0.004660649228039817
0.511,0.021211685259554525
0.512,0.00642749412378633
0.513,-0.012052744795923914
0.514,0.00642749412378633
0.515,-0.008356697011981867
0.516,-0.008356697011981867
0.517,-0.03422903149957621
0.518,-0.012052744795923914
0.519,-0.0009646014440977679
0.52,-0.008356697011981867
0.521,-0.004660649228039817
0.522,0.002731446339844281
0.523,-0.008356697011981867
0.524,0.002731446339844281
0.525,-0.015748792579865965
0.526,-0.02314088814775006
0.527,-0.0009646014440977679
0.528,-0.004660649228039817
0.529,0.013819589691670428
0.53,0.013819589691670428
0.531,-0.02683693593169211
0.532,-0.02683693593169211
0.533,-0.004660649228039817
0.534,-0.004660649228039817
0.535,-0.0009646014440977679
0.536,-0.03053298371563416
0.537,-0.008356697011981867
0.538,0.00642749412378633
0.539,-0.0009646014440977679
0.54,0.002731446339844281
0.541,-0.004660649228039817
0.542,-0.0009646014440977679
0.543,-0.02314088814775006
0.544,-0.004660649228039817
0.545,-0.019444840363808013
0.546,0.00642749412378633
0.547,-0.004660649228039817
0.548,-0.004660649228039817
0.549,-0.02314088814775006
0.55,-0.0009646014440977679
0.551,-0.004660649228039817
0.552,0.010123541907728378
0.553,-0.008356697011981867
0.554,0.028603780827438623
0.555,-0.019444840363808013
0.556,-0.012052744795923914
0.557,-0.0009646014440977679
0.558,-0.008356697011981867
0.559,-0.019444840363808013
0.56,-0.015748792579865965
0.561,-0.019444840363808013
0.562,-0.012052744795923914
0.563,0.00642749412378633
0.564,-0.0009646014440977679
0.565,-0.0009646014440977679
0.566,-0.004660649228039817
0.567,0.017515637475612477
0.568,0.002731446339844281
0.569,-0.0009646014440977679
0.57,-0.0009646014440977679
0.571,0.00642749412378633
0.572,-0.02683693593169211
0.573,-0.008356697011981867
0.574,-0.015748792579865965
0.575,-0.012052744795923914
0.576,-0.008356697011981867
0.577,0.002731446339844281
0.578,-0.0009646014440977679
0.579,0.002731446339844281
0.58,-0.008356697011981867
0.581,0.00642749412378633
0.582,-0.004660649228039817
0.583,-0.019444840363808013
0.584,0.002731446339844281
0.585,0.002731446339844281
0.586,-0.0009646014440977679
0.587,0.021211685259554525
0.588,-0.008356697011981867
0.589,-0.0009646014440977679
0.59,-0.02314088814775006
0.591,0.002731446339844281
0.592,-0.008356697011981867
0.593,-0.015748792579865965
0.594,0.002731446339844281
0.595,0.021211685259554525
0.596,0.002731446339844281
0.597,-0.008356697011981867
0.598,-0.02314088814775006
0.599,-0.012052744795923914
0.6,-0.004660649228039817
0.601,-0.0009646014440977679
0.602,-0.0009646014440977679
0.603,-0.02314088814775006
0.604,-0.0009646014440977679
0.605,-0.008356697011981867
0.606,0.010123541907728378
0.607,-0.015748792579865965
0.608,-0.004660649228039817
0.609,-0.015748792579865965
0.61,-0.02683693593169211
0.611,-0.019444840363808013
0.612,-0.0009646014440977679
0.613,-0.0009646014440977679
0.614,-0.008356697011981867
0.615,0.002731446339844281
0.616,-0.015748792579865965
0.617,0.013819589691670428
0.618,0.00642749412378633
0.619,-0.008356697011981867
0.62,-0.019444840363808013
0.621,-0.008356697011981867
0.622,-0.0009646014440977679
0.623,-0.0009646014440977679
0.624,-0.019444840363808013
0.625,-0.008356697011981867
0.626,-0.03792507928351826
0.627,0.002731446339844281
0.628,-0.008356697011981867
0.629,-0.0009646014440977679
0.63,-0.019444840363808013
0.631,-0.0009646014440977679
0.632,-0.02683693593169211
0.633,-0.004660649228039817
0.634,-0.012052744795923914
0.635,-0.008356697011981867
0.636,0.00642749412378633
0.637,-0.0009646014440977679
0.638,-0.0009646014440977679
0.639,-0.0009646014440977679
0.64,-0.004660649228039817
0.641,-0.0009646014440977679
0.642,-0.008356697011981867
0.643,-0.008356697011981867
0.644,0.010123541907728378
0.645,-0.02683693593169211
0.646,-0.004660649228039817
0.647,0.002731446339844281
0.648,0.002731446339844281
0.649,-0.012052744795923914
0.65,-0.015748792579865965
0.651,-0.008356697011981867
0.652,-0.019444840363808013
0.653,-0.012052744795923914
0.654,-0.004660649228039817
0.655,-0.0009646014440977679
0.656,-0.019444840363808013
0.657,-0.03053298371563416
0.658,-0.02683693593169211
0.659,-0.008356697011981867
0.66,-0.004660649228039817
0.661,-0.02683693593169211
0.662,-0.008356697011981867
0.663,-0.03422903149957621
0.664,-0.019444840363808013
0.665,0.002731446339844281
0.666,-0.008356697011981867
0.667,-0.015748792579865965
0.668,-0.02683693593169211
0.669,0.002731446339844281
0.67,-0.015748792579865965
0.671,-0.004660649228039817
0.672,-0.0009646014440977679
0.673,-0.02314088814775006
0.674,-0.008356697011981867
0.675,0.002731446339844281
0.676,-0.004660649228039817
0.677,-0.008356697011981867
0.678,-0.008356697011981867
0.679,-0.012052744795923914
0.68,-0.012052744795923914
0.681,0.010123541907728378
0.682,-0.015748792579865965
0.683,-0.019444840363808013
0.684,-0.008356697011981867
0.685,-0.012052744795923914
0.686,0.013819589691670428
0.687,-0.015748792579865965
0.688,-0.015748792579865965
0.689,-0.004660649228039817
0.69,-0.004660649228039817
0.691,-0.02683693593169211
0.692,0.010123541907728378
0.693,-0.012052744795923914
0.694,0.010123541907728378
0.695,-0.02683693593169211
0.696,-0.012052744795923914
0.697,0.002731446339844281
0.698,-0.015748792579865965
0.699,0.002731446339844281
0.7,-0.008356697011981867
0.701,-0.015748792579865965
0.702,-0.0009646014440977679
0.703,-0.008356697011981867
0.704,-0.008356697011981867
0.705,-0.008356697011981867
0.706,-0.0009646014440977679
0.707,-0.004660649228039817
0.708,-0.02683693593169211
0.709,0.010123541907728378
0.71,-0.004660649228039817
0.711,-0.012052744795923914
0.712,0.013819589691670428
0.713,0.002731446339844281
0.714,-0.0009646014440977679
0.715,-0.0009646014440977679
0.716,-0.02683693593169211
0.717,-0.0009646014440977679
0.718,0.00642749412378633
0.719,-0.0009646014440977679
0.72,-0.015748792579865965
0.721,-0.012052744795923914
0.722,-0.015748792579865965
0.723,-0.012052744795923914
0.724,0.013819589691670428
0.725,-0.03053298371563416
0.726,-0.0009646014440977679
0.727,-0.008356697011981867
0.728,-0.012052744795923914
0.729,-0.019444840363808013
0.73,0.002731446339844281
0.731,0.013819589691670428
0.732,-0.02683693593169211
0.733,0.002731446339844281
0.734,-0.015748792579865965
0.735,-0.012052744795923914
0.736,0.013819589691670428
0.737,-0.015748792579865965
0.738,-0.015748792579865965
0.739,-0.012052744795923914
0.74,-0.008356697011981867
0.741,-0.02683693593169211
0.742,0.002731446339844281
0.743,-0.019444840363808013
0.744,0.017515637475612477
0.745,0.00642749412378633
0.746,-0.008356697011981867
0.747,-0.012052744795923914
0.748,-0.0009646014440977679
0.749,-0.004660649228039817
0.75,-0.012052744795923914
0.751,-0.012052744795923914
0.752,-0.008356697011981867
0.753,-0.012052744795923914
0.754,0.002731446339844281
0.755,-0.008356697011981867
0.756,-0.02683693593169211
0.757,0.00642749412378633
0.758,-0.008356697011981867
0.759,0.00642749412378633
0.76,-0.008356697011981867
0.761,0.017515637475612477
0.762,0.002731446339844281
0.763,-0.012052744795923914
0.764,-0.012052744795923914
0.765,-0.012052744795923914
0.766,-0.03422903149957621
0.767,0.017515637475612477
0.768,-0.004660649228039817
0.769,-0.0009646014440977679
0.77,0.013819589691670428
0.771,-0.008356697011981867
0.772,-0.015748792579865965
0.773,-0.019444840363808013
0.774,-0.015748792579865965
0.775,-0.004660649228039817
0.776,0.002731446339844281
0.777,-0.008356697011981867
0.778,-0.0009646014440977679
0.779,-0.015748792579865965
0.78,-0.004660649228039817
0.781,-0.02314088814775006
0.782,0.00642749412378633
0.783,-0.008356697011981867
0.784,0.002731446339844281
0.785,-0.0009646014440977679
0.786,-0.0009646014440977679
0.787,-0.004660649228039817
0.788,0.013819589691670428
0.789,-0.008356697011981867
0.79,0.021211685259554525
0.791,-0.015748792579865965
0.792,-0.012052744795923914
0.793,-0.0009646014440977679
0.794,0.002731446339844281
0.795,-0.015748792579865965
0.796,-0.0009646014440977679
0.797,-0.008356697011981867
0.798,-0.0009646014440977679
0.799,-0.02314088814775006
0.8,-0.019444840363808013
0.801,-0.012052744795923914
0.802,0.002731446339844281
0.803,-0.019444840363808013
0.804,0.00642749412378633
0.805,-0.02683693593169211
0.806,-0.0009646014440977679
0.807,-0.0009646014440977679
0.808,-0.019444840363808013
0.809,0.010123541907728378
0.81,-0.03422903149957621
0.811,-0.008356697011981867
0.812,0.017515637475612477
0.813,0.002731446339844281
0.814,-0.004660649228039817
0.815,-0.008356697011981867
0.816,-0.008356697011981867
0.817,-0.012052744795923914
0.818,-0.004660649228039817
0.819,-0.0009646014440977679
0.82,-0.0009646014440977679
0.821,-0.008356697011981867
0.822,-0.02314088814775006
0.823,-0.012052744795923914
0.824,0.013819589691670428
0.825,0.010123541907728378
0.826,-0.008356697011981867
0.827,-0.0009646014440977679
0.828,-0.02314088814775006
0.829,0.002731446339844281
0.83,-0.0009646014440977679
0.831,-0.0009646014440977679
0.832,-0.02314088814775006
0.833,-0.019444840363808013
0.834,-0.012052744795923914
0.835,-0.0009646014440977679
0.836,-0.012052744795923914
0.837,0.00642749412378633
0.838,-0.019444840363808013
0.839,-0.019444840363808013
0.84,0.002731446339844281
0.841,-0.012052744795923914
0.842,-0.004660649228039817
0.843,0.013819589691670428
0.844,-0.015748792579865965
0.845,0.017515637475612477
0.846,0.010123541907728378
0.847,-0.0009646014440977679
0.848,-0.02314088814775006
0.849,0.002731446339844281
0.85,-0.015748792579865965
0.851,-0.008356697011981867
0.852,-0.008356697011981867
0.853,-0.012052744795923914
0.854,-0.019444840363808013
0.855,0.00642749412378633
0.856,0.00642749412378633
0.857,-0.004660649228039817
0.858,-0.0009646014440977679
0.859,-0.004660649228039817
0.86,-0.019444840363808013
0.861,-0.004660649228039817
0.862,-0.012052744795923914
0.863,-0.008356697011981867
0.864,0.00642749412378633
0.865,0.002731446339844281
0.866,0.002731446339844281
0.867,-0.015748792579865965
0.868,-0.0009646014440977679
0.869,-0.004660649228039817
0.87,-0.012052744795923914
0.871,-0.019444840363808013
0.872,-0.019444840363808013
0.873,-0.0009646014440977679
0.874,0.002731446339844281
0.875,0.002731446339844281
0.876,0.002731446339844281
0.877,0.002731446339844281
0.878,0.002731446339844281
0.879,-0.008356697011981867
0.88,-0.015748792579865965
0.881,-0.008356697011981867
0.882,-0.008356697011981867
0.883,-0.0009646014440977679
0.884,-0.0009646014440977679
0.885,-0.019444840363808013
0.886,-0.015748792579865965
0.887,-0.008356697011981867
0.888,-0.02683693593169211
0.889,-0.012052744795923914
0.89,-0.004660649228039817
0.891,-0.02314088814775006
0.892,-0.012052744795923914
0.893,-0.0009646014440977679
0.894,-0.019444840363808013
0.895,-0.004660649228039817
0.896,-0.03422903149957621
0.897,-0.012052744795923914
0.898,0.002731446339844281
0.899,-0.0009646014440977679
0.9,0.010123541907728378
0.901,-0.004660649228039817
0.902,0.010123541907728378
0.903,0.002731446339844281
0.904,-0.019444840363808013
0.905,-0.019444840363808013
0.906,-0.004660649228039817
0.907,-0.03053298371563416
0.908,-0.004660649228039817
0.909,-0.008356697011981867
0.91,-0.012052744795923914
0.911,-0.015748792579865965
0.912,-0.008356697011981867
0.913,-0.008356697011981867
0.914,0.002731446339844281
0.915,-0.012052744795923914
0.916,-0.0009646014440977679
0.917,-0.0009646014440977679
0.918,-0.015748792579865965
0.919,0.002731446339844281
0.92,-0.0009646014440977679
0.921,-0.019444840363808013
0.922,-0.0009646014440977679
0.923,-0.008356697011981867
0.924,-0.03053298371563416
0.925,-0.004660649228039817
0.926,0.00642749412378633
0.927,-0.004660649228039817
0.928,0.010123541907728378
0.929,-0.008356697011981867
0.93,-0.02683693593169211
0.931,-0.019444840363808013
0.932,0.00642749412378633
0.933,-0.019444840363808013
0.934,-0.019444840363808013
0.935,-0.012052744795923914
0.936,-0.008356697011981867
0.937,-0.019444840363808013
0.938,0.002731446339844281
0.939,-0.008356697011981867
0.94,-0.004660649228039817
0.941,-0.012052744795923914
0.942,-0.02314088814775006
0.943,-0.004660649228039817
0.944,-0.019444840363808013
0.945,-0.0009646014440977679
0.946,-0.004660649228039817
0.947,-0.02683693593169211
0.948,-0.02314088814775006
0.949,-0.0009646014440977679
0.95,-0.019444840363808013
0.951,-0.008356697011981867
0.952,-0.0009646014440977679
0.953,-0.004660649228039817
0.954,-0.0009646014440977679
0.955,-0.015748792579865965
0.956,-0.004660649228039817
0.957,-0.004660649228039817
0.958,-0.012052744795923914
0.959,-0.008356697011981867
0.96,0.013819589691670428
0.961,-0.0009646014440977679
0.962,-0.004660649228039817
0.963,0.010123541907728378
0.964,0.013819589691670428
0.965,-0.015748792579865965
0.966,0.010123541907728378
0.967,0.00642749412378633
0.968,-0.004660649228039817
0.969,0.00642749412378633
0.97,-0.019444840363808013
0.971,-0.012052744795923914
0.972,-0.02314088814775006
0.973,-0.004660649228039817
0.974,-0.008356697011981867
0.975,-0.004660649228039817
0.976,-0.012052744795923914
0.977,0.00642749412378633
0.978,0.021211685259554525
0.979,0.19862197888877287
0.98,1.2482995495283147
0.981,2.7673751887284967
0.982,4.182961489978301
0.983,5.295471872944859
0.984,5.757477845937615
0.985,5.698341081394542
0.986,5.650292460203295
0.987,5.665076651339064
0.988,5.849879040536166
0.989,6.0162011908135575
0.99,6.123386576547877
0.991,6.071641907572689
0.992,6.005113047461732
0.993,5.979240712974137
0.994,6.005113047461732
0.995,6.086426098708457
0.996,6.115994480979993
0.997,6.090122146492399
0.998,6.071641907572689
0.999,6.064249812004804
1.0,6.064249812004804
1.001,6.097514242060283
1.002,6.0938181942763405
1.003,6.086426098708457
1.004,6.115994480979993
1.005,6.023593286381442
1.006,5.251119299537554
1.007,3.750523899257082
1.008,2.3127613113036247
1.009,1.0265366824917919
1.01,0.41299275035741173
1.011,0.37972832030193326
1.012,0.4906097538201947
1.013,0.4721295149004845
1.014,0.3316796991106866
1.015,0.15796545326541034
1.016,0.04338797196320682
1.017,0.04338797196320682
1.018,0.08404449758656936
1.019,0.1247010232099319
1.02,0.11361287985810575
1.021,0.058172163098975015
1.022,0.024907733043496576
1.023,0.03229982861138067
1.024,0.03969192417926477
1.025,0.07295635423474321
1.026,0.06926030645080117
1.027,0.03599587639532272
1.028,0.028603780827438623
1.029,0.021211685259554525
1.03,0.010123541907728378
1.031,0.024907733043496576
1.032,0.013819589691670428
1.033,0.03969192417926477
1.034,-0.004660649228039817
1.035,-0.004660649228039817
1.036,-0.03422903149957621
1.037,-0.03422903149957621
1.038,-0.03053298371563416
1.039,-0.052709270419286455
1.04,-0.052709270419286455
1.041,-0.04162112706746031
1.042,-0.06010136598717055
1.043,-0.03422903149957621
1.044,-0.049013222635344404
1.045,-0.02683693593169211
1.046,-0.04162112706746031
1.047,-0.02314088814775006
1.048,-0.02314088814775006
1.049,-0.02683693593169211
1.05,-0.02314088814775006
1.051,0.002731446339844281
1.052,-0.019444840363808013
1.053,-0.0009646014440977679
1.054,0.00642749412378633
1.055,-0.012052744795923914
1.056,0.002731446339844281
1.057,0.002731446339844281
1.058,0.03229982861138067
1.059,0.024907733043496576
1.06,0.054476115315032964
1.061,0.04708401974714887
1.062,0.024907733043496576
1.063,0.00642749412378633
1.064,0.03599587639532272
1.065,0.017515637475612477
1.066,0.017515637475612477
1.067,0.028603780827438623
1.068,0.03229982861138067
1.069,0.028603780827438623
1.07,0.013819589691670428
1.071,0.028603780827438623
1.072,0.013819589691670428
1.073,0.021211685259554525
1.074,0.010123541907728378
1.075,-0.008356697011981867
1.076,-0.004660649228039817
1.077,-0.008356697011981867
1.078,-0.015748792579865965
1.079,-0.012052744795923914
1.08,-0.015748792579865965
1.081,-0.02683693593169211
1.082,-0.012052744795923914
1.083,-0.02683693593169211
1.084,-0.03792507928351826
1.085,-0.06010136598717055
1.086,-0.02683693593169211
1.087,-0.052709270419286455
1.088,-0.03792507928351826
1.089,-0.03053298371563416
1.09,-0.04531717485140235
1.091,-0.03422903149957621
1.092,-0.012052744795923914
1.093,-0.02683693593169211
1.094,-0.012052744795923914
1.095,-0.02314088814775006
1.096,-0.02683693593169211
1.097,-0.015748792579865965
1.098,-0.008356697011981867
1.099,0.010123541907728378
1.1,0.010123541907728378
1.101,0.00642749412378633
1.102,0.017515637475612477
1.103,0.00642749412378633
1.104,0.010123541907728378
1.105,0.002731446339844281
1.106,0.021211685259554525
1.107,0.021211685259554525
1.108,0.028603780827438623
1.109,0.013819589691670428
1.11,0.021211685259554525
1.111,0.010123541907728378
1.112,0.002731446339844281
1.113,0.00642749412378633
1.114,0.002731446339844281
1.115,-0.0009646014440977679
1.116,0.021211685259554525
1.117,0.010123541907728378
1.118,-0.008356697011981867
1.119,-0.004660649228039817
1.12,0.013819589691670428
1.121,-0.008356697011981867
1.122,-0.008356697011981867
1.123,-0.019444840363808013
1.124,-0.03792507928351826
1.125,-0.03053298371563416
1.126,-0.02314088814775006
1.127,-0.03422903149957621
1.128,-0.04162112706746031
1.129,-0.02314088814775006
1.13,-0.03422903149957621
1.131,-0.04162112706746031
1.132,-0.004660649228039817
1.133,-0.04162112706746031
1.134,-0.03422903149957621
1.135,-0.03053298371563416
1.136,-0.012052744795923914
1.137,-0.02683693593169211
1.138,-0.03053298371563416
1.139,-0.0009646014440977679
1.14,-0.004660649228039817
1.141,-0.015748792579865965
1.142,-0.02683693593169211
1.143,-0.03422903149957621
1.144,-0.008356697011981867
1.145,-0.008356697011981867
1.146,-0.008356697011981867
1.147,-0.012052744795923914
1.148,-0.02314088814775006
1.149,-0.012052744795923914
1.15,0.010123541907728378
1.151,-0.008356697011981867
1.152,-0.0009646014440977679
1.153,0.03599587639532272
1.154,-0.012052744795923914
1.155,0.017515637475612477
1.156,0.002731446339844281
1.157,-0.004660649228039817
1.158,0.002731446339844281
1.159,0.00642749412378633
1.16,0.017515637475612477
1.161,-0.015748792579865965
1.162,-0.02683693593169211
1.163,0.00642749412378633
1.164,-0.019444840363808013
1.165,-0.049013222635344404
1.166,-0.0009646014440977679
1.167,-0.015748792579865965
1.168,-0.004660649228039817
1.169,-0.02314088814775006
1.17,-0.012052744795923914
1.171,-0.012052744795923914
1.172,-0.019444840363808013
1.173,-0.019444840363808013
1.174,-0.019444840363808013
1.175,-0.015748792579865965
1.176,0.00642749412378633
1.177,-0.008356697011981867
1.178,-0.03053298371563416
1.179,-0.019444840363808013
1.18,-0.012052744795923914
1.181,-0.03053298371563416
1.182,-0.019444840363808013
1.183,-0.02683693593169211
1.184,-0.015748792579865965
1.185,-0.012052744795923914
1.186,-0.015748792579865965
1.187,-0.008356697011981867
1.188,-0.004660649228039817
1.189,-0.008356697011981867
1.19,-0.015748792579865965
1.191,-0.0009646014440977679
1.192,0.00642749412378633
1.193,-0.0009646014440977679
1.194,-0.0009646014440977679
1.195,-0.03422903149957621
1.196,0.010123541907728378
1.197,-0.004660649228039817
1.198,-0.004660649228039817
1.199,-0.0009646014440977679
1.2,0.024907733043496576
1.201,0.017515637475612477
1.202,0.00642749412378633
1.203,0.00642749412378633
1.204,-0.0009646014440977679
1.205,0.002731446339844281
1.206,0.00642749412378633
1.207,-0.008356697011981867
1.208,-0.0009646014440977679
1.209,-0.004660649228039817
1.21,-0.012052744795923914
1.211,-0.012052744795923914
1.212,-0.02314088814775006
1.213,-0.008356697011981867
1.214,-0.019444840363808013
1.215,-0.012052744795923914
1.216,-0.004660649228039817
1.217,-0.019444840363808013
1.218,-0.015748792579865965
1.219,-0.008356697011981867
1.22,-0.004660649228039817
1.221,-0.012052744795923914
1.222,-0.0009646014440977679
1.223,-0.03422903149957621
1.224,-0.03422903149957621
1.225,-0.0009646014440977679
1.226,-0.03053298371563416
1.227,-0.012052744795923914
1.228,-0.012052744795923914
1.229,-0.019444840363808013
1.23,-0.012052744795923914
1.231,-0.03053298371563416
1.232,-0.008356697011981867
1.233,-0.03053298371563416
1.234,0.00642749412378633
1.235,-0.019444840363808013
1.236,0.00642749412378633
1.237,-0.012052744795923914
1.238,0.002731446339844281
1.239,-0.0009646014440977679
1.24,-0.02314088814775006
1.241,-0.008356697011981867
1.242,-0.015748792579865965
1.243,-0.015748792579865965
1.244,-0.015748792579865965
1.245,-0.0009646014440977679
1.246,-0.049013222635344404
1.247,-0.0009646014440977679
1.248,-0.015748792579865965
1.249,-0.008356697011981867
1.25,-0.02683693593169211
1.251,-0.004660649228039817
1.252,0.002731446339844281
1.253,0.002731446339844281
1.254,0.010123541907728378
1.255,0.00642749412378633
1.256,-0.03053298371563416
1.257,-0.02683693593169211
1.258,-0.0009646014440977679
1.259,-0.0009646014440977679
1.26,-0.004660649228039817
1.261,-0.019444840363808013
1.262,-0.008356697011981867
1.263,0.002731446339844281
1.264,-0.0009646014440977679
1.265,-0.012052744795923914
1.266,0.002731446339844281
1.267,-0.008356697011981867
1.268,-0.004660649228039817
1.269,-0.02314088814775006
1.27,-0.03422903149957621
1.271,-0.02314088814775006
1.272,-0.04162112706746031
1.273,-0.012052744795923914
1.274,-0.008356697011981867
1.275,-0.02683693593169211
1.276,-0.019444840363808013
1.277,-0.012052744795923914
1.278,-0.015748792579865965
1.279,-0.015748792579865965
1.28,-0.015748792579865965
1.281,-0.015748792579865965
1.282,-0.019444840363808013
1.283,-0.02314088814775006
1.284,-0.004660649228039817
1.285,-0.0009646014440977679
1.286,-0.004660649228039817
1.287,-0.015748792579865965
1.288,-0.012052744795923914
1.289,-0.02314088814775006
1.29,0.00642749412378633
1.291,-0.004660649228039817
1.292,0.002731446339844281
1.293,-0.012052744795923914
1.294,-0.008356697011981867
1.295,-0.012052744795923914
1.296,-0.004660649228039817
1.297,-0.012052744795923914
1.298,-0.008356697011981867
1.299,-0.008356697011981867
1.3,-0.02314088814775006
1.301,-0.0009646014440977679
1.302,0.017515637475612477
1.303,-0.02683693593169211
1.304,-0.03053298371563416
1.305,-0.015748792579865965
1.306,-0.008356697011981867
1.307,0.002731446339844281
1.308,-0.008356697011981867
1.309,-0.012052744795923914
1.31,0.013819589691670428
1.311,-0.015748792579865965
1.312,0.002731446339844281
1.313,-0.0009646014440977679
1.314,-0.0009646014440977679
1.315,-0.03422903149957621
1.316,-0.02683693593169211
1.317,0.00642749412378633
1.318,-0.03053298371563416
1.319,0.017515637475612477
1.32,-0.019444840363808013
1.321,-0.008356697011981867
1.322,-0.008356697011981867
1.323,-0.008356697011981867
1.324,-0.015748792579865965
1.325,-0.02314088814775006
1.326,-0.012052744795923914
1.327,-0.0009646014440977679
1.328,-0.012052744795923914
1.329,-0.004660649228039817
1.33,-0.0009646014440977679
1.331,-0.004660649228039817
1.332,0.010123541907728378
1.333,-0.004660649228039817
1.334,-0.03792507928351826
1.335,-0.008356697011981867
1.336,-0.012052744795923914
1.337,-0.019444840363808013
1.338,-0.004660649228039817
1.339,-0.004660649228039817
1.34,-0.004660649228039817
1.341,-0.015748792579865965
1.342,-0.008356697011981867
1.343,-0.008356697011981867
1.344,-0.02314088814775006
1.345,-0.015748792579865965
1.346,-0.019444840363808013
1.347,-0.008356697011981867
1.348,-0.019444840363808013
1.349,-0.004660649228039817
1.35,-0.015748792579865965
1.351,-0.015748792579865965
1.352,0.013819589691670428
1.353,0.00642749412378633
1.354,-0.008356697011981867
1.355,-0.012052744795923914
1.356,0.028603780827438623
1.357,-0.012052744795923914
1.358,-0.015748792579865965
1.359,-0.015748792579865965
1.36,-0.02314088814775006
1.361,-0.012052744795923914
1.362,-0.015748792579865965
1.363,-0.012052744795923914
1.364,0.00642749412378633
1.365,0.010123541907728378
1.366,0.017515637475612477
1.367,-0.008356697011981867
1.368,-0.02314088814775006
1.369,-0.012052744795923914
1.37,-0.02314088814775006
1.371,0.002731446339844281
1.372,0.010123541907728378
1.373,-0.02314088814775006
1.374,0.002731446339844281
1.375,-0.008356697011981867
1.376,0.013819589691670428
1.377,-0.019444840363808013
1.378,-0.008356697011981867
1.379,-0.008356697011981867
1.38,-0.008356697011981867
1.381,0.00642749412378633
1.382,0.010123541907728378
1.383,-0.004660649228039817
1.384,-0.0009646014440977679
1.385,-0.012052744795923914
1.386,-0.008356697011981867
1.387,-0.012052744795923914
1.388,0.013819589691670428
1.389,-0.008356697011981867
1.39,0.017515637475612477
1.391,-0.008356697011981867
1.392,0.002731446339844281
1.393,0.002731446339844281
1.394,0.021211685259554525
1.395,0.002731446339844281
1.396,-0.012052744795923914
1.397,-0.0009646014440977679
1.398,-0.008356697011981867
1.399,-0.019444840363808013
1.4,-0.008356697011981867
1.401,-0.015748792579865965
1.402,-0.004660649228039817
1.403,-0.012052744795923914
1.404,-0.02314088814775006
1.405,0.013819589691670428
1.406,0.002731446339844281
1.407,-0.012052744795923914
1.408,-0.03792507928351826
1.409,0.00642749412378633
1.41,-0.0009646014440977679
1.411,-0.015748792579865965
1.412,-0.008356697011981867
1.413,-0.008356697011981867
1.414,0.002731446339844281
1.415,-0.008356697011981867
1.416,0.00642749412378633
1.417,-0.015748792579865965
1.418,-0.004660649228039817
1.419,0.00642749412378633
1.42,-0.02683693593169211
1.421,-0.02314088814775006
1.422,-0.019444840363808013
1.423,0.010123541907728378
1.424,-0.008356697011981867
1.425,-0.004660649228039817
1.426,-0.0009646014440977679
1.427,-0.0009646014440977679
1.428,-0.02314088814775006
1.429,0.002731446339844281
1.43,0.010123541907728378
1.431,-0.03053298371563416
1.432,-0.008356697011981867
1.433,-0.02683693593169211
1.434,-0.02314088814775006
1.435,-0.008356697011981867
1.436,-0.012052744795923914
1.437,0.021211685259554525
1.438,-0.019444840363808013
1.439,-0.012052744795923914
1.44,-0.004660649228039817
1.441,-0.012052744795923914
1.442,0.002731446339844281
1.443,0.002731446339844281
1.444,0.002731446339844281
1.445,0.010123541907728378
1.446,0.010123541907728378
1.447,-0.004660649228039817
1.448,-0.019444840363808013
1.449,-0.008356697011981867
1.45,-0.012052744795923914
1.451,0.00642749412378633
1.452,-0.02683693593169211
1.453,-0.015748792579865965
1.454,-0.0009646014440977679
1.455,-0.004660649228039817
1.456,-0.008356697011981867
1.457,-0.019444840363808013
1.458,-0.008356697011981867
1.459,-0.015748792579865965
1.46,0.002731446339844281
1.461,-0.015748792579865965
1.462,-0.019444840363808013
1.463,0.017515637475612477
1.464,0.002731446339844281
1.465,-0.012052744795923914
1.466,-0.019444840363808013
1.467,-0.008356697011981867
1.468,0.00642749412378633
1.469,-0.03053298371563416
1.47,-0.012052744795923914
1.471,-0.02683693593169211
1.472,-0.019444840363808013
1.473,-0.019444840363808013
1.474,-0.008356697011981867
1.475,-0.02314088814775006
1.476,-0.004660649228039817
1.477,0.002731446339844281
1.478,0.013819589691670428
1.479,-0.02683693593169211
1.48,-0.02314088814775006
1.481,-0.0009646014440977679
1.482,0.002731446339844281
1.483,0.002731446339844281
1.484,-0.0009646014440977679
1.485,-0.02314088814775006
1.486,-0.008356697011981867
1.487,-0.0009646014440977679
1.488,-0.004660649228039817
1.489,-0.004660649228039817
1.49,0.017515637475612477
1.491,-0.008356697011981867
1.492,0.010123541907728378
1.493,-0.004660649228039817
1.494,-0.004660649228039817
1.495,0.00642749412378633
1.496,-0.0009646014440977679
1.497,0.013819589691670428
1.498,-0.012052744795923914
1.499,0.03229982861138067
1.5,-0.012052744795923914
1.501,-0.012052744795923914
1.502,-0.008356697011981867
1.503,-0.02683693593169211
1.504,-0.008356697011981867
1.505,0.002731446339844281
1.506,-0.0009646014440977679
1.507,-0.004660649228039817
1.508,-0.0009646014440977679
1.509,-0.008356697011981867
1.51,-0.012052744795923914
1.511,-0.019444840363808013
1.512,0.002731446339844281
1.513,0.00642749412378633
1.514,-0.02683693593169211
1.515,0.002731446339844281
1.516,-0.004660649228039817
1.517,-0.03053298371563416
1.518,-0.008356697011981867
1.519,-0.012052744795923914
1.52,-0.004660649228039817
1.521,-0.004660649228039817
1.522,0.013819589691670428
1.523,0.00642749412378633
1.524,0.00642749412378633
1.525,-0.0009646014440977679
1.526,-0.008356697011981867
1.527,0.002731446339844281
1.528,-0.02314088814775006
1.529,0.00642749412378633
1.53,-0.02314088814775006
1.531,-0.015748792579865965
1.532,-0.008356697011981867
1.533,0.010123541907728378
1.534,-0.012052744795923914
1.535,-0.008356697011981867
1.536,-0.02314088814775006
1.537,0.002731446339844281
1.538,0.010123541907728378
1.539,-0.0009646014440977679
1.54,0.010123541907728378
1.541,-0.004660649228039817
1.542,-0.012052744795923914
1.543,0.017515637475612477
1.544,-0.012052744795923914
1.545,-0.012052744795923914
1.546,-0.004660649228039817
1.547,-0.03053298371563416
1.548,-0.008356697011981867
1.549,-0.012052744795923914
1.55,-0.004660649228039817
1.551,-0.008356697011981867
1.552,0.00642749412378633
1.553,-0.019444840363808013
1.554,-0.04162112706746031
1.555,-0.015748792579865965
1.556,-0.015748792579865965
1.557,-0.004660649228039817
1.558,-0.019444840363808013
1.559,-0.02683693593169211
1.56,0.013819589691670428
1.561,-0.008356697011981867
1.562,0.017515637475612477
1.563,0.00642749412378633
1.564,-0.008356697011981867
1.565,-0.008356697011981867
1.566,-0.004660649228039817
1.567,-0.02314088814775006
1.568,-0.012052744795923914
1.569,0.013819589691670428
1.57,-0.012052744795923914
1.571,-0.02683693593169211
1.572,-0.015748792579865965
1.573,0.002731446339844281
1.574,0.00642749412378633
1.575,0.002731446339844281
1.576,0.013819589691670428
1.577,0.010123541907728378
1.578,-0.004660649228039817
1.579,-0.004660649228039817
1.58,-0.015748792579865965
1.581,0.013819589691670428
1.582,0.010123541907728378
1.583,-0.004660649228039817
1.584,-0.019444840363808013
1.585,-0.012052744795923914
1.586,-0.004660649228039817
1.587,-0.0009646014440977679
1.588,-0.019444840363808013
1.589,-0.02314088814775006
1.59,-0.008356697011981867
1.591,-0.012052744795923914
1.592,0.017515637475612477
1.593,-0.008356697011981867
1.594,-0.012052744795923914
1.595,-0.0009646014440977679
1.596,0.00642749412378633
1.597,-0.015748792579865965
1.598,0.013819589691670428
1.599,0.002731446339844281
1.6,0.013819589691670428
1.601,-0.02683693593169211
1.602,0.00642749412378633
1.603,0.002731446339844281
1.604,0.002731446339844281
1.605,-0.0009646014440977679
1.606,0.002731446339844281
1.607,-0.015748792579865965
1.608,-0.012052744795923914
1.609,-0.02314088814775006
1.61,-0.019444840363808013
1.611,-0.008356697011981867
1.612,-0.008356697011981867
1.613,-0.012052744795923914
1.614,-0.012052744795923914
1.615,0.002731446339844281
1.616,0.010123541907728378
1.617,0.002731446339844281
1.618,-0.004660649228039817
1.619,0.00642749412378633
1.62,-0.03053298371563416
1.621,-0.015748792579865965
1.622,0.010123541907728378
1.623,-0.004660649228039817
1.624,-0.008356697011981867
1.625,0.002731446339844281
1.626,-0.008356697011981867
1.627,-0.004660649228039817
1.628,0.010123541907728378
1.629,0.002731446339844281
1.63,-0.0009646014440977679
1.631,0.017515637475612477
1.632,-0.008356697011981867
1.633,-0.0009646014440977679
1.634,-0.015748792579865965
1.635,-0.012052744795923914
1.636,0.00642749412378633
1.637,0.00642749412378633
1.638,-0.008356697011981867
1.639,-0.004660649228039817
1.64,-0.0009646014440977679
1.641,0.00642749412378633
1.642,0.010123541907728378
1.643,-0.0009646014440977679
1.644,-0.02314088814775006
1.645,-0.008356697011981867
1.646,-0.0009646014440977679
1.647,-0.008356697011981867
1.648,0.00642749412378633
1.649,0.017515637475612477
1.65,0.013819589691670428
1.651,-0.012052744795923914
1.652,-0.008356697011981867
1.653,-0.019444840363808013
1.654,0.002731446339844281
1.655,-0.004660649228039817
1.656,0.002731446339844281
1.657,-0.012052744795923914
1.658,-0.012052744795923914
1.659,-0.02314088814775006
1.66,-0.008356697011981867
1.661,-0.015748792579865965
1.662,-0.008356697011981867
1.663,-0.0009646014440977679
1.664,-0.015748792579865965
1.665,-0.0009646014440977679
1.666,-0.0009646014440977679
1.667,0.013819589691670428
1.668,-0.008356697011981867
1.669,-0.012052744795923914
1.67,-0.004660649228039817
1.671,-0.03792507928351826
1.672,-0.0009646014440977679
1.673,0.010123541907728378
1.674,-0.004660649228039817
1.675,-0.008356697011981867
1.676,-0.004660649228039817
1.677,-0.012052744795923914
1.678,-0.015748792579865965
1.679,-0.012052744795923914
1.68,-0.008356697011981867
1.681,-0.008356697011981867
1.682,-0.03053298371563416
1.683,-0.008356697011981867
1.684,-0.015748792579865965
1.685,-0.004660649228039817
1.686,0.013819589691670428
1.687,-0.015748792579865965
1.688,-0.015748792579865965
1.689,-0.02314088814775006
1.69,-0.02683693593169211
1.691,-0.0009646014440977679
1.692,-0.019444840363808013
1.693,-0.004660649228039817
1.694,-0.015748792579865965
1.695,-0.015748792579865965
1.696,-0.008356697011981867
1.697,0.00642749412378633
1.698,-0.015748792579865965
1.699,-0.008356697011981867
1.7,-0.008356697011981867
1.701,0.002731446339844281
1.702,-0.012052744795923914
1.703,-0.008356697011981867
1.704,-0.02314088814775006
1.705,-0.02314088814775006
1.706,-0.015748792579865965
1.707,-0.008356697011981867
1.708,-0.012052744795923914
1.709,-0.004660649228039817
1.71,-0.0009646014440977679
1.711,-0.004660649228039817
1.712,-0.012052744795923914
1.713,0.002731446339844281
1.714,-0.012052744795923914
1.715,-0.03422903149957621
1.716,0.002731446339844281
1.717,-0.008356697011981867
1.718,-0.0009646014440977679
1.719,0.010123541907728378
1.72,-0.008356697011981867
1.721,-0.015748792579865965
1.722,-0.015748792579865965
1.723,-0.008356697011981867
1.724,0.010123541907728378
1.725,0.002731446339844281
1.726,-0.03053298371563416
1.727,-0.019444840363808013
1.728,-0.03422903149957621
1.729,0.013819589691670428
1.73,-0.008356697011981867
1.731,-0.012052744795923914
1.732,-0.015748792579865965
1.733,-0.008356697011981867
1.734,-0.02683693593169211
1.735,0.002731446339844281
1.736,-0.015748792579865965
1.737,-0.008356697011981867
1.738,-0.019444840363808013
1.739,-0.015748792579865965
1.74,0.013819589691670428
1.741,0.013819589691670428
1.742,-0.008356697011981867
1.743,-0.008356697011981867
1.744,-0.008356697011981867
1.745,-0.008356697011981867
1.746,0.010123541907728378
1.747,-0.004660649228039817
1.748,-0.008356697011981867
1.749,-0.012052744795923914
1.75,0.00642749412378633
1.751,0.010123541907728378
1.752,0.002731446339844281
1.753,-0.019444840363808013
1.754,-0.0009646014440977679
1.755,-0.004660649228039817
1.756,-0.02314088814775006
1.757,-0.004660649228039817
1.758,-0.02314088814775006
1.759,-0.012052744795923914
1.76,-0.004660649228039817
1.761,-0.008356697011981867
1.762,-0.008356697011981867
1.763,-0.0009646014440977679
1.764,-0.004660649228039817
1.765,0.002731446339844281
1.766,-0.008356697011981867
1.767,-0.008356697011981867
1.768,-0.0009646014440977679
1.769,0.00642749412378633
1.77,-0.0009646014440977679
1.771,-0.019444840363808013
1.772,-0.004660649228039817
1.773,-0.008356697011981867
1.774,0.017515637475612477
1.775,0.002731446339844281
1.776,0.00642749412378633
1.777,-0.012052744795923914
1.778,-0.004660649228039817
1.779,-0.008356697011981867
1.78,-0.012052744795923914
1.781,-0.012052744795923914
1.782,0.002731446339844281
1.783,-0.02314088814775006
1.784,-0.02683693593169211
1.785,-0.0009646014440977679
1.786,-0.004660649228039817
1.787,0.00642749412378633
1.788,-0.008356697011981867
1.789,-0.019444840363808013
1.79,0.010123541907728378
1.791,0.013819589691670428
1.792,0.00642749412378633
1.793,-0.008356697011981867
1.794,0.00642749412378633
1.795,-0.03053298371563416
1.796,-0.004660649228039817
1.797,-0.0009646014440977679
1.798,-0.008356697011981867
1.799,-0.008356697011981867
1.8,-0.008356697011981867
1.801,-0.012052744795923914
1.802,-0.015748792579865965
1.803,-0.03053298371563416
1.804,-0.02683693593169211
1.805,0.002731446339844281
1.806,-0.004660649228039817
1.807,-0.004660649228039817
1.808,-0.008356697011981867
1.809,-0.03053298371563416
1.81,-0.004660649228039817
1.811,-0.012052744795923914
1.812,-0.0009646014440977679
1.813,0.00642749412378633
1.814,-0.02683693593169211
1.815,-0.004660649228039817
1.816,0.010123541907728378
1.817,-0.008356697011981867
1.818,0.00642749412378633
1.819,-0.004660649228039817
1.82,0.013819589691670428
1.821,0.002731446339844281
1.822,0.010123541907728378
1.823,-0.03422903149957621
1.824,-0.004660649228039817
1.825,-0.019444840363808013
1.826,-0.03422903149957621
1.827,-0.012052744795923914
1.828,-0.012052744795923914
1.829,-0.0009646014440977679
1.83,-0.004660649228039817
1.831,-0.019444840363808013
1.832,-0.008356697011981867
1.833,0.002731446339844281
1.834,-0.03053298371563416
1.835,-0.012052744795923914
1.836,0.002731446339844281
1.837,-0.019444840363808013
1.838,-0.008356697011981867
1.839,-0.012052744795923914
1.84,0.00642749412378633
1.841,-0.0009646014440977679
1.842,0.028603780827438623
1.843,0.021211685259554525
1.844,0.010123541907728378
1.845,0.002731446339844281
1.846,-0.0009646014440977679
1.847,0.010123541907728378
1.848,0.002731446339844281
1.849,-0.0009646014440977679
1.85,0.010123541907728378
1.851,-0.015748792579865965
1.852,-0.019444840363808013
1.853,0.00642749412378633
1.854,-0.004660649228039817
1.855,0.013819589691670428
1.856,-0.004660649228039817
1.857,-0.03053298371563416
1.858,0.010123541907728378
1.859,-0.004660649228039817
1.86,0.002731446339844281
1.861,0.002731446339844281
1.862,-0.012052744795923914
1.863,-0.0009646014440977679
1.864,0.00642749412378633
1.865,-0.004660649228039817
1.866,-0.012052744795923914
1.867,0.00642749412378633
1.868,-0.004660649228039817
1.869,-0.0009646014440977679
1.87,-0.02314088814775006
1.871,-0.02683693593169211
1.872,-0.004660649228039817
1.873,0.024907733043496576
1.874,-0.004660649228039817
1.875,0.010123541907728378
1.876,0.013819589691670428
1.877,-0.004660649228039817
1.878,-0.03422903149957621
1.879,0.017515637475612477
1.88,-0.019444840363808013
1.881,0.024907733043496576
1.882,0.00642749412378633
1.883,0.002731446339844281
1.884,-0.004660649228039817
1.885,-0.019444840363808013
1.886,0.010123541907728378
1.887,-0.02314088814775006
1.888,-0.0009646014440977679
1.889,-0.015748792579865965
1.89,-0.008356697011981867
1.891,0.002731446339844281
1.892,-0.0009646014440977679
1.893,-0.012052744795923914
1.894,0.010123541907728378
1.895,0.002731446339844281
1.896,0.010123541907728378
1.897,-0.004660649228039817
1.898,-0.015748792579865965
1.899,-0.02683693593169211
1.9,0.010123541907728378
1.901,0.03969192417926477
1.902,-0.0009646014440977679
1.903,-0.03422903149957621
1.904,-0.008356697011981867
1.905,-0.0009646014440977679
1.906,-0.02683693593169211
1.907,-0.004660649228039817
1.908,-0.0009646014440977679
1.909,0.002731446339844281
1.91,0.002731446339844281
1.911,-0.015748792579865965
1.912,-0.02314088814775006
1.913,-0.03053298371563416
1.914,-0.015748792579865965
1.915,0.013819589691670428
1.916,-0.004660649228039817
1.917,-0.008356697011981867
1.918,-0.015748792579865965
1.919,-0.03053298371563416
1.92,-0.0009646014440977679
1.921,0.00642749412378633
1.922,0.00642749412378633
1.923,-0.02683693593169211
1.924,-0.019444840363808013
1.925,-0.004660649228039817
1.926,-0.0009646014440977679
1.927,-0.02314088814775006
1.928,-0.008356697011981867
1.929,-0.008356697011981867
1.93,-0.019444840363808013
1.931,-0.015748792579865965
1.932,-0.019444840363808013
1.933,-0.02314088814775006
1.934,-0.012052744795923914
1.935,-0.008356697011981867
1.936,-0.0009646014440977679
1.937,0.00642749412378633
1.938,-0.0009646014440977679
1.939,0.017515637475612477
1.94,0.002731446339844281
1.941,-0.004660649228039817
1.942,0.002731446339844281
1.943,0.00642749412378633
1.944,0.002731446339844281
1.945,-0.019444840363808013
1.946,-0.008356697011981867
1.947,-0.008356697011981867
1.948,-0.019444840363808013
1.949,-0.012052744795923914
1.95,-0.008356697011981867
1.951,-0.012052744795923914
1.952,0.002731446339844281
1.953,-0.008356697011981867
1.954,-0.02314088814775006
1.955,0.03969192417926477
1.956,-0.004660649228039817
1.957,0.002731446339844281
1.958,-0.015748792579865965
1.959,-0.012052744795923914
1.96,-0.0009646014440977679
1.961,-0.008356697011981867
1.962,0.002731446339844281
1.963,0.021211685259554525
1.964,-0.008356697011981867
1.965,-0.0009646014440977679
1.966,-0.03053298371563416
1.967,-0.03053298371563416
1.968,0.002731446339844281
1.969,-0.008356697011981867
1.97,0.010123541907728378
1.971,0.010123541907728378
1.972,-0.008356697011981867
1.973,-0.0009646014440977679
1.974,-0.008356697011981867
1.975,-0.0009646014440977679
1.976,-0.03792507928351826
1.977,-0.03053298371563416
1.978,-0.0009646014440977679
1.979,-0.019444840363808013
1.98,-0.008356697011981867
1.981,0.00642749412378633
1.982,-0.004660649228039817
1.983,-0.012052744795923914
1.984,-0.008356697011981867
1.985,-0.02314088814775006
1.986,-0.004660649228039817
1.987,-0.008356697011981867
1.988,-0.008356697011981867
1.989,-0.0009646014440977679
1.99,-0.015748792579865965
1.991,-0.008356697011981867
1.992,-0.015748792579865965
1.993,0.002731446339844281
1.994,-0.008356697011981867
1.995,-0.0009646014440977679
1.996,0.002731446339844281
1.997,-0.008356697011981867
1.998,-0.015748792579865965
1.999,-0.02314088814775006
2.0,-0.008356697011981867
2.001,-0.03053298371563416
2.002,-0.019444840363808013
2.003,0.002731446339844281
2.004,-0.004660649228039817
2.005,-0.004660649228039817
2.006,0.002731446339844281
2.007,-0.019444840363808013
2.008,-0.0009646014440977679
2.009,-0.02683693593169211
2.01,0.00642749412378633
2.011,-0.008356697011981867
2.012,-0.012052744795923914
2.013,-0.02314088814775006
2.014,-0.012052744795923914
2.015,0.002731446339844281
2.016,0.002731446339844281
2.017,-0.0009646014440977679
2.018,-0.008356697011981867
2.019,-0.004660649228039817
2.02,-0.0009646014440977679
2.021,-0.0009646014440977679
2.022,0.002731446339844281
2.023,-0.02314088814775006
2.024,0.013819589691670428
2.025,-0.019444840363808013
2.026,0.00642749412378633
2.027,-0.004660649228039817
2.028,-0.0009646014440977679
2.029,-0.012052744795923914
2.03,-0.008356697011981867
2.031,-0.012052744795923914
2.032,-0.015748792579865965
2.033,0.010123541907728378
2.034,0.002731446339844281
2.035,-0.015748792579865965
2.036,-0.012052744795923914
2.037,-0.019444840363808013
2.038,0.00642749412378633
2.039,-0.02314088814775006
2.04,-0.008356697011981867
2.041,-0.008356697011981867
2.042,-0.0009646014440977679
2.043,-0.02314088814775006
2.044,0.002731446339844281
2.045,0.010123541907728378
2.046,-0.012052744795923914
2.047,0.00642749412378633
2.048,0.00642749412378633
2.049,-0.004660649228039817
2.05,-0.012052744795923914
2.051,0.00642749412378633
2.052,-0.019444840363808013
2.053,-0.012052744795923914
2.054,-0.0009646014440977679
2.055,-0.015748792579865965
2.056,-0.02314088814775006
2.057,-0.012052744795923914
2.058,-0.004660649228039817
2.059,0.00642749412378633
2.06,-0.03053298371563416
2.061,0.013819589691670428
2.062,-0.0009646014440977679
2.063,-0.02314088814775006
2.064,0.002731446339844281
2.065,-0.02314088814775006
2.066,0.024907733043496576
2.067,0.013819589691670428
2.068,-0.012052744795923914
2.069,-0.012052744795923914
2.07,-0.004660649228039817
2.071,-0.019444840363808013
2.072,-0.015748792579865965
2.073,0.002731446339844281
2.074,-0.019444840363808013
2.075,-0.008356697011981867
2.076,0.00642749412378633
2.077,0.00642749412378633
2.078,-0.008356697011981867
2.079,-0.012052744795923914
2.08,-0.004660649228039817
2.081,-0.004660649228039817
2.082,-0.008356697011981867
2.083,-0.0009646014440977679
2.084,-0.008356697011981867
2.085,-0.004660649228039817
2.086,0.010123541907728378
2.087,-0.015748792579865965
2.088,0.00642749412378633
2.089,-0.012052744795923914
2.09,-0.012052744795923914
2.091,-0.012052744795923914
2.092,-0.008356697011981867
2.093,-0.004660649228039817
2.094,-0.019444840363808013
2.095,0.002731446339844281
2.096,-0.015748792579865965
2.097,-0.02683693593169211
2.098,-0.02314088814775006
2.099,-0.015748792579865965
2.1,0.021211685259554525
2.101,-0.008356697011981867
2.102,-0.019444840363808013
2.103,-0.008356697011981867
2.104,-0.015748792579865965
2.105,-0.0009646014440977679
2.106,0.010123541907728378
2.107,-0.0009646014440977679
2.108,-0.004660649228039817
2.109,0.002731446339844281
2.11,-0.019444840363808013
2.111,-0.0009646014440977679
2.112,-0.012052744795923914
2.113,-0.004660649228039817
2.114,-0.008356697011981867
2.115,-0.015748792579865965
2.116,-0.0009646014440977679
2.117,-0.004660649228039817
2.118,-0.004660649228039817
2.119,-0.004660649228039817
2.12,-0.012052744795923914
2.121,-0.012052744795923914
2.122,-0.004660649228039817
2.123,-0.004660649228039817
2.124,0.010123541907728378
2.125,0.010123541907728378
2.126,-0.019444840363808013
2.127,-0.019444840363808013
2.128,0.002731446339844281
2.129,-0.008356697011981867
2.13,-0.012052744795923914
2.131,0.010123541907728378
2.132,-0.012052744795923914
2.133,-0.012052744795923914
2.134,-0.0009646014440977679
2.135,-0.004660649228039817
2.136,0.002731446339844281
2.137,-0.02314088814775006
2.138,-0.0009646014440977679
2.139,-0.015748792579865965
2.14,-0.019444840363808013
2.141,-0.012052744795923914
2.142,-0.015748792579865965
2.143,-0.02314088814775006
2.144,-0.012052744795923914
2.145,-0.004660649228039817
2.146,-0.004660649228039817
2.147,0.013819589691670428
2.148,0.013819589691670428
2.149,-0.004660649228039817
2.15,-0.02314088814775006
2.151,-0.012052744795923914
2.152,-0.015748792579865965
2.153,-0.008356697011981867
2.154,-0.019444840363808013
2.155,-0.008356697011981867
2.156,0.013819589691670428
2.157,-0.019444840363808013
2.158,-0.008356697011981867
2.159,-0.0009646014440977679
2.16,-0.004660649228039817
2.161,0.00642749412378633
2.162,-0.02314088814775006
2.163,-0.02683693593169211
2.164,-0.012052744795923914
2.165,-0.004660649228039817
2.166,-0.012052744795923914
2.167,-0.015748792579865965
2.168,-0.008356697011981867
2.169,0.010123541907728378
2.17,-0.004660649228039817
2.171,-0.02683693593169211
2.172,-0.008356697011981867
2.173,0.002731446339844281
2.174,-0.012052744795923914
2.175,-0.008356697011981867
2.176,0.010123541907728378
2.177,-0.012052744795923914
2.178,-0.019444840363808013
2.179,-0.0009646014440977679
2.18,-0.004660649228039817
2.181,-0.008356697011981867
2.182,-0.008356697011981867
2.183,0.00642749412378633
2.184,-0.0009646014440977679
2.185,-0.015748792579865965
2.186,-0.019444840363808013
2.187,0.00642749412378633
2.188,-0.008356697011981867
2.189,0.013819589691670428
2.19,-0.015748792579865965
2.191,-0.0009646014440977679
2.192,-0.02683693593169211
2.193,-0.012052744795923914
2.194,-0.008356697011981867
2.195,-0.012052744795923914
2.196,-0.019444840363808013
2.197,-0.008356697011981867
2.198,-0.004660649228039817
2.199,-0.004660649228039817
2.2,-0.004660649228039817
2.201,0.017515637475612477
2.202,-0.03053298371563416
2.203,-0.004660649228039817
2.204,0.021211685259554525
2.205,-0.0009646014440977679
2.206,0.010123541907728378
2.207,-0.008356697011981867
2.208,0.00642749412378633
2.209,-0.019444840363808013
2.21,-0.02314088814775006
2.211,0.00642749412378633
2.212,0.002731446339844281
2.213,-0.012052744795923914
2.214,-0.02683693593169211
2.215,-0.008356697011981867
2.216,0.00642749412378633
2.217,-0.004660649228039817
2.218,0.00642749412378633
2.219,-0.004660649228039817
2.22,-0.004660649228039817
2.221,-0.004660649228039817
2.222,-0.008356697011981867
2.223,-0.004660649228039817
2.224,-0.015748792579865965
2.225,-0.004660649228039817
2.226,-0.0009646014440977679
2.227,0.010123541907728378
2.228,-0.015748792579865965
2.229,-0.004660649228039817
2.23,-0.008356697011981867
2.231,-0.019444840363808013
2.232,-0.0009646014440977679
2.233,-0.02314088814775006
2.234,-0.015748792579865965
2.235,0.002731446339844281
2.236,-0.0009646014440977679
2.237,-0.02683693593169211
2.238,-0.004660649228039817
2.239,-0.015748792579865965
2.24,-0.008356697011981867
2.241,-0.02683693593169211
2.242,-0.0009646014440977679
2.243,0.010123541907728378
2.244,-0.019444840363808013
2.245,-0.02314088814775006
2.246,-0.012052744795923914
2.247,-0.008356697011981867
2.248,-0.004660649228039817
2.249,-0.012052744795923914
2.25,0.002731446339844281
2.251,-0.02314088814775006
2.252,0.002731446339844281
2.253,-0.015748792579865965
2.254,-0.015748792579865965
2.255,-0.004660649228039817
2.256,-0.015748792579865965
2.257,-0.015748792579865965
2.258,-0.008356697011981867
2.259,-0.008356697011981867
2.26,-0.012052744795923914
2.261,-0.02683693593169211
2.262,-0.004660649228039817
2.263,-0.015748792579865965
2.264,-0.015748792579865965
2.265,-0.015748792579865965
2.266,-0.004660649228039817
2.267,-0.019444840363808013
2.268,-0.012052744795923914
2.269,-0.03422903149957621
2.27,-0.02683693593169211
2.271,-0.0009646014440977679
2.272,-0.008356697011981867
2.273,-0.008356697011981867
2.274,-0.004660649228039817
2.275,-0.004660649228039817
2.276,-0.008356697011981867
2.277,-0.012052744795923914
2.278,-0.008356697011981867
2.279,-0.019444840363808013
2.28,-0.0009646014440977679
2.281,-0.012052744795923914
2.282,-0.0009646014440977679
2.283,-0.0009646014440977679
2.284,0.002731446339844281
2.285,0.00642749412378633
2.286,-0.02683693593169211
2.287,0.00642749412378633
2.288,0.017515637475612477
2.289,0.013819589691670428
2.29,0.00642749412378633
2.291,-0.0009646014440977679
2.292,-0.02683693593169211
2.293,-0.02314088814775006
2.294,-0.012052744795923914
2.295,-0.012052744795923914
2.296,-0.0009646014440977679
2.297,0.002731446339844281
2.298,-0.008356697011981867
2.299,0.010123541907728378
2.3,-0.0009646014440977679
2.301,-0.02683693593169211
2.302,0.00642749412378633
2.303,-0.0009646014440977679
2.304,-0.004660649228039817
2.305,0.002731446339844281
2.306,-0.02683693593169211
2.307,-0.015748792579865965
2.308,-0.019444840363808013
2.309,-0.012052744795923914
2.31,-0.012052744795923914
2.311,-0.008356697011981867
2.312,-0.004660649228039817
2.313,-0.0009646014440977679
2.314,0.00642749412378633
2.315,-0.012052744795923914
2.316,-0.004660649228039817
2.317,-0.02683693593169211
2.318,0.010123541907728378
2.319,-0.02314088814775006
2.32,-0.012052744795923914
2.321,0.00642749412378633
2.322,-0.0009646014440977679
2.323,-0.008356697011981867
2.324,-0.0009646014440977679
2.325,-0.015748792579865965
2.326,0.002731446339844281
2.327,-0.004660649228039817
2.328,-0.008356697011981867
2.329,-0.008356697011981867
2.33,-0.004660649228039817
2.331,-0.012052744795923914
2.332,0.00642749412378633
2.333,-0.0009646014440977679
2.334,0.013819589691670428
2.335,0.013819589691670428
2.336,-0.0009646014440977679
2.337,-0.008356697011981867
2.338,0.010123541907728378
2.339,-0.02683693593169211
2.34,-0.03053298371563416
2.341,-0.008356697011981867
2.342,-0.02683693593169211
2.343,-0.015748792579865965
2.344,-0.012052744795923914
2.345,0.017515637475612477
2.346,-0.0009646014440977679
2.347,0.002731446339844281
2.348,-0.02314088814775006
2.349,0.010123541907728378
2.35,-0.012052744795923914
2.351,0.010123541907728378
2.352,-0.0009646014440977679
2.353,-0.004660649228039817
2.354,0.013819589691670428
2.355,-0.019444840363808013
2.356,-0.012052744795923914
2.357,-0.0009646014440977679
2.358,-0.02683693593169211
2.359,-0.012052744795923914
2.36,0.010123541907728378
2.361,-0.012052744795923914
2.362,-0.004660649228039817
2.363,-0.012052744795923914
2.364,0.010123541907728378
2.365,-0.019444840363808013
2.366,0.010123541907728378
2.367,0.00642749412378633
2.368,0.002731446339844281
2.369,-0.012052744795923914
2.37,-0.02314088814775006
2.371,-0.02314088814775006
2.372,0.002731446339844281
2.373,-0.019444840363808013
2.374,-0.02314088814775006
2.375,-0.0009646014440977679
2.376,-0.0009646014440977679
2.377,-0.008356697011981867
2.378,-0.012052744795923914
2.379,-0.008356697011981867
2.38,-0.008356697011981867
2.381,0.013819589691670428
2.382,-0.004660649228039817
2.383,-0.012052744795923914
2.384,-0.019444840363808013
2.385,0.024907733043496576
2.386,-0.019444840363808013
2.387,-0.004660649228039817
2.388,0.017515637475612477
2.389,-0.012052744795923914
2.39,-0.012052744795923914
2.391,-0.0009646014440977679
2.392,-0.02314088814775006
2.393,-0.0009646014440977679
2.394,-0.012052744795923914
2.395,-0.02314088814775006
2.396,0.017515637475612477
2.397,0.002731446339844281
2.398,-0.0009646014440977679
2.399,-0.004660649228039817
2.4,-0.012052744795923914
2.401,-0.004660649228039817
2.402,-0.03792507928351826
2.403,-0.0009646014440977679
2.404,0.013819589691670428
2.405,-0.008356697011981867
2.406,-0.02683693593169211
2.407,0.00642749412378633
2.408,-0.008356697011981867
2.409,-0.02314088814775006
2.41,-0.008356697011981867
2.411,-0.019444840363808013
2.412,-0.004660649228039817
2.413,-0.004660649228039817
2.414,-0.019444840363808013
2.415,-0.012052744795923914
2.416,0.002731446339844281
2.417,-0.0009646014440977679
2.418,0.010123541907728378
2.419,-0.0009646014440977679
2.42,0.002731446339844281
2.421,-0.015748792579865965
2.422,-0.02314088814775006
2.423,-0.03053298371563416
2.424,-0.0009646014440977679
2.425,-0.015748792579865965
2.426,0.002731446339844281
2.427,-0.008356697011981867
2.428,-0.012052744795923914
2.429,0.010123541907728378
2.43,-0.015748792579865965
2.431,-0.015748792579865965
2.432,-0.02683693593169211
2.433,0.010123541907728378
2.434,-0.004660649228039817
2.435,0.017515637475612477
2.436,0.002731446339844281
2.437,-0.004660649228039817
2.438,-0.019444840363808013
2.439,0.021211685259554525
2.44,-0.0009646014440977679
2.441,-0.008356697011981867
2.442,-0.02683693593169211
2.443,-0.012052744795923914
2.444,-0.02314088814775006
2.445,-0.008356697011981867
2.446,0.017515637475612477
2.447,-0.012052744795923914
2.448,0.013819589691670428
2.449,-0.03053298371563416
2.45,0.013819589691670428
2.451,-0.004660649228039817
2.452,-0.012052744795923914
2.453,-0.004660649228039817
2.454,0.002731446339844281
2.455,-0.015748792579865965
2.456,0.00642749412378633
2.457,-0.019444840363808013
2.458,-0.004660649228039817
2.459,-0.015748792579865965
2.46,-0.004660649228039817
2.461,-0.004660649228039817
2.462,-0.008356697011981867
2.463,-0.0009646014440977679
2.464,0.017515637475612477
2.465,-0.004660649228039817
2.466,-0.008356697011981867
2.467,0.010123541907728378
2.468,-0.019444840363808013
2.469,-0.012052744795923914
2.47,-0.004660649228039817
2.471,-0.0009646014440977679
2.472,0.002731446339844281
2.473,-0.004660649228039817
2.474,-0.02314088814775006
2.475,-0.004660649228039817
2.476,-0.02314088814775006
2.477,-0.019444840363808013
2.478,-0.004660649228039817
2.479,-0.0009646014440977679
2.48,-0.012052744795923914
2.481,0.00642749412378633
2.482,-0.02314088814775006
2.483,-0.015748792579865965
2.484,-0.008356697011981867
2.485,-0.0009646014440977679
2.486,-0.008356697011981867
2.487,0.00642749412378633
2.488,-0.008356697011981867
2.489,-0.004660649228039817
2.49,0.024907733043496576
2.491,-0.015748792579865965
2.492,-0.012052744795923914
2.493,-0.008356697011981867
2.494,-0.012052744795923914
2.495,-0.012052744795923914
2.496,-0.0009646014440977679
2.497,-0.0009646014440977679
2.498,-0.004660649228039817
2.499,-0.0009646014440977679
2.5,-0.02314088814775006
2.501,-0.02314088814775006
2.502,-0.015748792579865965
2.503,-0.019444840363808013
2.504,-0.012052744795923914
2.505,-0.012052744795923914
2.506,-0.015748792579865965
2.507,-0.02314088814775006
2.508,0.002731446339844281
2.509,-0.0009646014440977679
2.51,-0.008356697011981867
2.511,-0.008356697011981867
2.512,0.00642749412378633
2.513,-0.019444840363808013
2.514,-0.004660649228039817
2.515,0.017515637475612477
2.516,-0.008356697011981867
2.517,0.010123541907728378
2.518,0.002731446339844281
2.519,0.002731446339844281
2.52,-0.03422903149957621
2.521,-0.015748792579865965
2.522,-0.019444840363808013
2.523,-0.019444840363808013
2.524,-0.012052744795923914
2.525,-0.015748792579865965
2.526,-0.004660649228039817
2.527,-0.015748792579865965
2.528,-0.012052744795923914
2.529,-0.012052744795923914
2.53,-0.0009646014440977679
2.531,-0.0009646014440977679
2.532,-0.0009646014440977679
2.533,-0.02683693593169211
2.534,-0.0009646014440977679
2.535,0.002731446339844281
2.536,-0.012052744795923914
2.537,-0.004660649228039817
2.538,0.010123541907728378
2.539,0.002731446339844281
2.54,-0.004660649228039817
2.541,-0.012052744795923914
2.542,-0.008356697011981867
2.543,-0.015748792579865965
2.544,0.010123541907728378
2.545,-0.012052744795923914
2.546,0.002731446339844281
2.547,-0.004660649228039817
2.548,-0.03053298371563416
2.549,-0.008356697011981867
2.55,0.002731446339844281
2.551,-0.008356697011981867
2.552,-0.008356697011981867
2.553,0.002731446339844281
2.554,-0.0009646014440977679
2.555,-0.019444840363808013
2.556,-0.015748792579865965
2.557,-0.004660649228039817
2.558,-0.03053298371563416
2.559,-0.008356697011981867
2.56,-0.008356697011981867
2.561,-0.03053298371563416
2.562,-0.008356697011981867
2.563,-0.0009646014440977679
2.564,-0.008356697011981867
2.565,-0.0009646014440977679
2.566,0.010123541907728378
2.567,-0.004660649228039817
2.568,-0.02314088814775006
2.569,-0.008356697011981867
2.57,-0.008356697011981867
2.571,-0.02314088814775006
2.572,-0.02683693593169211
2.573,-0.008356697011981867
2.574,-0.019444840363808013
2.575,-0.0009646014440977679
2.576,-0.012052744795923914
2.577,0.002731446339844281
2.578,-0.02314088814775006
2.579,0.002731446339844281
2.58,-0.012052744795923914
2.581,0.002731446339844281
2.582,-0.012052744795923914
2.583,-0.019444840363808013
2.584,0.013819589691670428
2.585,-0.02314088814775006
2.586,0.021211685259554525
2.587,0.00642749412378633
2.588,-0.004660649228039817
2.589,0.002731446339844281
2.59,-0.012052744795923914
2.591,-0.004660649228039817
2.592,-0.012052744795923914
2.593,-0.012052744795923914
2.594,-0.015748792579865965
2.595,-0.004660649228039817
2.596,0.002731446339844281
2.597,-0.019444840363808013
2.598,-0.008356697011981867
2.599,-0.008356697011981867
2.6,-0.012052744795923914
2.601,-0.012052744795923914
2.602,0.002731446339844281
2.603,-0.019444840363808013
2.604,-0.004660649228039817
2.605,-0.015748792579865965
2.606,0.013819589691670428
2.607,0.013819589691670428
2.608,0.00642749412378633
2.609,0.002731446339844281
2.61,-0.008356697011981867
2.611,-0.019444840363808013
2.612,-0.02683693593169211
2.613,-0.008356697011981867
2.614,-0.008356697011981867
2.615,-0.015748792579865965
2.616,-0.004660649228039817
2.617,-0.015748792579865965
2.618,-0.008356697011981867
2.619,-0.0009646014440977679
2.62,-0.008356697011981867
2.621,-0.004660649228039817
2.622,-0.0009646014440977679
2.623,-0.004660649228039817
2.624,0.010123541907728378
2.625,-0.012052744795923914
2.626,0.002731446339844281
2.627,-0.015748792579865965
2.628,-0.02314088814775006
2.629,-0.008356697011981867
2.63,-0.04162112706746031
2.631,-0.015748792579865965
2.632,0.00642749412378633
2.633,-0.019444840363808013
2.634,-0.019444840363808013
2.635,-0.02683693593169211
2.636,-0.019444840363808013
2.637,-0.008356697011981867
2.638,-0.015748792579865965
2.639,-0.008356697011981867
2.64,0.010123541907728378
2.641,-0.012052744795923914
2.642,-0.008356697011981867
2.643,-0.019444840363808013
2.644,-0.004660649228039817
2.645,-0.008356697011981867
2.646,-0.008356697011981867
2.647,-0.012052744795923914
2.648,-0.012052744795923914
2.649,0.00642749412378633
2.65,0.017515637475612477
2.651,0.024907733043496576
2.652,0.010123541907728378
2.653,-0.019444840363808013
2.654,-0.012052744795923914
2.655,-0.015748792579865965
2.656,0.002731446339844281
2.657,-0.0009646014440977679
2.658,-0.019444840363808013
2.659,-0.012052744795923914
2.66,-0.019444840363808013
2.661,-0.019444840363808013
2.662,-0.004660649228039817
2.663,0.002731446339844281
2.664,-0.03053298371563416
2.665,-0.012052744795923914
2.666,-0.008356697011981867
2.667,-0.008356697011981867
2.668,-0.02683693593169211
2.669,0.013819589691670428
2.67,-0.004660649228039817
2.671,-0.008356697011981867
2.672,-0.03422903149957621
2.673,-0.0009646014440977679
2.674,-0.004660649228039817
2.675,-0.012052744795923914
2.676,0.013819589691670428
2.677,-0.004660649228039817
2.678,-0.02314088814775006
2.679,-0.008356697011981867
2.68,0.00642749412378633
2.681,-0.004660649228039817
2.682,-0.008356697011981867
2.683,-0.0009646014440977679
2.684,-0.008356697011981867
2.685,-0.015748792579865965
2.686,-0.0009646014440977679
2.687,-0.02314088814775006
2.688,0.00642749412378633
2.689,-0.004660649228039817
2.69,-0.004660649228039817
2.691,-0.008356697011981867
2.692,-0.012052744795923914
2.693,0.00642749412378633
2.694,-0.008356697011981867
2.695,-0.015748792579865965
2.696,-0.004660649228039817
2.697,-0.008356697011981867
2.698,-0.03053298371563416
2.699,-0.012052744795923914
2.7,0.00642749412378633
2.701,0.010123541907728378
2.702,0.00642749412378633
2.703,0.00642749412378633
2.704,-0.03053298371563416
2.705,0.017515637475612477
2.706,0.002731446339844281
2.707,0.010123541907728378
2.708,-0.02314088814775006
2.709,-0.012052744795923914
2.71,-0.015748792579865965
2.711,-0.02683693593169211
2.712,0.010123541907728378
2.713,-0.015748792579865965
2.714,0.00642749412378633
2.715,-0.008356697011981867
2.716,-0.008356697011981867
2.717,-0.015748792579865965
2.718,-0.012052744795923914
2.719,-0.004660649228039817
2.72,-0.008356697011981867
2.721,-0.008356697011981867
2.722,-0.008356697011981867
2.723,-0.012052744795923914
2.724,-0.02314088814775006
2.725,-0.02683693593169211
2.726,-0.008356697011981867
2.727,-0.004660649228039817
2.728,0.010123541907728378
2.729,-0.008356697011981867
2.73,-0.004660649228039817
2.731,-0.015748792579865965
2.732,-0.02683693593169211
2.733,-0.02683693593169211
2.734,-0.004660649228039817
2.735,0.00642749412378633
2.736,-0.004660649228039817
2.737,-0.019444840363808013
2.738,-0.008356697011981867
2.739,-0.019444840363808013
2.74,-0.004660649228039817
2.741,-0.02314088814775006
2.742,-0.019444840363808013
2.743,-0.004660649228039817
2.744,-0.004660649228039817
2.745,-0.012052744795923914
2.746,-0.012052744795923914
2.747,0.013819589691670428
2.748,-0.03053298371563416
2.749,-0.019444840363808013
2.75,-0.0009646014440977679
2.751,-0.019444840363808013
2.752,-0.02314088814775006
2.753,-0.012052744795923914
2.754,-0.004660649228039817
2.755,0.002731446339844281
2.756,-0.019444840363808013
2.757,0.002731446339844281
2.758,-0.015748792579865965
2.759,0.002731446339844281
2.76,-0.004660649228039817
2.761,-0.004660649228039817
2.762,-0.02314088814775006
2.763,-0.03053298371563416
2.764,-0.012052744795923914
2.765,-0.0009646014440977679
2.766,-0.019444840363808013
2.767,-0.019444840363808013
2.768,-0.004660649228039817
2.769,-0.008356697011981867
2.77,-0.008356697011981867
2.771,0.00642749412378633
2.772,0.010123541907728378
2.773,-0.004660649228039817
2.774,0.00642749412378633
2.775,-0.008356697011981867
2.776,-0.019444840363808013
2.777,-0.008356697011981867
2.778,-0.004660649228039817
2.779,0.017515637475612477
2.78,-0.004660649228039817
2.781,-0.015748792579865965
2.782,-0.004660649228039817
2.783,0.010123541907728378
2.784,-0.004660649228039817
2.785,-0.0009646014440977679
2.786,-0.008356697011981867
2.787,0.002731446339844281
2.788,0.002731446339844281
2.789,-0.004660649228039817
2.79,-0.008356697011981867
2.791,-0.019444840363808013
2.792,-0.012052744795923914
2.793,-0.008356697011981867
2.794,-0.015748792579865965
2.795,0.002731446339844281
2.796,-0.008356697011981867
2.797,-0.0009646014440977679
2.798,-0.004660649228039817
2.799,0.00642749412378633
2.8,-0.012052744795923914
2.801,0.002731446339844281
2.802,-0.015748792579865965
2.803,-0.008356697011981867
2.804,-0.004660649228039817
2.805,0.002731446339844281
2.806,0.002731446339844281
2.807,0.017515637475612477
2.808,-0.0009646014440977679
2.809,0.010123541907728378
2.81,-0.004660649228039817
2.811,-0.015748792579865965
2.812,-0.019444840363808013
2.813,-0.008356697011981867
2.814,0.010123541907728378
2.815,-0.0009646014440977679
2.816,-0.015748792579865965
2.817,-0.015748792579865965
2.818,-0.015748792579865965
2.819,0.002731446339844281
2.82,-0.019444840363808013
2.821,0.002731446339844281
2.822,0.010123541907728378
2.823,0.002731446339844281
2.824,-0.03053298371563416
2.825,-0.0009646014440977679
2.826,-0.015748792579865965
2.827,0.002731446339844281
2.828,0.013819589691670428
2.829,-0.004660649228039817
2.83,0.002731446339844281
2.831,-0.015748792579865965
2.832,-0.004660649228039817
2.833,-0.02314088814775006
2.834,-0.008356697011981867
2.835,-0.019444840363808013
2.836,-0.03422903149957621
2.837,-0.0009646014440977679
2.838,0.00642749412378633
2.839,0.017515637475612477
2.84,0.00642749412378633
2.841,0.010123541907728378
2.842,-0.015748792579865965
2.843,-0.03792507928351826
2.844,0.00642749412378633
2.845,-0.012052744795923914
2.846,-0.04162112706746031
2.847,-0.0009646014440977679
2.848,-0.012052744795923914
2.849,0.002731446339844281
2.85,-0.0009646014440977679
2.851,-0.008356697011981867
2.852,-0.008356697011981867
2.853,-0.0009646014440977679
2.854,-0.004660649228039817
2.855,-0.004660649228039817
2.856,0.00642749412378633
2.857,-0.02314088814775006
2.858,0.017515637475612477
2.859,-0.004660649228039817
2.86,-0.015748792579865965
2.861,-0.0009646014440977679
2.862,-0.008356697011981867
2.863,-0.019444840363808013
2.864,-0.02314088814775006
2.865,-0.008356697011981867
2.866,-0.012052744795923914
2.867,-0.03053298371563416
2.868,-0.03422903149957621
2.869,0.002731446339844281
2.87,-0.015748792579865965
2.871,-0.0009646014440977679
2.872,-0.0009646014440977679
2.873,0.013819589691670428
2.874,-0.012052744795923914
2.875,0.002731446339844281
2.876,-0.015748792579865965
2.877,-0.019444840363808013
2.878,-0.0009646014440977679
2.879,-0.015748792579865965
2.88,0.017515637475612477
2.881,-0.008356697011981867
2.882,-0.008356697011981867
2.883,0.00642749412378633
2.884,-0.008356697011981867
2.885,-0.015748792579865965
2.886,-0.015748792579865965
2.887,-0.0009646014440977679
2.888,-0.008356697011981867
2.889,-0.008356697011981867
2.89,-0.03053298371563416
2.891,-0.012052744795923914
2.892,-0.0009646014440977679
2.893,-0.008356697011981867
2.894,0.010123541907728378
2.895,-0.02314088814775006
2.896,-0.015748792579865965
2.897,0.013819589691670428
2.898,-0.008356697011981867
2.899,-0.02314088814775006
2.9,-0.012052744795923914
2.901,0.013819589691670428
2.902,0.00642749412378633
2.903,-0.008356697011981867
2.904,0.013819589691670428
2.905,-0.019444840363808013
2.906,-0.008356697011981867
2.907,-0.004660649228039817
2.908,-0.004660649228039817
2.909,0.017515637475612477
2.91,-0.015748792579865965
2.911,-0.012052744795923914
2.912,0.017515637475612477
2.913,-0.004660649228039817
2.914,-0.012052744795923914
2.915,-0.008356697011981867
2.916,-0.004660649228039817
2.917,0.010123541907728378
2.918,0.00642749412378633
2.919,-0.015748792579865965
2.92,0.013819589691670428
2.921,-0.03422903149957621
2.922,-0.012052744795923914
2.923,-0.004660649228039817
2.924,-0.019444840363808013
2.925,-0.008356697011981867
2.926,-0.015748792579865965
2.927,0.028603780827438623
2.928,-0.02683693593169211
2.929,-0.03422903149957621
2.93,-0.015748792579865965
2.931,-0.008356697011981867
2.932,-0.004660649228039817
2.933,-0.02683693593169211
2.934,-0.012052744795923914
2.935,0.017515637475612477
2.936,-0.02314088814775006
2.937,-0.0009646014440977679
2.938,-0.008356697011981867
2.939,-0.012052744795923914
2.94,0.010123541907728378
2.941,0.002731446339844281
2.942,0.010123541907728378
2.943,-0.012052744795923914
2.944,-0.03422903149957621
2.945,-0.019444840363808013
2.946,-0.015748792579865965
2.947,-0.0009646014440977679
2.948,0.021211685259554525
2.949,-0.03422903149957621
2.95,0.017515637475612477
2.951,-0.008356697011981867
2.952,-0.0009646014440977679
2.953,-0.012052744795923914
2.954,-0.004660649228039817
2.955,0.021211685259554525
2.956,-0.015748792579865965
2.957,-0.03053298371563416
2.958,-0.008356697011981867
2.959,0.021211685259554525
2.96,-0.008356697011981867
2.961,0.010123541907728378
2.962,-0.008356697011981867
2.963,-0.019444840363808013
2.964,0.002731446339844281
2.965,-0.015748792579865965
2.966,-0.015748792579865965
2.967,0.00642749412378633
2.968,-0.0009646014440977679
2.969,-0.004660649228039817
2.97,-0.004660649228039817
2.971,-0.0009646014440977679
2.972,-0.008356697011981867
2.973,-0.012052744795923914
2.974,-0.0009646014440977679
2.975,0.002731446339844281
2.976,0.00642749412378633
2.977,-0.008356697011981867
2.978,0.002731446339844281
2.979,-0.0009646014440977679
2.98,-0.019444840363808013
2.981,0.002731446339844281
2.982,-0.02683693593169211
2.983,-0.019444840363808013
2.984,-0.004660649228039817
2.985,-0.004660649228039817
2.986,-0.015748792579865965
2.987,-0.008356697011981867
2.988,-0.004660649228039817
2.989,-0.0009646014440977679
2.99,-0.008356697011981867
2.991,-0.004660649228039817
2.992,-0.008356697011981867
2.993,-0.0009646014440977679
2.994,-0.008356697011981867
2.995,-0.015748792579865965
2.996,-0.008356697011981867
2.997,0.010123541907728378
2.998,0.002731446339844281
2.999,-0.019444840363808013
3.0,-0.004660649228039817
3.001,-0.02683693593169211
3.002,-0.019444840363808013
3.003,-0.015748792579865965
3.004,0.028603780827438623
3.005,-0.015748792579865965
3.006,-0.0009646014440977679
3.007,-0.015748792579865965
3.008,-0.004660649228039817
3.009,-0.03792507928351826
3.01,-0.02683693593169211
3.011,-0.008356697011981867
3.012,0.021211685259554525
3.013,-0.02314088814775006
3.014,0.002731446339844281
3.015,-0.015748792579865965
3.016,-0.012052744795923914
3.017,0.021211685259554525
3.018,-0.02683693593169211
3.019,-0.02314088814775006
3.02,0.017515637475612477
3.021,0.002731446339844281
3.022,0.00642749412378633
3.023,-0.015748792579865965
3.024,-0.019444840363808013
3.025,-0.02314088814775006
3.026,-0.015748792579865965
3.027,0.002731446339844281
3.028,0.002731446339844281
3.029,0.00642749412378633
3.03,-0.02314088814775006
3.031,-0.012052744795923914
3.032,-0.008356697011981867
3.033,-0.02683693593169211
3.034,-0.004660649228039817
3.035,-0.004660649228039817
3.036,-0.0009646014440977679
3.037,-0.008356697011981867
3.038,-0.004660649228039817
3.039,0.002731446339844281
3.04,-0.03422903149957621
3.041,-0.008356697011981867
3.042,-0.04162112706746031
3.043,0.010123541907728378
3.044,-0.03422903149957621
3.045,0.00642749412378633
3.046,-0.015748792579865965
3.047,-0.012052744795923914
3.048,-0.015748792579865965
3.049,-0.019444840363808013
3.05,-0.008356697011981867
3.051,-0.0009646014440977679
3.052,-0.008356697011981867
3.053,0.024907733043496576
3.054,-0.008356697011981867
3.055,-0.015748792579865965
3.056,-0.02683693593169211
3.057,-0.008356697011981867
3.058,-0.012052744795923914
3.059,0.010123541907728378
3.06,-0.012052744795923914
3.061,0.002731446339844281
3.062,-0.008356697011981867
3.063,-0.004660649228039817
3.064,0.00642749412378633
3.065,-0.012052744795923914
3.066,-0.0009646014440977679
3.067,-0.03053298371563416
3.068,-0.015748792579865965
3.069,0.002731446339844281
3.07,-0.008356697011981867
3.071,-0.008356697011981867
3.072,0.010123541907728378
3.073,-0.02314088814775006
3.074,-0.0009646014440977679
3.075,-0.0009646014440977679
3.076,-0.0009646014440977679
3.077,-0.0009646014440977679
3.078,-0.03792507928351826
3.079,-0.0009646014440977679
3.08,-0.02314088814775006
3.081,-0.02314088814775006
3.082,0.00642749412378633
3.083,-0.015748792579865965
3.084,-0.008356697011981867
3.085,-0.012052744795923914
3.086,-0.004660649228039817
3.087,-0.03422903149957621
3.088,-0.02314088814775006
3.089,-0.004660649228039817
3.09,-0.019444840363808013
3.091,0.00642749412378633
3.092,-0.03053298371563416
3.093,-0.0009646014440977679
3.094,-0.008356697011981867
3.095,-0.015748792579865965
3.096,-0.008356697011981867
3.097,0.017515637475612477
3.098,-0.0009646014440977679
3.099,0.00642749412378633
3.1,-0.008356697011981867
3.101,-0.015748792579865965
3.102,-0.015748792579865965
3.103,-0.02683693593169211
3.104,0.00642749412378633
3.105,-0.019444840363808013
3.106,-0.019444840363808013
3.107,-0.02314088814775006
3.108,-0.02314088814775006
3.109,0.00642749412378633
3.11,0.002731446339844281
3.111,0.021211685259554525
3.112,0.002731446339844281
3.113,-0.012052744795923914
3.114,-0.02683693593169211
3.115,-0.015748792579865965
3.116,0.010123541907728378
3.117,-0.03053298371563416
3.118,0.002731446339844281
3.119,0.00642749412378633
3.12,-0.012052744795923914
3.121,-0.008356697011981867
3.122,-0.004660649228039817
3.123,-0.012052744795923914
3.124,-0.015748792579865965
3.125,-0.004660649228039817
3.126,-0.019444840363808013
3.127,-0.02314088814775006
3.128,-0.008356697011981867
3.129,-0.03053298371563416
3.13,-0.008356697011981867
3.131,-0.004660649228039817
3.132,-0.012052744795923914
3.133,-0.008356697011981867
3.134,0.002731446339844281
3.135,-0.004660649228039817
3.136,-0.008356697011981867
3.137,0.00642749412378633
3.138,-0.015748792579865965
3.139,-0.008356697011981867
3.14,0.002731446339844281
3.141,-0.008356697011981867
3.142,-0.015748792579865965
3.143,-0.02314088814775006
3.144,-0.0009646014440977679
3.145,-0.019444840363808013
3.146,-0.004660649228039817
3.147,0.017515637475612477
3.148,0.00642749412378633
3.149,-0.0009646014440977679
3.15,0.002731446339844281
3.151,-0.02314088814775006
3.152,-0.008356697011981867
3.153,0.002731446339844281
3.154,-0.008356697011981867
3.155,-0.012052744795923914
3.156,-0.02683693593169211
3.157,-0.019444840363808013
3.158,0.00642749412378633
3.159,-0.004660649228039817
3.16,0.00642749412378633
3.161,-0.008356697011981867
3.162,0.00642749412378633
3.163,0.002731446339844281
3.164,-0.0009646014440977679
3.165,0.00642749412378633
3.166,-0.019444840363808013
3.167,0.021211685259554525
3.168,-0.03053298371563416
3.169,0.00642749412378633
3.17,0.00642749412378633
3.171,0.010123541907728378
3.172,0.010123541907728378
3.173,0.010123541907728378
3.174,-0.02683693593169211
3.175,-0.004660649228039817
3.176,0.010123541907728378
3.177,-0.004660649228039817
3.178,-0.008356697011981867
3.179,0.00642749412378633
3.18,-0.004660649228039817
3.181,0.010123541907728378
3.182,-0.015748792579865965
3.183,-0.008356697011981867
3.184,-0.0009646014440977679
3.185,-0.019444840363808013
3.186,0.002731446339844281
3.187,-0.008356697011981867
3.188,-0.019444840363808013
3.189,0.00642749412378633
3.19,-0.02683693593169211
3.191,-0.004660649228039817
3.192,0.010123541907728378
3.193,-0.004660649228039817
3.194,-0.02314088814775006
3.195,0.002731446339844281
3.196,-0.004660649228039817
3.197,-0.015748792579865965
3.198,-0.008356697011981867
3.199,0.002731446339844281
3.2,-0.015748792579865965
3.201,-0.0009646014440977679
3.202,-0.02683693593169211
3.203,-0.0009646014440977679
3.204,0.00642749412378633
3.205,-0.0009646014440977679
3.206,-0.008356697011981867
3.207,-0.015748792579865965
3.208,-0.019444840363808013
3.209,0.013819589691670428
3.21,-0.004660649228039817
3.211,-0.008356697011981867
3.212,0.002731446339844281
3.213,-0.015748792579865965
3.214,0.010123541907728378
3.215,0.010123541907728378
3.216,-0.004660649228039817
3.217,-0.004660649228039817
3.218,-0.004660649228039817
3.219,-0.02683693593169211
3.22,0.013819589691670428
3.221,0.00642749412378633
3.222,0.010123541907728378
3.223,-0.004660649228039817
3.224,-0.008356697011981867
3.225,-0.015748792579865965
3.226,-0.019444840363808013
3.227,-0.004660649228039817
3.228,0.010123541907728378
3.229,-0.004660649228039817
3.23,0.00642749412378633
3.231,-0.0009646014440977679
3.232,0.017515637475612477
3.233,-0.004660649228039817
3.234,0.00642749412378633
3.235,-0.004660649228039817
3.236,0.00642749412378633
3.237,-0.015748792579865965
3.238,0.010123541907728378
3.239,0.010123541907728378
3.24,-0.008356697011981867
3.241,-0.015748792579865965
3.242,-0.015748792579865965
3.243,-0.03053298371563416
3.244,-0.03422903149957621
3.245,-0.02683693593169211
3.246,0.010123541907728378
3.247,0.002731446339844281
3.248,-0.008356697011981867
3.249,-0.0009646014440977679
3.25,-0.008356697011981867
3.251,-0.019444840363808013
3.252,-0.004660649228039817
3.253,-0.008356697011981867
3.254,-0.004660649228039817
3.255,0.03229982861138067
3.256,-0.015748792579865965
3.257,-0.004660649228039817
3.258,-0.015748792579865965
3.259,-0.02314088814775006
3.26,-0.008356697011981867
3.261,0.002731446339844281
3.262,-0.004660649228039817
3.263,0.002731446339844281
3.264,-0.0009646014440977679
3.265,-0.015748792579865965
3.266,-0.015748792579865965
3.267,-0.02314088814775006
3.268,0.013819589691670428
3.269,-0.004660649228039817
3.27,-0.004660649228039817
3.271,-0.004660649228039817
3.272,-0.008356697011981867
3.273,-0.012052744795923914
3.274,0.002731446339844281
3.275,-0.015748792579865965
3.276,0.002731446339844281
3.277,-0.0009646014440977679
3.278,-0.02683693593169211
3.279,-0.004660649228039817
3.28,-0.012052744795923914
3.281,-0.015748792579865965
3.282,-0.03053298371563416
3.283,-0.019444840363808013
3.284,-0.004660649228039817
3.285,0.002731446339844281
3.286,-0.012052744795923914
3.287,-0.012052744795923914
3.288,0.00642749412378633
3.289,-0.008356697011981867
3.29,-0.008356697011981867
3.291,-0.0009646014440977679
3.292,-0.004660649228039817
3.293,0.00642749412378633
3.294,-0.03422903149957621
3.295,-0.008356697011981867
3.296,-0.0009646014440977679
3.297,-0.015748792579865965
3.298,-0.012052744795923914
3.299,-0.012052744795923914
3.3,-0.0009646014440977679
3.301,-0.008356697011981867
3.302,-0.0009646014440977679
3.303,0.017515637475612477
3.304,0.010123541907728378
3.305,-0.004660649228039817
3.306,-0.004660649228039817
3.307,-0.015748792579865965
3.308,-0.019444840363808013
3.309,-0.008356697011981867
3.31,-0.03053298371563416
3.311,-0.019444840363808013
3.312,-0.012052744795923914
3.313,0.024907733043496576
3.314,-0.02683693593169211
3.315,0.010123541907728378
3.316,-0.012052744795923914
3.317,-0.012052744795923914
3.318,-0.012052744795923914
3.319,-0.0009646014440977679
3.32,-0.019444840363808013
3.321,-0.008356697011981867
3.322,0.00642749412378633
3.323,0.002731446339844281
3.324,-0.0009646014440977679
3.325,-0.012052744795923914
3.326,-0.008356697011981867
3.327,0.002731446339844281
3.328,0.010123541907728378
3.329,0.00642749412378633
3.33,0.017515637475612477
3.331,-0.008356697011981867
3.332,-0.008356697011981867
3.333,-0.004660649228039817
3.334,-0.012052744795923914
3.335,-0.0009646014440977679
3.336,0.00642749412378633
3.337,0.002731446339844281
3.338,-0.004660649228039817
3.339,-0.04162112706746031
3.34,-0.019444840363808013
3.341,-0.004660649228039817
3.342,0.017515637475612477
3.343,0.00642749412378633
3.344,0.00642749412378633
3.345,-0.008356697011981867
3.346,-0.019444840363808013
3.347,0.002731446339844281
3.348,0.002731446339844281
3.349,-0.03422903149957621
3.35,-0.015748792579865965
3.351,-0.008356697011981867
3.352,-0.012052744795923914
3.353,-0.012052744795923914
3.354,-0.004660649228039817
3.355,0.028603780827438623
3.356,-0.02314088814775006
3.357,-0.04162112706746031
3.358,-0.0009646014440977679
3.359,-0.008356697011981867
3.36,-0.012052744795923914
3.361,0.013819589691670428
3.362,-0.03053298371563416
3.363,-0.019444840363808013
3.364,0.00642749412378633
3.365,-0.02314088814775006
3.366,-0.0009646014440977679
3.367,-0.012052744795923914
3.368,-0.019444840363808013
3.369,-0.004660649228039817
3.37,-0.004660649228039817
3.371,-0.004660649228039817
3.372,-0.012052744795923914
3.373,-0.03422903149957621
3.374,-0.019444840363808013
3.375,-0.008356697011981867
3.376,-0.012052744795923914
3.377,-0.012052744795923914
3.378,-0.008356697011981867
3.379,-0.004660649228039817
3.38,0.017515637475612477
3.381,0.002731446339844281
3.382,-0.012052744795923914
3.383,0.013819589691670428
3.384,-0.004660649228039817
3.385,-0.0009646014440977679
3.386,0.00642749412378633
3.387,-0.0009646014440977679
3.388,0.00642749412378633
3.389,0.00642749412378633
3.39,-0.02683693593169211
3.391,-0.012052744795923914
3.392,0.002731446339844281
3.393,-0.008356697011981867
3.394,0.013819589691670428
3.395,0.00642749412378633
3.396,-0.015748792579865965
3.397,-0.03053298371563416
3.398,0.002731446339844281
3.399,-0.004660649228039817
3.4,-0.004660649228039817
3.401,-0.0009646014440977679
3.402,0.017515637475612477
3.403,-0.012052744795923914
3.404,-0.012052744795923914
3.405,-0.012052744795923914
3.406,0.00642749412378633
3.407,0.00642749412378633
3.408,-0.015748792579865965
3.409,-0.0009646014440977679
3.41,-0.03053298371563416
3.411,-0.004660649228039817
3.412,-0.004660649228039817
3.413,-0.02683693593169211
3.414,0.00642749412378633
3.415,-0.04531717485140235
3.416,-0.02314088814775006
3.417,-0.0009646014440977679
3.418,-0.012052744795923914
3.419,-0.0009646014440977679
3.42,-0.008356697011981867
3.421,-0.019444840363808013
3.422,-0.004660649228039817
3.423,-0.0009646014440977679
3.424,-0.012052744795923914
3.425,0.021211685259554525
3.426,-0.012052744795923914
3.427,-0.03053298371563416
3.428,-0.008356697011981867
3.429,-0.015748792579865965
3.43,-0.02314088814775006
3.431,-0.02314088814775006
3.432,-0.012052744795923914
3.433,-0.008356697011981867
3.434,0.013819589691670428
3.435,-0.012052744795923914
3.436,-0.008356697011981867
3.437,-0.008356697011981867
3.438,-0.012052744795923914
3.439,-0.02683693593169211
3.44,0.024907733043496576
3.441,-0.012052744795923914
3.442,-0.004660649228039817
3.443,-0.0009646014440977679
3.444,0.028603780827438623
3.445,-0.012052744795923914
3.446,-0.0009646014440977679
3.447,-0.0009646014440977679
3.448,-0.004660649228039817
3.449,-0.0009646014440977679
3.45,0.002731446339844281
3.451,-0.015748792579865965
3.452,-0.004660649228039817
3.453,-0.004660649228039817
3.454,-0.019444840363808013
3.455,0.002731446339844281
3.456,-0.004660649228039817
3.457,0.002731446339844281
3.458,-0.015748792579865965
3.459,-0.012052744795923914
3.46,-0.02683693593169211
3.461,-0.015748792579865965
3.462,-0.004660649228039817
3.463,-0.0009646014440977679
3.464,-0.012052744795923914
3.465,-0.0009646014440977679
3.466,0.021211685259554525
3.467,-0.008356697011981867
3.468,-0.008356697011981867
3.469,0.017515637475612477
3.47,-0.012052744795923914
3.471,-0.008356697011981867
3.472,-0.015748792579865965
3.473,-0.004660649228039817
3.474,-0.0009646014440977679
3.475,0.00642749412378633
3.476,-0.008356697011981867
3.477,-0.0009646014440977679
3.478,-0.015748792579865965
3.479,-0.004660649228039817
3.48,-0.02683693593169211
3.481,0.013819589691670428
3.482,-0.02683693593169211
3.483,0.002731446339844281
3.484,-0.004660649228039817
3.485,0.002731446339844281
3.486,-0.008356697011981867
3.487,-0.02683693593169211
3.488,-0.008356697011981867
3.489,0.002731446339844281
3.49,-0.019444840363808013
3.491,-0.012052744795923914
3.492,-0.02314088814775006
3.493,0.010123541907728378
3.494,-0.02683693593169211
3.495,-0.004660649228039817
3.496,-0.015748792579865965
3.497,-0.012052744795923914
3.498,-0.019444840363808013
3.499,-0.019444840363808013
3.5,-0.015748792579865965
3.501,-0.008356697011981867
3.502,-0.015748792579865965
3.503,-0.0009646014440977679
3.504,-0.0009646014440977679
3.505,0.03229982861138067
3.506,-0.008356697011981867
3.507,-0.015748792579865965
3.508,0.002731446339844281
3.509,0.002731446339844281
3.51,0.002731446339844281
3.511,0.010123541907728378
3.512,-0.004660649228039817
3.513,-0.0009646014440977679
3.514,-0.02314088814775006
3.515,-0.008356697011981867
3.516,-0.015748792579865965
3.517,0.017515637475612477
3.518,-0.008356697011981867
3.519,-0.015748792579865965
3.52,-0.02683693593169211
3.521,-0.015748792579865965
3.522,-0.015748792579865965
3.523,-0.0009646014440977679
3.524,-0.004660649228039817
3.525,-0.02314088814775006
3.526,-0.02314088814775006
3.527,-0.0009646014440977679
3.528,0.021211685259554525
3.529,-0.004660649228039817
3.53,-0.012052744795923914
3.531,0.00642749412378633
3.532,-0.03422903149957621
3.533,-0.012052744795923914
3.534,-0.012052744795923914
3.535,-0.004660649228039817
3.536,-0.015748792579865965
3.537,-0.015748792579865965
3.538,-0.008356697011981867
3.539,-0.012052744795923914
3.54,-0.004660649228039817
3.541,-0.0009646014440977679
3.542,-0.02683693593169211
3.543,-0.008356697011981867
3.544,-0.008356697011981867
3.545,-0.004660649228039817
3.546,0.010123541907728378
3.547,0.010123541907728378
3.548,0.002731446339844281
3.549,-0.012052744795923914
3.55,0.00642749412378633
3.551,-0.008356697011981867
3.552,-0.02683693593169211
3.553,-0.015748792579865965
3.554,-0.02314088814775006
3.555,0.013819589691670428
3.556,-0.008356697011981867
3.557,-0.004660649228039817
3.558,-0.012052744795923914
3.559,-0.012052744795923914
3.56,-0.008356697011981867
3.561,-0.012052744795923914
3.562,0.002731446339844281
3.563,-0.019444840363808013
3.564,-0.004660649228039817
3.565,-0.004660649228039817
3.566,-0.008356697011981867
3.567,0.024907733043496576
3.568,-0.004660649228039817
3.569,0.002731446339844281
3.57,0.002731446339844281
3.571,-0.008356697011981867
3.572,-0.008356697011981867
3.573,-0.02683693593169211
3.574,-0.012052744795923914
3.575,-0.015748792579865965
3.576,-0.02683693593169211
3.577,-0.015748792579865965
3.578,-0.012052744795923914
3.579,-0.02683693593169211
3.58,-0.0009646014440977679
3.581,-0.008356697011981867
3.582,0.002731446339844281
3.583,-0.012052744795923914
3.584,-0.012052744795923914
3.585,-0.004660649228039817
3.586,0.013819589691670428
3.587,-0.02683693593169211
3.588,-0.03053298371563416
3.589,-0.015748792579865965
3.59,0.002731446339844281
3.591,-0.02314088814775006
3.592,-0.012052744795923914
3.593,-0.02683693593169211
3.594,0.002731446339844281
3.595,0.00642749412378633
3.596,-0.004660649228039817
3.597,-0.012052744795923914
3.598,-0.012052744795923914
3.599,-0.004660649228039817
3.6,-0.02314088814775006
3.601,-0.012052744795923914
3.602,-0.02314088814775006
3.603,-0.0009646014440977679
3.604,-0.015748792579865965
3.605,-0.004660649228039817
3.606,-0.008356697011981867
3.607,0.00642749412378633
3.608,-0.004660649228039817
3.609,0.013819589691670428
3.61,-0.004660649228039817
3.611,-0.019444840363808013
3.612,-0.019444840363808013
3.613,-0.008356697011981867
3.614,-0.004660649228039817
3.615,-0.02683693593169211
3.616,-0.019444840363808013
3.617,0.013819589691670428
3.618,-0.02683693593169211
3.619,-0.019444840363808013
3.62,0.00642749412378633
3.621,-0.004660649228039817
3.622,-0.02314088814775006
3.623,0.002731446339844281
3.624,-0.02683693593169211
3.625,-0.012052744795923914
3.626,-0.012052744795923914
3.627,-0.0009646014440977679
3.628,-0.008356697011981867
3.629,0.010123541907728378
3.63,-0.0009646014440977679
3.631,-0.004660649228039817
3.632,-0.019444840363808013
3.633,0.00642749412378633
3.634,-0.012052744795923914
3.635,0.00642749412378633
3.636,-0.02314088814775006
3.637,0.002731446339844281
3.638,-0.02314088814775006
3.639,-0.008356697011981867
3.64,0.002731446339844281
3.641,-0.0009646014440977679
3.642,-0.02314088814775006
3.643,0.010123541907728378
3.644,-0.004660649228039817
3.645,-0.004660649228039817
3.646,0.002731446339844281
3.647,-0.012052744795923914
3.648,0.002731446339844281
3.649,-0.008356697011981867
3.65,-0.012052744795923914
3.651,-0.02314088814775006
3.652,-0.008356697011981867
3.653,-0.02314088814775006
3.654,-0.0009646014440977679
3.655,-0.02314088814775006
3.656,0.00642749412378633
3.657,-0.012052744795923914
3.658,-0.019444840363808013
3.659,0.00642749412378633
3.66,0.00642749412378633
3.661,-0.004660649228039817
3.662,-0.0009646014440977679
3.663,-0.02314088814775006
3.664,-0.008356697011981867
3.665,-0.012052744795923914
3.666,-0.02314088814775006
3.667,-0.0009646014440977679
3.668,-0.019444840363808013
3.669,0.013819589691670428
3.67,-0.008356697011981867
3.671,-0.008356697011981867
3.672,-0.004660649228039817
3.673,-0.008356697011981867
3.674,-0.019444840363808013
3.675,-0.019444840363808013
3.676,-0.008356697011981867
3.677,-0.004660649228039817
3.678,-0.0009646014440977679
3.679,-0.019444840363808013
3.68,0.002731446339844281
3.681,-0.03422903149957621
3.682,-0.004660649228039817
3.683,-0.008356697011981867
3.684,0.00642749412378633
3.685,0.002731446339844281
3.686,0.00642749412378633
3.687,-0.015748792579865965
3.688,-0.019444840363808013
3.689,-0.012052744795923914
3.69,-0.012052744795923914
3.691,-0.019444840363808013
3.692,-0.0009646014440977679
3.693,0.002731446339844281
3.694,-0.015748792579865965
3.695,0.00642749412378633
3.696,-0.0009646014440977679
3.697,-0.015748792579865965
3.698,-0.019444840363808013
3.699,-0.0009646014440977679
3.7,-0.008356697011981867
3.701,0.002731446339844281
3.702,-0.004660649228039817
3.703,-0.02683693593169211
3.704,-0.03422903149957621
3.705,0.017515637475612477
3.706,-0.004660649228039817
3.707,-0.004660649228039817
3.708,-0.019444840363808013
3.709,-0.008356697011981867
3.71,-0.004660649228039817
3.711,-0.03422903149957621
3.712,-0.019444840363808013
3.713,0.013819589691670428
3.714,-0.012052744795923914
3.715,-0.019444840363808013
3.716,-0.004660649228039817
3.717,-0.015748792579865965
3.718,0.010123541907728378
3.719,-0.012052744795923914
3.72,-0.004660649228039817
3.721,0.002731446339844281
3.722,0.013819589691670428
3.723,-0.02683693593169211
3.724,-0.004660649228039817
3.725,-0.004660649228039817
3.726,0.013819589691670428
3.727,-0.004660649228039817
3.728,-0.004660649228039817
3.729,-0.015748792579865965
3.73,-0.0009646014440977679
3.731,-0.008356697011981867
3.732,-0.004660649228039817
3.733,-0.012052744795923914
3.734,0.028603780827438623
3.735,-0.015748792579865965
3.736,-0.0009646014440977679
3.737,-0.02314088814775006
3.738,-0.004660649228039817
3.739,-0.03053298371563416
3.74,-0.015748792579865965
3.741,-0.0009646014440977679
3.742,-0.012052744795923914
3.743,-0.0009646014440977679
3.744,-0.008356697011981867
3.745,-0.015748792579865965
3.746,-0.008356697011981867
3.747,-0.019444840363808013
3.748,-0.019444840363808013
3.749,-0.0009646014440977679
3.75,0.00642749412378633
3.751,-0.012052744795923914
3.752,-0.004660649228039817
3.753,-0.008356697011981867
3.754,-0.004660649228039817
3.755,-0.004660649228039817
3.756,-0.012052744795923914
3.757,0.002731446339844281
3.758,-0.015748792579865965
3.759,-0.015748792579865965
3.76,-0.019444840363808013
3.761,0.002731446339844281
3.762,-0.0009646014440977679
3.763,-0.015748792579865965
3.764,-0.008356697011981867
3.765,-0.008356697011981867
3.766,-0.004660649228039817
3.767,-0.012052744795923914
3.768,-0.012052744795923914
3.769,0.00642749412378633
3.77,0.010123541907728378
3.771,0.00642749412378633
3.772,0.002731446339844281
3.773,-0.03422903149957621
3.774,-0.004660649228039817
3.775,-0.004660649228039817
3.776,0.017515637475612477
3.777,-0.0009646014440977679
3.778,-0.008356697011981867
3.779,0.010123541907728378
3.78,0.002731446339844281
3.781,-0.012052744795923914
3.782,-0.012052744795923914
3.783,-0.02314088814775006
3.784,-0.019444840363808013
3.785,-0.0009646014440977679
3.786,0.00642749412378633
3.787,-0.02683693593169211
3.788,-0.0009646014440977679
3.789,0.013819589691670428
3.79,-0.0009646014440977679
3.791,-0.004660649228039817
3.792,0.010123541907728378
3.793,-0.004660649228039817
3.794,0.00642749412378633
3.795,-0.008356697011981867
3.796,-0.004660649228039817
3.797,-0.008356697011981867
3.798,-0.015748792579865965
3.799,-0.0009646014440977679
3.8,-0.015748792579865965
3.801,-0.02683693593169211
3.802,-0.02683693593169211
3.803,-0.0009646014440977679
3.804,-0.0009646014440977679
3.805,-0.015748792579865965
3.806,-0.012052744795923914
3.807,-0.012052744795923914
3.808,-0.012052744795923914
3.809,0.00642749412378633
3.81,-0.0009646014440977679
3.811,0.00642749412378633
3.812,-0.0009646014440977679
3.813,-0.03422903149957621
3.814,-0.019444840363808013
3.815,-0.012052744795923914
3.816,0.002731446339844281
3.817,-0.015748792579865965
3.818,-0.012052744795923914
3.819,-0.008356697011981867
3.82,0.021211685259554525
3.821,0.017515637475612477
3.822,0.002731446339844281
3.823,0.017515637475612477
3.824,-0.015748792579865965
3.825,-0.004660649228039817
3.826,-0.02314088814775006
3.827,0.00642749412378633
3.828,-0.008356697011981867
3.829,0.013819589691670428
3.83,-0.012052744795923914
3.831,-0.004660649228039817
3.832,-0.008356697011981867
3.833,-0.008356697011981867
3.834,-0.03053298371563416
3.835,-0.012052744795923914
3.836,-0.0009646014440977679
3.837,-0.02314088814775006
3.838,-0.019444840363808013
3.839,-0.012052744795923914
3.84,-0.004660649228039817
3.841,-0.004660649228039817
3.842,-0.008356697011981867
3.843,-0.012052744795923914
3.844,-0.015748792579865965
3.845,-0.004660649228039817
3.846,-0.0009646014440977679
3.847,-0.015748792579865965
3.848,-0.019444840363808013
3.849,-0.0009646014440977679
3.85,-0.02314088814775006
3.851,-0.019444840363808013
3.852,0.013819589691670428
3.853,-0.04162112706746031
3.854,-0.015748792579865965
3.855,-0.04531717485140235
3.856,-0.019444840363808013
3.857,-0.019444840363808013
3.858,-0.02683693593169211
3.859,-0.008356697011981867
3.86,-0.008356697011981867
3.861,-0.015748792579865965
3.862,-0.008356697011981867
3.863,-0.019444840363808013
3.864,-0.008356697011981867
3.865,-0.008356697011981867
3.866,-0.015748792579865965
3.867,0.017515637475612477
3.868,-0.008356697011981867
3.869,0.013819589691670428
3.87,-0.04531717485140235
3.871,-0.004660649228039817
3.872,-0.004660649228039817
3.873,0.013819589691670428
3.874,-0.008356697011981867
3.875,0.002731446339844281
3.876,-0.012052744795923914
3.877,0.00642749412378633
3.878,-0.02683693593169211
3.879,0.013819589691670428
3.88,0.00642749412378633
3.881,-0.0009646014440977679
3.882,0.002731446339844281
3.883,-0.015748792579865965
3.884,-0.015748792579865965
3.885,0.00642749412378633
3.886,0.013819589691670428
3.887,-0.008356697011981867
3.888,-0.004660649228039817
3.889,-0.03422903149957621
3.89,0.002731446339844281
3.891,0.002731446339844281
3.892,-0.019444840363808013
3.893,-0.02683693593169211
3.894,0.002731446339844281
3.895,0.002731446339844281
3.896,-0.004660649228039817
3.897,-0.019444840363808013
3.898,-0.012052744795923914
3.899,0.017515637475612477
3.9,0.002731446339844281
3.901,-0.008356697011981867
3.902,-0.0009646014440977679
3.903,0.002731446339844281
3.904,0.002731446339844281
3.905,0.010123541907728378
3.906,-0.012052744795923914
3.907,-0.0009646014440977679
3.908,0.002731446339844281
3.909,0.010123541907728378
3.91,-0.012052744795923914
3.911,-0.015748792579865965
3.912,-0.019444840363808013
3.913,-0.0009646014440977679
3.914,-0.012052744795923914
3.915,-0.0009646014440977679
3.916,-0.015748792579865965
3.917,0.002731446339844281
3.918,0.002731446339844281
3.919,-0.015748792579865965
3.92,-0.012052744795923914
3.921,0.002731446339844281
3.922,0.002731446339844281
3.923,0.010123541907728378
3.924,-0.019444840363808013
3.925,-0.012052744795923914
3.926,-0.019444840363808013
3.927,-0.0009646014440977679
3.928,-0.008356697011981867
3.929,0.010123541907728378
3.93,-0.004660649228039817
3.931,0.00642749412378633
3.932,-0.004660649228039817
3.933,-0.03053298371563416
3.934,-0.0009646014440977679
3.935,-0.0009646014440977679
3.936,0.002731446339844281
3.937,-0.0009646014440977679
3.938,-0.008356697011981867
3.939,-0.004660649228039817
3.94,-0.012052744795923914
3.941,0.021211685259554525
3.942,-0.004660649228039817
3.943,0.002731446339844281
3.944,0.00642749412378633
3.945,0.002731446339844281
3.946,0.013819589691670428
3.947,0.021211685259554525
3.948,-0.012052744795923914
3.949,-0.012052744795923914
3.95,-0.03792507928351826
3.951,-0.019444840363808013
3.952,-0.008356697011981867
3.953,-0.008356697011981867
3.954,-0.008356697011981867
3.955,-0.02683693593169211
3.956,-0.03053298371563416
3.957,0.00642749412378633
3.958,-0.019444840363808013
3.959,-0.008356697011981867
3.96,-0.015748792579865965
3.961,-0.012052744795923914
3.962,-0.0009646014440977679
3.963,-0.0009646014440977679
3.964,-0.019444840363808013
3.965,-0.015748792579865965
3.966,-0.004660649228039817
3.967,-0.0009646014440977679
3.968,-0.004660649228039817
3.969,-0.02314088814775006
3.97,-0.015748792579865965
3.971,0.010123541907728378
3.972,-0.02314088814775006
3.973,0.002731446339844281
3.974,-0.03053298371563416
3.975,-0.02683693593169211
3.976,0.010123541907728378
3.977,0.00642749412378633
3.978,0.002731446339844281
3.979,0.017515637475612477
3.98,0.00642749412378633
3.981,0.024907733043496576
3.982,-0.004660649228039817
3.983,-0.012052744795923914
3.984,0.010123541907728378
3.985,-0.015748792579865965
3.986,-0.019444840363808013
3.987,-0.004660649228039817
3.988,-0.04531717485140235
3.989,-0.02314088814775006
3.99,-0.008356697011981867
3.991,-0.004660649228039817
3.992,0.00642749412378633
3.993,0.00642749412378633
3.994,-0.02314088814775006
3.995,-0.015748792579865965
3.996,-0.012052744795923914
3.997,-0.012052744795923914
3.998,-0.004660649228039817
3.999,0.010123541907728378
4.0,-0.012052744795923914
4.001,-0.0009646014440977679
4.002,0.013819589691670428
4.003,-0.004660649228039817
4.004,-0.02683693593169211
4.005,-0.0009646014440977679
4.006,0.00642749412378633
4.007,-0.015748792579865965
4.008,-0.012052744795923914
4.009,-0.015748792579865965
4.01,0.013819589691670428
4.011,0.010123541907728378
4.012,-0.004660649228039817
4.013,0.010123541907728378
4.014,-0.012052744795923914
4.015,0.00642749412378633
4.016,-0.008356697011981867
4.017,-0.02683693593169211
4.018,-0.019444840363808013
4.019,-0.004660649228039817
4.02,0.002731446339844281
4.021,-0.0009646014440977679
4.022,-0.012052744795923914
4.023,-0.015748792579865965
4.024,0.00642749412378633
4.025,0.002731446339844281
4.026,0.002731446339844281
4.027,-0.015748792579865965
4.028,0.010123541907728378
4.029,-0.03053298371563416
4.03,-0.015748792579865965
4.031,-0.019444840363808013
4.032,0.00642749412378633
4.033,0.010123541907728378
4.034,-0.015748792579865965
4.035,-0.04162112706746031
4.036,-0.004660649228039817
4.037,0.002731446339844281
4.038,-0.0009646014440977679
4.039,0.010123541907728378
4.04,0.00642749412378633
4.041,-0.0009646014440977679
4.042,-0.0009646014440977679
4.043,-0.0009646014440977679
4.044,0.010123541907728378
4.045,-0.004660649228039817
4.046,-0.02683693593169211
4.047,-0.015748792579865965
4.048,0.010123541907728378
4.049,0.00642749412378633
4.05,-0.008356697011981867
4.051,-0.02314088814775006
4.052,-0.008356697011981867
4.053,-0.008356697011981867
4.054,-0.008356697011981867
4.055,-0.004660649228039817
4.056,-0.015748792579865965
4.057,-0.02683693593169211
4.058,-0.0009646014440977679
4.059,0.00642749412378633
4.06,-0.019444840363808013
4.061,-0.015748792579865965
4.062,-0.015748792579865965
4.063,0.00642749412378633
4.064,0.00642749412378633
4.065,-0.02314088814775006
4.066,-0.0009646014440977679
4.067,-0.015748792579865965
4.068,-0.004660649228039817
4.069,0.00642749412378633
4.07,-0.015748792579865965
4.071,-0.012052744795923914
4.072,-0.012052744795923914
4.073,-0.02683693593169211
4.074,-0.012052744795923914
4.075,-0.015748792579865965
4.076,-0.0009646014440977679
4.077,-0.008356697011981867
4.078,-0.008356697011981867
4.079,0.021211685259554525
4.08,-0.03053298371563416
4.081,-0.012052744795923914
4.082,-0.008356697011981867
4.083,-0.019444840363808013
4.084,-0.008356697011981867
4.085,-0.015748792579865965
4.086,-0.015748792579865965
4.087,0.010123541907728378
4.088,-0.0009646014440977679
4.089,0.013819589691670428
4.09,0.002731446339844281
4.091,-0.008356697011981867
4.092,-0.02314088814775006
4.093,0.002731446339844281
4.094,-0.02314088814775006
4.095,-0.004660649228039817
4.096,0.00642749412378633
4.097,-0.004660649228039817
4.098,-0.008356697011981867
4.099,0.00642749412378633
4.1,-0.004660649228039817
4.101,-0.0009646014440977679
4.102,-0.015748792579865965
4.103,-0.008356697011981867
4.104,0.00642749412378633
4.105,0.028603780827438623
4.106,0.010123541907728378
4.107,0.002731446339844281
4.108,-0.015748792579865965
4.109,-0.015748792579865965
4.11,-0.0009646014440977679
4.111,-0.015748792579865965
4.112,0.010123541907728378
4.113,0.00642749412378633
4.114,-0.012052744795923914
4.115,-0.004660649228039817
4.116,0.002731446339844281
4.117,-0.015748792579865965
4.118,-0.008356697011981867
4.119,-0.04162112706746031
4.12,-0.004660649228039817
4.121,-0.012052744795923914
4.122,-0.012052744795923914
4.123,-0.02683693593169211
4.124,0.017515637475612477
4.125,-0.02683693593169211
4.126,-0.03053298371563416
4.127,-0.012052744795923914
4.128,-0.03053298371563416
4.129,0.002731446339844281
4.13,-0.012052744795923914
4.131,0.00642749412378633
4.132,-0.008356697011981867
4.133,-0.008356697011981867
4.134,-0.02314088814775006
4.135,-0.008356697011981867
4.136,-0.004660649228039817
4.137,-0.019444840363808013
4.138,0.013819589691670428
4.139,-0.02683693593169211
4.14,-0.02683693593169211
4.141,-0.008356697011981867
4.142,-0.008356697011981867
4.143,-0.008356697011981867
4.144,0.013819589691670428
4.145,0.002731446339844281
4.146,0.002731446339844281
4.147,0.00642749412378633
4.148,0.00642749412378633
4.149,0.00642749412378633
4.15,0.013819589691670428
4.151,-0.012052744795923914
4.152,0.002731446339844281
4.153,-0.004660649228039817
4.154,-0.03053298371563416
4.155,-0.0009646014440977679
4.156,0.002731446339844281
4.157,-0.03053298371563416
4.158,-0.0009646014440977679
4.159,-0.015748792579865965
4.16,0.002731446339844281
4.161,0.00642749412378633
4.162,0.002731446339844281
4.163,-0.004660649228039817
4.164,-0.019444840363808013
4.165,-0.02683693593169211
4.166,-0.03053298371563416
4.167,0.002731446339844281
4.168,-0.0009646014440977679
4.169,-0.04531717485140235
4.17,-0.0009646014440977679
4.171,-0.012052744795923914
4.172,-0.015748792579865965
4.173,-0.019444840363808013
4.174,-0.004660649228039817
4.175,-0.008356697011981867
4.176,-0.015748792579865965
4.177,-0.0009646014440977679
4.178,-0.015748792579865965
4.179,-0.015748792579865965
4.18,-0.03053298371563416
4.181,0.002731446339844281
4.182,0.002731446339844281
4.183,-0.02314088814775006
4.184,-0.015748792579865965
4.185,-0.015748792579865965
4.186,-0.019444840363808013
4.187,0.002731446339844281
4.188,-0.008356697011981867
4.189,-0.019444840363808013
4.19,0.002731446339844281
4.191,0.010123541907728378
4.192,-0.004660649228039817
4.193,-0.008356697011981867
4.194,-0.015748792579865965
4.195,-0.015748792579865965
4.196,-0.008356697011981867
4.197,-0.019444840363808013
4.198,-0.008356697011981867
4.199,-0.019444840363808013
4.2,0.017515637475612477
4.201,-0.0009646014440977679
4.202,-0.03053298371563416
4.203,-0.012052744795923914
4.204,-0.004660649228039817
4.205,-0.015748792579865965
4.206,-0.019444840363808013
4.207,0.013819589691670428
4.208,-0.0009646014440977679
4.209,-0.004660649228039817
4.21,-0.004660649228039817
4.211,-0.012052744795923914
4.212,-0.004660649228039817
4.213,0.013819589691670428
4.214,0.00642749412378633
4.215,-0.03422903149957621
4.216,-0.04162112706746031
4.217,-0.0009646014440977679
4.218,-0.004660649228039817
4.219,-0.015748792579865965
4.22,-0.015748792579865965
4.221,-0.015748792579865965
4.222,-0.02683693593169211
4.223,-0.004660649228039817
4.224,0.00642749412378633
4.225,-0.004660649228039817
4.226,0.002731446339844281
4.227,-0.004660649228039817
4.228,-0.008356697011981867
4.229,0.002731446339844281
4.23,0.002731446339844281
4.231,-0.019444840363808013
4.232,-0.004660649228039817
4.233,-0.02314088814775006
4.234,-0.004660649228039817
4.235,-0.008356697011981867
4.236,-0.008356697011981867
4.237,-0.02683693593169211
4.238,-0.012052744795923914
4.239,-0.012052744795923914
4.24,-0.02683693593169211
4.241,-0.008356697011981867
4.242,-0.004660649228039817
4.243,-0.008356697011981867
4.244,-0.012052744795923914
4.245,-0.04162112706746031
4.246,-0.019444840363808013
4.247,-0.012052744795923914
4.248,-0.008356697011981867
4.249,-0.012052744795923914
4.25,0.013819589691670428
4.251,0.00642749412378633
4.252,-0.0009646014440977679
4.253,-0.0009646014440977679
4.254,-0.02314088814775006
4.255,-0.004660649228039817
4.256,-0.0009646014440977679
4.257,-0.004660649228039817
4.258,-0.008356697011981867
4.259,-0.008356697011981867
4.26,0.002731446339844281
4.261,-0.004660649228039817
4.262,-0.015748792579865965
4.263,-0.008356697011981867
4.264,-0.004660649228039817
4.265,-0.02314088814775006
4.266,0.017515637475612477
4.267,-0.015748792579865965
4.268,-0.008356697011981867
4.269,0.013819589691670428
4.27,-0.012052744795923914
4.271,-0.008356697011981867
4.272,-0.015748792579865965
4.273,-0.0009646014440977679
4.274,-0.019444840363808013
4.275,-0.015748792579865965
4.276,-0.004660649228039817
4.277,-0.02683693593169211
4.278,-0.015748792579865965
4.279,-0.004660649228039817
4.28,-0.0009646014440977679
4.281,0.017515637475612477
4.282,-0.012052744795923914
4.283,0.00642749412378633
4.284,0.021211685259554525
4.285,0.002731446339844281
4.286,-0.015748792579865965
4.287,-0.015748792579865965
4.288,-0.008356697011981867
4.289,-0.012052744795923914
4.29,0.013819589691670428
4.291,-0.02314088814775006
4.292,0.00642749412378633
4.293,-0.019444840363808013
4.294,-0.012052744795923914
4.295,0.024907733043496576
4.296,-0.008356697011981867
4.297,0.002731446339844281
4.298,-0.004660649228039817
4.299,-0.004660649228039817
4.3,0.013819589691670428
4.301,-0.019444840363808013
4.302,-0.0009646014440977679
4.303,-0.015748792579865965
4.304,-0.012052744795923914
4.305,-0.0009646014440977679
4.306,-0.012052744795923914
4.307,-0.004660649228039817
4.308,-0.012052744795923914
4.309,0.013819589691670428
4.31,-0.012052744795923914
4.311,-0.0009646014440977679
4.312,-0.0009646014440977679
4.313,0.013819589691670428
4.314,-0.015748792579865965
4.315,-0.004660649228039817
4.316,0.002731446339844281
4.317,0.021211685259554525
4.318,-0.004660649228039817
4.319,-0.012052744795923914
4.32,-0.0009646014440977679
4.321,0.002731446339844281
4.322,-0.008356697011981867
4.323,-0.015748792579865965
4.324,-0.0009646014440977679
4.325,-0.02314088814775006
4.326,-0.012052744795923914
4.327,0.002731446339844281
4.328,-0.015748792579865965
4.329,-0.004660649228039817
4.33,-0.015748792579865965
4.331,-0.015748792579865965
4.332,-0.012052744795923914
4.333,-0.0009646014440977679
4.334,-0.019444840363808013
4.335,0.002731446339844281
4.336,0.017515637475612477
4.337,0.010123541907728378
4.338,-0.012052744795923914
4.339,-0.015748792579865965
4.34,-0.0009646014440977679
4.341,-0.0009646014440977679
4.342,0.013819589691670428
4.343,-0.0009646014440977679
4.344,0.002731446339844281
4.345,-0.02314088814775006
4.346,-0.012052744795923914
4.347,0.002731446339844281
4.348,-0.019444840363808013
4.349,-0.004660649228039817
4.35,-0.004660649228039817
4.351,0.00642749412378633
4.352,0.002731446339844281
4.353,-0.004660649228039817
4.354,-0.019444840363808013
4.355,-0.03422903149957621
4.356,0.002731446339844281
4.357,-0.008356697011981867
4.358,-0.004660649228039817
4.359,-0.012052744795923914
4.36,-0.015748792579865965
4.361,-0.019444840363808013
4.362,-0.004660649228039817
4.363,-0.0009646014440977679
4.364,-0.008356697011981867
4.365,-0.008356697011981867
4.366,-0.004660649228039817
4.367,-0.004660649228039817
4.368,-0.004660649228039817
4.369,-0.0009646014440977679
4.37,0.00642749412378633
4.371,-0.0009646014440977679
4.372,-0.019444840363808013
4.373,-0.004660649228039817
4.374,-0.019444840363808013
4.375,-0.008356697011981867
4.376,-0.015748792579865965
4.377,-0.015748792579865965
4.378,-0.015748792579865965
4.379,0.010123541907728378
4.38,-0.004660649228039817
4.381,0.002731446339844281
4.382,-0.012052744795923914
4.383,-0.015748792579865965
4.384,-0.03053298371563416
4.385,-0.012052744795923914
4.386,-0.0009646014440977679
4.387,-0.02314088814775006
4.388,-0.008356697011981867
4.389,0.00642749412378633
4.39,-0.015748792579865965
4.391,0.017515637475612477
4.392,0.010123541907728378
4.393,-0.012052744795923914
4.394,0.002731446339844281
4.395,-0.0009646014440977679
4.396,-0.02314088814775006
4.397,0.002731446339844281
4.398,-0.0009646014440977679
4.399,0.013819589691670428
4.4,-0.0009646014440977679
4.401,-0.015748792579865965
4.402,-0.012052744795923914
4.403,-0.015748792579865965
4.404,-0.0009646014440977679
4.405,0.00642749412378633
4.406,-0.03053298371563416
4.407,-0.004660649228039817
4.408,0.002731446339844281
4.409,-0.02314088814775006
4.41,-0.0009646014440977679
4.411,-0.02683693593169211
4.412,-0.0009646014440977679
4.413,-0.015748792579865965
4.414,0.00642749412378633
4.415,-0.008356697011981867
4.416,-0.008356697011981867
4.417,-0.0009646014440977679
4.418,0.010123541907728378
4.419,-0.0009646014440977679
4.42,-0.015748792579865965
4.421,0.002731446339844281
4.422,-0.004660649228039817
4.423,-0.004660649228039817
4.424,-0.004660649228039817
4.425,-0.004660649228039817
4.426,-0.02314088814775006
4.427,-0.02314088814775006
4.428,0.013819589691670428
4.429,-0.012052744795923914
4.43,-0.015748792579865965
4.431,-0.015748792579865965
4.432,-0.012052744795923914
4.433,-0.012052744795923914
4.434,0.013819589691670428
4.435,-0.004660649228039817
4.436,-0.008356697011981867
4.437,-0.008356697011981867
4.438,0.002731446339844281
4.439,-0.015748792579865965
4.44,-0.008356697011981867
4.441,0.013819589691670428
4.442,-0.004660649228039817
4.443,-0.019444840363808013
4.444,0.010123541907728378
4.445,-0.008356697011981867
4.446,-0.02683693593169211
4.447,-0.019444840363808013
4.448,-0.02683693593169211
4.449,-0.02314088814775006
4.45,-0.012052744795923914
4.451,-0.008356697011981867
4.452,-0.0009646014440977679
4.453,-0.004660649228039817
4.454,-0.0009646014440977679
4.455,0.00642749412378633
4.456,-0.004660649228039817
4.457,-0.008356697011981867
4.458,0.002731446339844281
4.459,-0.015748792579865965
4.46,-0.012052744795923914
4.461,-0.02683693593169211
4.462,-0.012052744795923914
4.463,-0.004660649228039817
4.464,0.013819589691670428
4.465,-0.004660649228039817
4.466,-0.03053298371563416
4.467,0.002731446339844281
4.468,-0.019444840363808013
4.469,-0.015748792579865965
4.47,-0.015748792579865965
4.471,-0.008356697011981867
4.472,-0.0009646014440977679
4.473,-0.008356697011981867
4.474,-0.008356697011981867
4.475,-0.012052744795923914
4.476,-0.0009646014440977679
4.477,-0.0009646014440977679
4.478,-0.008356697011981867
4.479,-0.012052744795923914
4.48,-0.03792507928351826
4.481,-0.015748792579865965
4.482,-0.004660649228039817
4.483,0.00642749412378633
4.484,-0.008356697011981867
4.485,-0.0009646014440977679
4.486,0.002731446339844281
4.487,-0.012052744795923914
4.488,-0.004660649228039817
4.489,-0.008356697011981867
4.49,-0.0009646014440977679
4.491,-0.03053298371563416
4.492,-0.004660649228039817
4.493,-0.015748792579865965
4.494,-0.015748792579865965
4.495,0.002731446339844281
4.496,-0.02314088814775006
4.497,-0.008356697011981867
4.498,-0.008356697011981867
4.499,-0.004660649228039817
4.5,-0.02314088814775006
4.501,-0.0009646014440977679
4.502,-0.012052744795923914
4.503,-0.004660649228039817
4.504,-0.012052744795923914
4.505,-0.03053298371563416
4.506,-0.012052744795923914
4.507,-0.015748792579865965
4.508,0.002731446339844281
4.509,-0.02683693593169211
4.51,-0.012052744795923914
4.511,-0.004660649228039817
4.512,-0.015748792579865965
4.513,-0.015748792579865965
4.514,-0.015748792579865965
4.515,-0.008356697011981867
4.516,0.010123541907728378
4.517,-0.004660649228039817
4.518,-0.02314088814775006
4.519,-0.008356697011981867
4.52,-0.019444840363808013
4.521,-0.012052744795923914
4.522,-0.004660649228039817
4.523,-0.008356697011981867
4.524,-0.015748792579865965
4.525,0.013819589691670428
4.526,0.002731446339844281
4.527,0.010123541907728378
4.528,-0.008356697011981867
4.529,-0.012052744795923914
4.53,0.002731446339844281
4.531,0.002731446339844281
4.532,0.013819589691670428
4.533,-0.004660649228039817
4.534,-0.0009646014440977679
4.535,-0.015748792579865965
4.536,0.002731446339844281
4.537,-0.008356697011981867
4.538,-0.015748792579865965
4.539,-0.012052744795923914
4.54,-0.02314088814775006
4.541,-0.008356697011981867
4.542,0.002731446339844281
4.543,-0.008356697011981867
4.544,-0.0009646014440977679
4.545,-0.012052744795923914
4.546,0.028603780827438623
4.547,-0.004660649228039817
4.548,-0.012052744795923914
4.549,0.00642749412378633
4.55,-0.02314088814775006
4.551,-0.0009646014440977679
4.552,-0.02314088814775006
4.553,0.002731446339844281
4.554,-0.019444840363808013
4.555,-0.008356697011981867
4.556,-0.02683693593169211
4.557,-0.008356697011981867
4.558,0.002731446339844281
4.559,0.017515637475612477
4.56,-0.004660649228039817
4.561,-0.012052744795923914
4.562,-0.015748792579865965
4.563,0.010123541907728378
4.564,0.00642749412378633
4.565,0.00642749412378633
4.566,0.021211685259554525
4.567,-0.0009646014440977679
4.568,-0.02314088814775006
4.569,0.002731446339844281
4.57,-0.0009646014440977679
4.571,-0.019444840363808013
4.572,-0.0009646014440977679
4.573,-0.0009646014440977679
4.574,-0.004660649228039817
4.575,-0.019444840363808013
4.576,-0.02683693593169211
4.577,-0.008356697011981867
4.578,0.002731446339844281
4.579,0.00642749412378633
4.58,-0.004660649228039817
4.581,-0.015748792579865965
4.582,-0.015748792579865965
4.583,0.00642749412378633
4.584,-0.008356697011981867
4.585,-0.012052744795923914
4.586,0.021211685259554525
4.587,-0.012052744795923914
4.588,-0.004660649228039817
4.589,-0.015748792579865965
4.59,-0.0009646014440977679
4.591,-0.008356697011981867
4.592,-0.012052744795923914
4.593,-0.02314088814775006
4.594,-0.004660649228039817
4.595,-0.0009646014440977679
4.596,-0.008356697011981867
4.597,-0.012052744795923914
4.598,-0.012052744795923914
4.599,-0.012052744795923914
4.6,-0.004660649228039817
4.601,-0.015748792579865965
4.602,-0.019444840363808013
4.603,0.00642749412378633
4.604,-0.004660649228039817
4.605,-0.0009646014440977679
4.606,-0.03792507928351826
4.607,0.002731446339844281
4.608,-0.0009646014440977679
4.609,-0.012052744795923914
4.61,-0.015748792579865965
4.611,0.00642749412378633
4.612,-0.019444840363808013
4.613,0.00642749412378633
4.614,-0.004660649228039817
4.615,-0.004660649228039817
4.616,-0.004660649228039817
4.617,0.002731446339844281
4.618,-0.0009646014440977679
4.619,0.00642749412378633
4.62,-0.004660649228039817
4.621,-0.004660649228039817
4.622,-0.008356697011981867
4.623,0.002731446339844281
4.624,-0.019444840363808013
4.625,-0.03053298371563416
4.626,0.010123541907728378
4.627,0.00642749412378633
4.628,-0.02314088814775006
4.629,-0.008356697011981867
4.63,0.00642749412378633
4.631,-0.015748792579865965
4.632,-0.0009646014440977679
4.633,-0.015748792579865965
4.634,-0.019444840363808013
4.635,-0.004660649228039817
4.636,0.002731446339844281
4.637,0.013819589691670428
4.638,-0.008356697011981867
4.639,-0.02314088814775006
4.64,0.013819589691670428
4.641,0.00642749412378633
4.642,0.002731446339844281
4.643,-0.0009646014440977679
4.644,0.013819589691670428
4.645,-0.012052744795923914
4.646,-0.02683693593169211
4.647,-0.004660649228039817
4.648,-0.0009646014440977679
4.649,-0.004660649228039817
4.65,-0.008356697011981867
4.651,-0.015748792579865965
4.652,-0.04162112706746031
4.653,-0.008356697011981867
4.654,-0.012052744795923914
4.655,-0.012052744795923914
4.656,-0.015748792579865965
4.657,-0.0009646014440977679
4.658,0.002731446339844281
4.659,-0.015748792579865965
4.66,0.002731446339844281
4.661,-0.004660649228039817
4.662,-0.012052744795923914
4.663,-0.012052744795923914
4.664,-0.012052744795923914
4.665,-0.004660649228039817
4.666,0.00642749412378633
4.667,0.00642749412378633
4.668,0.002731446339844281
4.669,-0.004660649228039817
4.67,-0.03422903149957621
4.671,-0.004660649228039817
4.672,0.00642749412378633
4.673,-0.012052744795923914
4.674,-0.02683693593169211
4.675,-0.015748792579865965
4.676,-0.02314088814775006
4.677,-0.008356697011981867
4.678,0.002731446339844281
4.679,0.013819589691670428
4.68,-0.0009646014440977679
4.681,-0.015748792579865965
4.682,0.013819589691670428
4.683,-0.012052744795923914
4.684,-0.02683693593169211
4.685,-0.004660649228039817
4.686,-0.004660649228039817
4.687,-0.012052744795923914
4.688,-0.015748792579865965
4.689,-0.0009646014440977679
4.69,-0.02683693593169211
4.691,-0.004660649228039817
4.692,0.002731446339844281
4.693,-0.004660649228039817
4.694,-0.004660649228039817
4.695,-0.008356697011981867
4.696,-0.0009646014440977679
4.697,-0.008356697011981867
4.698,-0.015748792579865965
4.699,0.002731446339844281
4.7,-0.015748792579865965
4.701,-0.0009646014440977679
4.702,-0.015748792579865965
4.703,-0.008356697011981867
4.704,-0.015748792579865965
4.705,-0.008356697011981867
4.706,-0.0009646014440977679
4.707,-0.02683693593169211
4.708,0.00642749412378633
4.709,-0.02683693593169211
4.71,-0.004660649228039817
4.711,-0.0009646014440977679
4.712,-0.004660649228039817
4.713,-0.012052744795923914
4.714,0.002731446339844281
4.715,-0.02314088814775006
4.716,-0.004660649228039817
4.717,-0.019444840363808013
4.718,-0.015748792579865965
4.719,-0.008356697011981867
4.72,0.002731446339844281
4.721,0.00642749412378633
4.722,-0.02683693593169211
4.723,-0.015748792579865965
4.724,-0.008356697011981867
4.725,0.00642749412378633
4.726,0.017515637475612477
4.727,-0.008356697011981867
4.728,-0.019444840363808013
4.729,-0.015748792579865965
4.73,-0.0009646014440977679
4.731,-0.02314088814775006
4.732,0.00642749412378633
4.733,0.002731446339844281
4.734,0.002731446339844281
4.735,0.024907733043496576
4.736,-0.0009646014440977679
4.737,0.013819589691670428
4.738,-0.004660649228039817
4.739,-0.015748792579865965
4.74,-0.019444840363808013
4.741,0.002731446339844281
4.742,-0.03053298371563416
4.743,-0.004660649228039817
4.744,-0.004660649228039817
4.745,-0.0009646014440977679
4.746,-0.019444840363808013
4.747,-0.02683693593169211
4.748,-0.004660649228039817
4.749,0.010123541907728378
4.75,-0.012052744795923914
4.751,-0.03053298371563416
4.752,-0.0009646014440977679
4.753,-0.008356697011981867
4.754,0.002731446339844281
4.755,-0.012052744795923914
4.756,-0.015748792579865965
4.757,-0.008356697011981867
4.758,-0.015748792579865965
4.759,-0.0009646014440977679
4.76,0.00642749412378633
4.761,0.021211685259554525
4.762,-0.0009646014440977679
4.763,-0.0009646014440977679
4.764,-0.012052744795923914
4.765,-0.004660649228039817
4.766,0.00642749412378633
4.767,-0.012052744795923914
4.768,-0.019444840363808013
4.769,-0.004660649228039817
4.77,-0.015748792579865965
4.771,-0.008356697011981867
4.772,-0.012052744795923914
4.773,-0.0009646014440977679
4.774,-0.02683693593169211
4.775,0.010123541907728378
4.776,-0.015748792579865965
4.777,-0.0009646014440977679
4.778,-0.008356697011981867
4.779,-0.015748792579865965
4.78,-0.015748792579865965
4.781,0.002731446339844281
4.782,-0.02314088814775006
4.783,-0.004660649228039817
4.784,-0.008356697011981867
4.785,-0.008356697011981867
4.786,-0.012052744795923914
4.787,-0.019444840363808013
4.788,0.00642749412378633
4.789,-0.004660649228039817
4.79,0.017515637475612477
4.791,-0.012052744795923914
4.792,0.021211685259554525
4.793,-0.012052744795923914
4.794,-0.008356697011981867
4.795,-0.0009646014440977679
4.796,0.00642749412378633
4.797,-0.012052744795923914
4.798,-0.015748792579865965
4.799,0.010123541907728378
4.8,0.00642749412378633
4.801,-0.008356697011981867
4.802,0.00642749412378633
4.803,0.00642749412378633
4.804,0.017515637475612477
4.805,-0.0009646014440977679
4.806,0.00642749412378633
4.807,-0.008356697011981867
4.808,0.002731446339844281
4.809,-0.0009646014440977679
4.81,-0.008356697011981867
4.811,-0.02683693593169211
4.812,0.017515637475612477
4.813,-0.02314088814775006
4.814,-0.008356697011981867
4.815,-0.015748792579865965
4.816,-0.02314088814775006
4.817,-0.02683693593169211
4.818,-0.004660649228039817
4.819,-0.015748792579865965
4.82,-0.008356697011981867
4.821,0.002731446339844281
4.822,-0.02683693593169211
4.823,-0.008356697011981867
4.824,-0.008356697011981867
4.825,-0.008356697011981867
4.826,-0.012052744795923914
4.827,-0.004660649228039817
4.828,-0.019444840363808013
4.829,0.010123541907728378
4.83,0.017515637475612477
4.831,-0.012052744795923914
4.832,-0.004660649228039817
4.833,0.002731446339844281
4.834,-0.015748792579865965
4.835,-0.015748792579865965
4.836,-0.0009646014440977679
4.837,-0.019444840363808013
4.838,0.010123541907728378
4.839,-0.02314088814775006
4.84,-0.0009646014440977679
4.841,0.00642749412378633
4.842,-0.02314088814775006
4.843,-0.008356697011981867
4.844,0.00642749412378633
4.845,-0.0009646014440977679
4.846,-0.008356697011981867
4.847,-0.008356697011981867
4.848,-0.0009646014440977679
4.849,-0.008356697011981867
4.85,-0.004660649228039817
4.851,-0.012052744795923914
4.852,0.002731446339844281
4.853,-0.015748792579865965
4.854,-0.015748792579865965
4.855,0.002731446339844281
4.856,0.00642749412378633
4.857,-0.012052744795923914
4.858,-0.015748792579865965
4.859,-0.02314088814775006
4.86,-0.02314088814775006
4.861,-0.0009646014440977679
4.862,-0.012052744795923914
4.863,-0.015748792579865965
4.864,-0.008356697011981867
4.865,0.00642749412378633
4.866,-0.02314088814775006
4.867,0.002731446339844281
4.868,-0.0009646014440977679
4.869,-0.019444840363808013
4.87,-0.004660649228039817
4.871,-0.015748792579865965
4.872,-0.004660649228039817
4.873,-0.008356697011981867
4.874,-0.0009646014440977679
4.875,-0.015748792579865965
4.876,-0.019444840363808013
4.877,-0.004660649228039817
4.878,-0.02314088814775006
4.879,0.013819589691670428
4.88,-0.0009646014440977679
4.881,0.00642749412378633
4.882,0.002731446339844281
4.883,-0.008356697011981867
4.884,-0.0009646014440977679
4.885,0.010123541907728378
4.886,-0.008356697011981867
4.887,-0.008356697011981867
4.888,-0.02314088814775006
4.889,-0.015748792579865965
4.89,-0.012052744795923914
4.891,-0.02314088814775006
4.892,-0.008356697011981867
4.893,-0.0009646014440977679
4.894,0.010123541907728378
4.895,-0.008356697011981867
4.896,0.013819589691670428
4.897,-0.015748792579865965
4.898,0.00642749412378633
4.899,-0.004660649228039817
4.9,-0.004660649228039817
4.901,0.017515637475612477
4.902,-0.03053298371563416
4.903,-0.02314088814775006
4.904,0.002731446339844281
4.905,0.002731446339844281
4.906,-0.004660649228039817
4.907,-0.008356697011981867
4.908,-0.0009646014440977679
4.909,0.024907733043496576
4.91,0.002731446339844281
4.911,-0.008356697011981867
4.912,-0.02314088814775006
4.913,0.010123541907728378
4.914,-0.004660649228039817
4.915,-0.008356697011981867
4.916,0.00642749412378633
4.917,-0.0009646014440977679
4.918,0.010123541907728378
4.919,-0.012052744795923914
4.92,-0.0009646014440977679
4.921,-0.008356697011981867
4.922,-0.015748792579865965
4.923,-0.012052744795923914
4.924,-0.02683693593169211
4.925,-0.015748792579865965
4.926,0.013819589691670428
4.927,-0.008356697011981867
4.928,-0.0009646014440977679
4.929,-0.0009646014440977679
4.93,0.00642749412378633
4.931,0.010123541907728378
4.932,-0.008356697011981867
4.933,-0.012052744795923914
4.934,-0.0009646014440977679
4.935,-0.004660649228039817
4.936,-0.0009646014440977679
4.937,-0.008356697011981867
4.938,-0.02314088814775006
4.939,-0.019444840363808013
4.94,-0.015748792579865965
4.941,-0.02314088814775006
4.942,-0.008356697011981867
4.943,-0.008356697011981867
4.944,-0.019444840363808013
4.945,-0.012052744795923914
4.946,-0.008356697011981867
4.947,-0.012052744795923914
4.948,-0.012052744795923914
4.949,0.002731446339844281
4.95,-0.012052744795923914
4.951,-0.004660649228039817
4.952,-0.019444840363808013
4.953,-0.0009646014440977679
4.954,-0.019444840363808013
4.955,-0.004660649228039817
4.956,-0.008356697011981867
4.957,0.010123541907728378
4.958,0.00642749412378633
4.959,0.013819589691670428
4.96,0.00642749412378633
4.961,-0.004660649228039817
4.962,-0.012052744795923914
4.963,-0.008356697011981867
4.964,-0.004660649228039817
4.965,-0.02314088814775006
4.966,-0.015748792579865965
4.967,-0.008356697011981867
4.968,-0.03053298371563416
4.969,-0.02314088814775006
4.97,-0.015748792579865965
4.971,-0.03792507928351826
4.972,-0.02314088814775006
4.973,0.002731446339844281
4.974,-0.02314088814775006
4.975,-0.019444840363808013
4.976,-0.019444840363808013
4.977,-0.008356697011981867
4.978,-0.012052744795923914
4.979,-0.02314088814775006
4.98,-0.0009646014440977679
4.981,-0.0009646014440977679
4.982,0.017515637475612477
4.983,-0.004660649228039817
4.984,-0.012052744795923914
4.985,0.00642749412378633
4.986,-0.012052744795923914
4.987,0.00642749412378633
4.988,0.002731446339844281
4.989,-0.012052744795923914
4.99,0.017515637475612477
4.991,0.002731446339844281
4.992,-0.0009646014440977679
4.993,-0.015748792579865965
4.994,-0.008356697011981867
4.995,-0.004660649228039817
4.996,-0.0009646014440977679
4.997,0.024907733043496576
4.998,0.002731446339844281
4.999,-0.012052744795923914
5.0,-0.015748792579865965
5.001,-0.03422903149957621
5.002,-0.02314088814775006
5.003,0.00642749412378633
5.004,-0.02683693593169211
5.005,-0.012052744795923914
5.006,-0.0009646014440977679
5.007,-0.015748792579865965
5.008,-0.008356697011981867
5.009,-0.004660649228039817
5.01,-0.02314088814775006
5.011,-0.03422903149957621
5.012,-0.004660649228039817
5.013,0.013819589691670428
5.014,-0.012052744795923914
5.015,-0.012052744795923914
5.016,-0.008356697011981867
5.017,-0.012052744795923914
5.018,0.00642749412378633
5.019,0.00642749412378633
5.02,-0.0009646014440977679
5.021,-0.004660649228039817
5.022,-0.015748792579865965
5.023,-0.008356697011981867
5.024,-0.0009646014440977679
5.025,-0.012052744795923914
5.026,0.013819589691670428
5.027,-0.015748792579865965
5.028,0.010123541907728378
5.029,-0.019444840363808013
5.03,-0.0009646014440977679
5.031,-0.004660649228039817
5.032,-0.019444840363808013
5.033,-0.02314088814775006
5.034,-0.008356697011981867
5.035,-0.019444840363808013
5.036,-0.03792507928351826
5.037,-0.008356697011981867
5.038,-0.0009646014440977679
5.039,-0.0009646014440977679
5.04,-0.008356697011981867
5.041,-0.0009646014440977679
5.042,-0.008356697011981867
5.043,0.010123541907728378
5.044,0.010123541907728378
5.045,-0.008356697011981867
5.046,-0.008356697011981867
5.047,0.013819589691670428
5.048,-0.0009646014440977679
5.049,-0.008356697011981867
5.05,0.00642749412378633
5.051,-0.012052744795923914
5.052,-0.012052744795923914
5.053,-0.019444840363808013
5.054,0.00642749412378633
5.055,0.00642749412378633
5.056,-0.004660649228039817
5.057,-0.008356697011981867
5.058,-0.008356697011981867
5.059,-0.02683693593169211
5.06,-0.015748792579865965
5.061,-0.0009646014440977679
5.062,-0.004660649228039817
5.063,-0.0009646014440977679
5.064,0.002731446339844281
5.065,0.010123541907728378
5.066,0.010123541907728378
5.067,-0.008356697011981867
5.068,-0.012052744795923914
5.069,-0.004660649228039817
5.07,-0.0009646014440977679
5.071,-0.008356697011981867
5.072,-0.004660649228039817
5.073,-0.015748792579865965
5.074,-0.008356697011981867
5.075,-0.012052744795923914
5.076,0.013819589691670428
5.077,0.00642749412378633
5.078,0.00642749412378633
5.079,-0.008356697011981867
5.08,-0.015748792579865965
5.081,-0.0009646014440977679
5.082,-0.03422903149957621
5.083,-0.004660649228039817
5.084,0.017515637475612477
5.085,-0.004660649228039817
5.086,-0.004660649228039817
5.087,-0.008356697011981867
5.088,0.00642749412378633
5.089,-0.008356697011981867
5.09,-0.0009646014440977679
5.091,-0.03053298371563416
5.092,-0.02683693593169211
5.093,-0.02314088814775006
5.094,-0.015748792579865965
5.095,-0.02683693593169211
5.096,-0.004660649228039817
5.097,-0.008356697011981867
5.098,-0.012052744795923914
5.099,-0.008356697011981867
5.1,-0.004660649228039817
5.101,-0.019444840363808013
5.102,-0.012052744795923914
5.103,0.00642749412378633
5.104,-0.015748792579865965
5.105,-0.0009646014440977679
5.106,-0.004660649228039817
5.107,-0.02314088814775006
5.108,0.010123541907728378
5.109,-0.012052744795923914
5.11,-0.02314088814775006
5.111,-0.019444840363808013
5.112,-0.004660649228039817
5.113,-0.019444840363808013
5.114,-0.004660649228039817
5.115,-0.012052744795923914
5.116,-0.012052744795923914
5.117,0.002731446339844281
5.118,-0.02314088814775006
5.119,-0.012052744795923914
5.12,0.010123541907728378
5.121,-0.0009646014440977679
5.122,0.010123541907728378
5.123,-0.02314088814775006
5.124,-0.03792507928351826
5.125,0.00642749412378633
5.126,0.010123541907728378
5.127,-0.019444840363808013
5.128,-0.008356697011981867
5.129,-0.012052744795923914
5.13,-0.0009646014440977679
5.131,-0.02683693593169211
5.132,-0.019444840363808013
5.133,-0.012052744795923914
5.134,-0.004660649228039817
5.135,-0.008356697011981867
5.136,-0.012052744795923914
5.137,-0.012052744795923914
5.138,0.002731446339844281
5.139,0.013819589691670428
5.14,0.00642749412378633
5.141,0.002731446339844281
5.142,-0.008356697011981867
5.143,-0.015748792579865965
5.144,-0.0009646014440977679
5.145,-0.008356697011981867
5.146,-0.02314088814775006
5.147,-0.012052744795923914
5.148,-0.02683693593169211
5.149,-0.0009646014440977679
5.15,-0.0009646014440977679
5.151,0.010123541907728378
5.152,-0.012052744795923914
5.153,-0.012052744795923914
5.154,0.00642749412378633
5.155,0.010123541907728378
5.156,-0.03053298371563416
5.157,0.010123541907728378
5.158,-0.015748792579865965
5.159,-0.019444840363808013
5.16,-0.012052744795923914
5.161,0.00642749412378633
5.162,-0.008356697011981867
5.163,-0.004660649228039817
5.164,0.00642749412378633
5.165,-0.0009646014440977679
5.166,0.002731446339844281
5.167,-0.008356697011981867
5.168,-0.015748792579865965
5.169,0.002731446339844281
5.17,-0.02314088814775006
5.171,0.013819589691670428
5.172,-0.004660649228039817
5.173,-0.004660649228039817
5.174,-0.012052744795923914
5.175,-0.008356697011981867
5.176,-0.015748792579865965
5.177,-0.008356697011981867
5.178,-0.004660649228039817
5.179,-0.008356697011981867
5.18,-0.015748792579865965
5.181,-0.004660649228039817
5.182,-0.012052744795923914
5.183,-0.004660649228039817
5.184,-0.008356697011981867
5.185,-0.004660649228039817
5.186,-0.015748792579865965
5.187,0.013819589691670428
5.188,0.010123541907728378
5.189,0.002731446339844281
5.19,0.017515637475612477
5.191,0.002731446339844281
5.192,-0.008356697011981867
5.193,0.010123541907728378
5.194,-0.02314088814775006
5.195,-0.008356697011981867
5.196,-0.008356697011981867
5.197,0.017515637475612477
5.198,0.002731446339844281
5.199,-0.019444840363808013
5.2,0.00642749412378633
5.201,-0.008356697011981867
5.202,0.017515637475612477
5.203,-0.019444840363808013
5.204,-0.03053298371563416
5.205,-0.02314088814775006
5.206,0.017515637475612477
5.207,0.013819589691670428
5.208,-0.004660649228039817
5.209,-0.004660649228039817
5.21,-0.0009646014440977679
5.211,-0.004660649228039817
5.212,-0.02314088814775006
5.213,-0.008356697011981867
5.214,-0.004660649228039817
5.215,-0.015748792579865965
5.216,-0.012052744795923914
5.217,-0.012052744795923914
5.218,-0.008356697011981867
5.219,-0.012052744795923914
5.22,0.002731446339844281
5.221,-0.015748792579865965
5.222,0.013819589691670428
5.223,-0.0009646014440977679
5.224,0.002731446339844281
5.225,-0.004660649228039817
5.226,-0.0009646014440977679
5.227,-0.008356697011981867
5.228,-0.008356697011981867
5.229,-0.02314088814775006
5.23,-0.004660649228039817
5.231,-0.008356697011981867
5.232,-0.015748792579865965
5.233,-0.0009646014440977679
5.234,-0.004660649228039817
5.235,-0.02314088814775006
5.236,0.002731446339844281
5.237,-0.015748792579865965
5.238,-0.0009646014440977679
5.239,-0.019444840363808013
5.24,-0.02314088814775006
5.241,-0.02314088814775006
5.242,0.002731446339844281
5.243,-0.008356697011981867
5.244,-0.012052744795923914
5.245,-0.008356697011981867
5.246,-0.03053298371563416
5.247,-0.012052744795923914
5.248,-0.0009646014440977679
5.249,-0.015748792579865965
5.25,0.010123541907728378
5.251,-0.008356697011981867
5.252,0.017515637475612477
5.253,-0.012052744795923914
5.254,0.002731446339844281
5.255,-0.008356697011981867
5.256,-0.008356697011981867
5.257,-0.019444840363808013
5.258,-0.015748792579865965
5.259,-0.0009646014440977679
5.26,-0.019444840363808013
5.261,-0.015748792579865965
5.262,-0.03053298371563416
5.263,0.00642749412378633
5.264,-0.02683693593169211
5.265,-0.0009646014440977679
5.266,-0.012052744795923914
5.267,-0.02314088814775006
5.268,-0.008356697011981867
5.269,-0.0009646014440977679
5.27,-0.0009646014440977679
5.271,0.002731446339844281
5.272,-0.004660649228039817
5.273,-0.008356697011981867
5.274,-0.012052744795923914
5.275,0.00642749412378633
5.276,0.00642749412378633
5.277,-0.015748792579865965
5.278,-0.004660649228039817
5.279,-0.02314088814775006
5.28,-0.004660649228039817
5.281,-0.02683693593169211
5.282,-0.0009646014440977679
5.283,-0.019444840363808013
5.284,0.00642749412378633
5.285,0.013819589691670428
5.286,-0.008356697011981867
5.287,0.002731446339844281
5.288,-0.008356697011981867
5.289,-0.008356697011981867
5.29,-0.015748792579865965
5.291,-0.004660649228039817
5.292,-0.004660649228039817
5.293,-0.019444840363808013
5.294,-0.008356697011981867
5.295,-0.008356697011981867
5.296,-0.04162112706746031
5.297,0.017515637475612477
5.298,-0.012052744795923914
5.299,-0.03053298371563416
5.3,-0.015748792579865965
5.301,-0.012052744795923914
5.302,-0.019444840363808013
5.303,-0.0009646014440977679
5.304,0.002731446339844281
5.305,-0.0009646014440977679
5.306,-0.0009646014440977679
5.307,-0.0009646014440977679
5.308,-0.0009646014440977679
5.309,0.002731446339844281
5.31,-0.008356697011981867
5.311,-0.02314088814775006
5.312,-0.015748792579865965
5.313,-0.008356697011981867
5.314,-0.019444840363808013
5.315,-0.02314088814775006
5.316,-0.012052744795923914
5.317,0.010123541907728378
5.318,-0.0009646014440977679
5.319,-0.019444840363808013
5.32,-0.0009646014440977679
5.321,-0.008356697011981867
5.322,0.002731446339844281
5.323,0.00642749412378633
5.324,-0.02314088814775006
5.325,0.002731446339844281
5.326,0.00642749412378633
5.327,-0.004660649228039817
5.328,-0.02683693593169211
5.329,-0.012052744795923914
5.33,-0.008356697011981867
5.331,-0.004660649228039817
5.332,-0.008356697011981867
5.333,0.00642749412378633
5.334,-0.015748792579865965
5.335,0.013819589691670428
5.336,0.017515637475612477
5.337,-0.0009646014440977679
5.338,-0.019444840363808013
5.339,-0.004660649228039817
5.34,0.002731446339844281
5.341,-0.015748792579865965
5.342,-0.02683693593169211
5.343,-0.02683693593169211
5.344,-0.008356697011981867
5.345,-0.008356697011981867
5.346,0.002731446339844281
5.347,-0.012052744795923914
5.348,0.002731446339844281
5.349,0.00642749412378633
5.35,-0.0009646014440977679
5.351,-0.004660649228039817
5.352,-0.019444840363808013
5.353,0.010123541907728378
5.354,-0.012052744795923914
5.355,0.010123541907728378
5.356,-0.008356697011981867
5.357,-0.019444840363808013
5.358,-0.019444840363808013
5.359,-0.004660649228039817
5.36,-0.019444840363808013
5.361,-0.019444840363808013
5.362,0.002731446339844281
5.363,-0.015748792579865965
5.364,0.00642749412378633
5.365,-0.019444840363808013
5.366,-0.012052744795923914
5.367,0.00642749412378633
5.368,0.021211685259554525
5.369,0.010123541907728378
5.37,-0.012052744795923914
5.371,-0.008356697011981867
5.372,0.00642749412378633
5.373,-0.0009646014440977679
5.374,-0.012052744795923914
5.375,-0.004660649228039817
5.376,-0.008356697011981867
5.377,0.00642749412378633
5.378,-0.012052744795923914
5.379,0.010123541907728378
5.38,0.002731446339844281
5.381,-0.012052744795923914
5.382,0.013819589691670428
5.383,-0.012052744795923914
5.384,0.010123541907728378
5.385,-0.004660649228039817
5.386,-0.015748792579865965
5.387,-0.012052744795923914
5.388,-0.0009646014440977679
5.389,-0.015748792579865965
5.39,-0.004660649228039817
5.391,-0.015748792579865965
5.392,-0.02683693593169211
5.393,-0.0009646014440977679
5.394,-0.015748792579865965
5.395,-0.012052744795923914
5.396,0.002731446339844281
5.397,-0.0009646014440977679
5.398,-0.008356697011981867
5.399,0.00642749412378633
5.4,-0.008356697011981867
5.401,-0.02683693593169211
5.402,-0.04162112706746031
5.403,0.002731446339844281
5.404,0.010123541907728378
5.405,-0.019444840363808013
5.406,-0.012052744795923914
5.407,0.002731446339844281
5.408,0.010123541907728378
5.409,-0.004660649228039817
5.41,0.00642749412378633
5.411,-0.012052744795923914
5.412,-0.0009646014440977679
5.413,0.002731446339844281
5.414,-0.0009646014440977679
5.415,-0.012052744795923914
5.416,-0.004660649228039817
5.417,-0.004660649228039817
5.418,-0.008356697011981867
5.419,-0.015748792579865965
5.42,-0.015748792579865965
5.421,0.00642749412378633
5.422,-0.0009646014440977679
5.423,-0.008356697011981867
5.424,-0.0009646014440977679
5.425,0.002731446339844281
5.426,-0.008356697011981867
5.427,0.002731446339844281
5.428,0.002731446339844281
5.429,0.021211685259554525
5.43,0.00642749412378633
5.431,-0.02683693593169211
5.432,0.00642749412378633
5.433,0.013819589691670428
5.434,-0.015748792579865965
5.435,0.010123541907728378
5.436,-0.02683693593169211
5.437,-0.008356697011981867
5.438,-0.02314088814775006
5.439,-0.004660649228039817
5.44,-0.008356697011981867
5.441,-0.004660649228039817
5.442,-0.004660649228039817
5.443,-0.012052744795923914
5.444,-0.008356697011981867
5.445,0.010123541907728378
5.446,0.010123541907728378
5.447,-0.0009646014440977679
5.448,-0.0009646014440977679
5.449,-0.015748792579865965
5.45,0.002731446339844281
5.451,-0.004660649228039817
5.452,0.00642749412378633
5.453,-0.019444840363808013
5.454,-0.0009646014440977679
5.455,0.00642749412378633
5.456,-0.012052744795923914
5.457,-0.008356697011981867
5.458,-0.019444840363808013
5.459,-0.004660649228039817
5.46,-0.008356697011981867
5.461,-0.0009646014440977679
5.462,-0.004660649228039817
5.463,-0.004660649228039817
5.464,-0.004660649228039817
5.465,-0.008356697011981867
5.466,-0.03422903149957621
5.467,-0.004660649228039817
5.468,-0.012052744795923914
5.469,-0.004660649228039817
5.47,-0.012052744795923914
5.471,0.002731446339844281
5.472,0.013819589691670428
5.473,0.002731446339844281
5.474,-0.008356697011981867
5.475,0.00642749412378633
5.476,0.002731446339844281
5.477,-0.02314088814775006
5.478,-0.012052744795923914
5.479,-0.008356697011981867
5.48,-0.008356697011981867
5.481,-0.015748792579865965
5.482,-0.004660649228039817
5.483,-0.012052744795923914
5.484,-0.004660649228039817
5.485,0.002731446339844281
5.486,-0.008356697011981867
5.487,-0.02314088814775006
5.488,0.010123541907728378
5.489,-0.0009646014440977679
5.49,-0.012052744795923914
5.491,0.013819589691670428
5.492,-0.0009646014440977679
5.493,-0.0009646014440977679
5.494,-0.008356697011981867
5.495,0.00642749412378633
5.496,-0.0009646014440977679
5.497,0.013819589691670428
5.498,0.00642749412378633
5.499,0.00642749412378633
5.5,-0.02314088814775006
5.501,-0.02314088814775006
5.502,-0.02683693593169211
5.503,0.002731446339844281
5.504,-0.02683693593169211
5.505,-0.0009646014440977679
5.506,-0.015748792579865965
5.507,0.024907733043496576
5.508,-0.004660649228039817
5.509,0.002731446339844281
5.51,-0.0009646014440977679
5.511,-0.019444840363808013
5.512,-0.012052744795923914
5.513,-0.0009646014440977679
5.514,-0.008356697011981867
5.515,0.017515637475612477
5.516,-0.008356697011981867
5.517,0.013819589691670428
5.518,-0.012052744795923914
5.519,-0.02683693593169211
5.52,-0.004660649228039817
5.521,-0.0009646014440977679
5.522,-0.0009646014440977679
5.523,-0.008356697011981867
5.524,0.002731446339844281
5.525,-0.012052744795923914
5.526,-0.008356697011981867
5.527,-0.0009646014440977679
5.528,0.002731446339844281
5.529,-0.008356697011981867
5.53,-0.0009646014440977679
5.531,0.002731446339844281
5.532,-0.008356697011981867
5.533,0.00642749412378633
5.534,-0.004660649228039817
5.535,-0.012052744795923914
5.536,-0.004660649228039817
5.537,0.002731446339844281
5.538,-0.0009646014440977679
5.539,-0.004660649228039817
5.54,0.017515637475612477
5.541,-0.008356697011981867
5.542,-0.0009646014440977679
5.543,-0.02314088814775006
5.544,-0.03053298371563416
5.545,-0.004660649228039817
5.546,0.002731446339844281
5.547,-0.012052744795923914
5.548,-0.0009646014440977679
5.549,-0.019444840363808013
5.55,-0.0009646014440977679
5.551,-0.008356697011981867
5.552,-0.008356697011981867
5.553,-0.015748792579865965
5.554,-0.0009646014440977679
5.555,0.00642749412378633
5.556,0.002731446339844281
5.557,-0.008356697011981867
5.558,-0.0009646014440977679
5.559,-0.0009646014440977679
5.56,-0.02314088814775006
5.561,-0.004660649228039817
5.562,-0.008356697011981867
5.563,-0.012052744795923914
5.564,-0.03053298371563416
5.565,-0.008356697011981867
5.566,-0.015748792579865965
5.567,0.00642749412378633
5.568,-0.012052744795923914
5.569,-0.004660649228039817
5.57,0.010123541907728378
5.571,-0.0009646014440977679
5.572,-0.02683693593169211
5.573,-0.004660649228039817
5.574,-0.019444840363808013
5.575,-0.012052744795923914
5.576,-0.02683693593169211
5.577,-0.0009646014440977679
5.578,0.00642749412378633
5.579,-0.03053298371563416
5.58,-0.012052744795923914
5.581,-0.008356697011981867
5.582,0.00642749412378633
5.583,0.017515637475612477
5.584,-0.015748792579865965
5.585,-0.019444840363808013
5.586,-0.004660649228039817
5.587,-0.03053298371563416
5.588,-0.019444840363808013
5.589,-0.012052744795923914
5.59,-0.0009646014440977679
5.591,-0.02314088814775006
5.592,0.002731446339844281
5.593,-0.0009646014440977679
5.594,-0.019444840363808013
5.595,0.017515637475612477
5.596,-0.008356697011981867
5.597,-0.03792507928351826
5.598,-0.0009646014440977679
5.599,0.017515637475612477
5.6,-0.008356697011981867
5.601,0.00642749412378633
5.602,0.002731446339844281
5.603,-0.0009646014440977679
5.604,-0.019444840363808013
5.605,0.002731446339844281
5.606,0.00642749412378633
5.607,-0.02683693593169211
5.608,0.010123541907728378
5.609,-0.019444840363808013
5.61,0.002731446339844281
5.611,-0.0009646014440977679
5.612,0.00642749412378633
5.613,-0.019444840363808013
5.614,-0.02314088814775006
5.615,-0.0009646014440977679
5.616,0.002731446339844281
5.617,-0.008356697011981867
5.618,0.00642749412378633
5.619,-0.012052744795923914
5.62,-0.0009646014440977679
5.621,-0.008356697011981867
5.622,-0.004660649228039817
5.623,0.013819589691670428
5.624,0.00642749412378633
5.625,0.00642749412378633
5.626,0.021211685259554525
5.627,-0.008356697011981867
5.628,0.00642749412378633
5.629,0.00642749412378633
5.63,0.00642749412378633
5.631,0.00642749412378633
5.632,0.00642749412378633
5.633,-0.019444840363808013
5.634,0.013819589691670428
5.635,0.002731446339844281
5.636,-0.0009646014440977679
5.637,0.013819589691670428
5.638,-0.02314088814775006
5.639,-0.0009646014440977679
5.64,-0.012052744795923914
5.641,0.00642749412378633
5.642,0.010123541907728378
5.643,0.00642749412378633
5.644,-0.0009646014440977679
5.645,-0.004660649228039817
5.646,-0.015748792579865965
5.647,0.00642749412378633
5.648,-0.03422903149957621
5.649,-0.02314088814775006
5.65,-0.0009646014440977679
5.651,-0.012052744795923914
5.652,-0.03792507928351826
5.653,-0.012052744795923914
5.654,0.002731446339844281
5.655,-0.008356697011981867
5.656,0.002731446339844281
5.657,-0.0009646014440977679
5.658,-0.019444840363808013
5.659,-0.012052744795923914
5.66,-0.012052744795923914
5.661,0.017515637475612477
5.662,-0.008356697011981867
5.663,0.002731446339844281
5.664,-0.008356697011981867
5.665,-0.012052744795923914
5.666,0.002731446339844281
5.667,-0.02314088814775006
5.668,-0.008356697011981867
5.669,-0.008356697011981867
5.67,-0.008356697011981867
5.671,-0.012052744795923914
5.672,-0.008356697011981867
5.673,0.013819589691670428
5.674,0.00642749412378633
5.675,-0.012052744795923914
5.676,-0.04531717485140235
5.677,-0.019444840363808013
5.678,0.010123541907728378
5.679,0.010123541907728378
5.68,0.013819589691670428
5.681,-0.02314088814775006
5.682,0.002731446339844281
5.683,-0.012052744795923914
5.684,-0.03422903149957621
5.685,0.002731446339844281
5.686,-0.012052744795923914
5.687,-0.03792507928351826
5.688,0.00642749412378633
5.689,-0.015748792579865965
5.69,-0.004660649228039817
5.691,-0.0009646014440977679
5.692,-0.0009646014440977679
5.693,-0.012052744795923914
5.694,0.013819589691670428
5.695,-0.008356697011981867
5.696,-0.019444840363808013
5.697,-0.008356697011981867
5.698,-0.015748792579865965
5.699,-0.008356697011981867
5.7,-0.012052744795923914
5.701,-0.0009646014440977679
5.702,0.002731446339844281
5.703,-0.0009646014440977679
5.704,0.002731446339844281
5.705,-0.012052744795923914
5.706,0.002731446339844281
5.707,-0.004660649228039817
5.708,-0.0009646014440977679
5.709,-0.015748792579865965
5.71,-0.012052744795923914
5.711,0.002731446339844281
5.712,-0.03053298371563416
5.713,-0.004660649228039817
5.714,0.010123541907728378
5.715,-0.004660649228039817
5.716,-0.004660649228039817
5.717,0.00642749412378633
5.718,-0.015748792579865965
5.719,-0.019444840363808013
5.72,0.00642749412378633
5.721,-0.02683693593169211
5.722,0.002731446339844281
5.723,-0.0009646014440977679
5.724,0.00642749412378633
5.725,-0.004660649228039817
5.726,-0.0009646014440977679
5.727,0.002731446339844281
5.728,-0.012052744795923914
5.729,0.002731446339844281
5.73,0.00642749412378633
5.731,-0.008356697011981867
5.732,-0.008356697011981867
5.733,-0.008356697011981867
5.734,0.00642749412378633
5.735,-0.012052744795923914
5.736,-0.008356697011981867
5.737,-0.008356697011981867
5.738,-0.012052744795923914
5.739,0.00642749412378633
5.74,0.002731446339844281
5.741,-0.0009646014440977679
5.742,0.00642749412378633
5.743,-0.019444840363808013
5.744,-0.012052744795923914
5.745,-0.0009646014440977679
5.746,-0.02314088814775006
5.747,-0.004660649228039817
5.748,-0.012052744795923914
5.749,-0.015748792579865965
5.75,0.002731446339844281
5.751,0.002731446339844281
5.752,-0.015748792579865965
5.753,0.013819589691670428
5.754,-0.012052744795923914
5.755,0.017515637475612477
5.756,0.00642749412378633
5.757,-0.0009646014440977679
5.758,-0.02314088814775006
5.759,-0.004660649228039817
5.76,-0.015748792579865965
5.761,-0.015748792579865965
5.762,-0.008356697011981867
5.763,0.00642749412378633
5.764,0.002731446339844281
5.765,-0.012052744795923914
5.766,-0.019444840363808013
5.767,-0.012052744795923914
5.768,0.017515637475612477
5.769,-0.008356697011981867
5.77,-0.008356697011981867
5.771,-0.004660649228039817
5.772,0.00642749412378633
5.773,-0.02314088814775006
5.774,-0.02683693593169211
5.775,-0.004660649228039817
5.776,-0.004660649228039817
5.777,-0.012052744795923914
5.778,-0.004660649228039817
5.779,-0.0009646014440977679
5.78,-0.015748792579865965
5.781,-0.019444840363808013
5.782,-0.008356697011981867
5.783,0.002731446339844281
5.784,-0.004660649228039817
5.785,-0.019444840363808013
5.786,-0.019444840363808013
5.787,-0.004660649228039817
5.788,-0.008356697011981867
5.789,0.002731446339844281
5.79,-0.0009646014440977679
5.791,-0.012052744795923914
5.792,0.002731446339844281
5.793,-0.008356697011981867
5.794,-0.019444840363808013
5.795,-0.0009646014440977679
5.796,0.00642749412378633
5.797,0.002731446339844281
5.798,0.002731446339844281
5.799,-0.0009646014440977679
5.8,0.002731446339844281
5.801,-0.015748792579865965
5.802,-0.0009646014440977679
5.803,-0.0009646014440977679
5.804,-0.004660649228039817
5.805,-0.004660649228039817
5.806,-0.008356697011981867
5.807,-0.0009646014440977679
5.808,-0.02683693593169211
5.809,-0.02314088814775006
5.81,-0.015748792579865965
5.811,-0.004660649228039817
5.812,-0.008356697011981867
5.813,-0.012052744795923914
5.814,0.002731446339844281
5.815,0.002731446339844281
5.816,-0.004660649228039817
5.817,-0.004660649228039817
5.818,0.002731446339844281
5.819,-0.008356697011981867
5.82,-0.015748792579865965
5.821,-0.008356697011981867
5.822,-0.004660649228039817
5.823,-0.008356697011981867
5.824,-0.015748792579865965
5.825,-0.015748792579865965
5.826,-0.008356697011981867
5.827,-0.019444840363808013
5.828,-0.008356697011981867
5.829,-0.015748792579865965
5.83,-0.0009646014440977679
5.831,-0.012052744795923914
5.832,-0.0009646014440977679
5.833,-0.02314088814775006
5.834,-0.015748792579865965
5.835,-0.012052744795923914
5.836,-0.0009646014440977679
5.837,-0.02314088814775006
5.838,-0.008356697011981867
5.839,-0.0009646014440977679
5.84,-0.019444840363808013
5.841,-0.008356697011981867
5.842,0.002731446339844281
5.843,-0.004660649228039817
5.844,-0.008356697011981867
5.845,-0.0009646014440977679
5.846,0.013819589691670428
5.847,-0.019444840363808013
5.848,-0.015748792579865965
5.849,-0.0009646014440977679
5.85,-0.008356697011981867
5.851,-0.0009646014440977679
5.852,-0.015748792579865965
5.853,-0.012052744795923914
5.854,-0.008356697011981867
5.855,-0.012052744795923914
5.856,0.00642749412378633
5.857,-0.004660649228039817
5.858,-0.004660649228039817
5.859,-0.0009646014440977679
5.86,-0.0009646014440977679
5.861,0.010123541907728378
5.862,-0.02314088814775006
5.863,0.013819589691670428
5.864,-0.03053298371563416
5.865,0.00642749412378633
5.866,-0.004660649228039817
5.867,-0.019444840363808013
5.868,-0.015748792579865965
5.869,-0.008356697011981867
5.87,-0.004660649228039817
5.871,0.021211685259554525
5.872,0.010123541907728378
5.873,0.002731446339844281
5.874,-0.02683693593169211
5.875,-0.0009646014440977679
5.876,0.021211685259554525
5.877,-0.012052744795923914
5.878,0.010123541907728378
5.879,-0.012052744795923914
5.88,0.002731446339844281
5.881,-0.019444840363808013
5.882,-0.019444840363808013
5.883,-0.0009646014440977679
5.884,-0.008356697011981867
5.885,-0.008356697011981867
5.886,-0.008356697011981867
5.887,-0.008356697011981867
5.888,-0.015748792579865965
5.889,-0.0009646014440977679
5.89,-0.004660649228039817
5.891,-0.012052744795923914
5.892,-0.015748792579865965
5.893,0.002731446339844281
5.894,-0.004660649228039817
5.895,0.00642749412378633
5.896,-0.004660649228039817
5.897,-0.0009646014440977679
5.898,-0.012052744795923914
5.899,-0.015748792579865965
5.9,-0.015748792579865965
5.901,0.002731446339844281
5.902,0.00642749412378633
5.903,0.002731446339844281
5.904,0.00642749412378633
5.905,0.010123541907728378
5.906,-0.04162112706746031
5.907,-0.015748792579865965
5.908,-0.015748792579865965
5.909,-0.008356697011981867
5.91,0.00642749412378633
5.911,-0.004660649228039817
5.912,-0.012052744795923914
5.913,-0.012052744795923914
5.914,-0.012052744795923914
5.915,-0.008356697011981867
5.916,-0.0009646014440977679
5.917,-0.019444840363808013
5.918,-0.03053298371563416
5.919,0.00642749412378633
5.92,-0.004660649228039817
5.921,0.002731446339844281
5.922,-0.02314088814775006
5.923,-0.015748792579865965
5.924,-0.008356697011981867
5.925,-0.012052744795923914
5.926,-0.012052744795923914
5.927,-0.015748792579865965
5.928,-0.004660649228039817
5.929,-0.0009646014440977679
5.93,0.021211685259554525
5.931,-0.008356697011981867
5.932,-0.015748792579865965
5.933,0.017515637475612477
5.934,-0.015748792579865965
5.935,-0.0009646014440977679
5.936,-0.012052744795923914
5.937,0.00642749412378633
5.938,0.00642749412378633
5.939,0.002731446339844281
5.94,-0.012052744795923914
5.941,-0.004660649228039817
5.942,-0.019444840363808013
5.943,-0.004660649228039817
5.944,-0.0009646014440977679
5.945,-0.019444840363808013
5.946,0.002731446339844281
5.947,0.002731446339844281
5.948,-0.008356697011981867
5.949,-0.0009646014440977679
5.95,0.00642749412378633
5.951,-0.015748792579865965
5.952,-0.004660649228039817
5.953,0.002731446339844281
5.954,-0.0009646014440977679
5.955,-0.015748792579865965
5.956,-0.02314088814775006
5.957,-0.012052744795923914
5.958,0.002731446339844281
5.959,0.002731446339844281
5.96,-0.008356697011981867
5.961,-0.03053298371563416
5.962,-0.008356697011981867
5.963,-0.0009646014440977679
5.964,-0.004660649228039817
5.965,-0.0009646014440977679
5.966,-0.008356697011981867
5.967,-0.019444840363808013
5.968,-0.0009646014440977679
5.969,-0.0009646014440977679
5.97,0.002731446339844281
5.971,-0.004660649228039817
5.972,-0.008356697011981867
5.973,-0.008356697011981867
5.974,-0.0009646014440977679
5.975,-0.015748792579865965
5.976,0.00642749412378633
5.977,-0.015748792579865965
5.978,-0.015748792579865965
5.979,0.024907733043496576
5.98,-0.0009646014440977679
5.981,0.00642749412378633
5.982,-0.012052744795923914
5.983,-0.02683693593169211
5.984,-0.004660649228039817
5.985,-0.0009646014440977679
5.986,-0.012052744795923914
5.987,0.00642749412378633
5.988,-0.012052744795923914
5.989,0.002731446339844281
5.99,0.00642749412378633
5.991,-0.012052744795923914
5.992,-0.004660649228039817
5.993,-0.012052744795923914
5.994,-0.004660649228039817
5.995,-0.004660649228039817
5.996,-0.019444840363808013
5.997,0.002731446339844281
5.998,-0.004660649228039817
5.999,0.017515637475612477
6.0,-0.0009646014440977679
6.001,-0.015748792579865965
6.002,-0.02314088814775006
6.003,-0.02683693593169211
6.004,-0.03053298371563416
6.005,-0.012052744795923914
6.006,0.002731446339844281
6.007,-0.004660649228039817
6.008,-0.004660649228039817
6.009,0.002731446339844281
6.01,-0.008356697011981867
6.011,-0.0009646014440977679
6.012,-0.004660649228039817
6.013,0.002731446339844281
6.014,-0.02683693593169211
6.015,-0.004660649228039817
6.016,-0.02314088814775006
6.017,-0.008356697011981867
6.018,-0.012052744795923914
6.019,-0.008356697011981867
6.02,-0.03053298371563416
6.021,-0.004660649228039817
6.022,-0.02314088814775006
6.023,-0.0009646014440977679
6.024,0.00642749412378633
6.025,0.002731446339844281
6.026,0.002731446339844281
6.027,-0.012052744795923914
6.028,0.002731446339844281
6.029,0.013819589691670428
6.03,-0.004660649228039817
6.031,0.00642749412378633
6.032,-0.012052744795923914
6.033,-0.012052744795923914
6.034,-0.0009646014440977679
6.035,-0.012052744795923914
6.036,-0.004660649228039817
6.037,-0.0009646014440977679
6.038,0.00642749412378633
6.039,-0.019444840363808013
6.04,-0.012052744795923914
6.041,-0.008356697011981867
6.042,0.010123541907728378
6.043,-0.019444840363808013
6.044,-0.015748792579865965
6.045,-0.012052744795923914
6.046,0.00642749412378633
6.047,-0.004660649228039817
6.048,-0.012052744795923914
6.049,0.00642749412378633
6.05,0.00642749412378633
6.051,-0.012052744795923914
6.052,0.028603780827438623
6.053,-0.0009646014440977679
6.054,-0.008356697011981867
6.055,-0.004660649228039817
6.056,-0.0009646014440977679
6.057,-0.012052744795923914
6.058,-0.008356697011981867
6.059,0.00642749412378633
6.06,-0.019444840363808013
6.061,0.013819589691670428
6.062,0.010123541907728378
6.063,-0.019444840363808013
6.064,-0.012052744795923914
6.065,-0.0009646014440977679
6.066,-0.008356697011981867
6.067,0.00642749412378633
6.068,-0.008356697011981867
6.069,-0.02314088814775006
6.07,-0.004660649228039817
6.071,-0.015748792579865965
6.072,-0.008356697011981867
6.073,-0.008356697011981867
6.074,0.002731446339844281
6.075,-0.019444840363808013
6.076,-0.012052744795923914
6.077,-0.008356697011981867
6.078,-0.004660649228039817
6.079,-0.0009646014440977679
6.08,-0.012052744795923914
6.081,-0.012052744795923914
6.082,-0.015748792579865965
6.083,-0.012052744795923914
6.084,-0.012052744795923914
6.085,-0.008356697011981867
6.086,-0.012052744795923914
6.087,-0.0009646014440977679
6.088,0.002731446339844281
6.089,-0.0009646014440977679
6.09,-0.004660649228039817
6.091,0.017515637475612477
6.092,-0.012052744795923914
6.093,-0.0009646014440977679
6.094,0.00642749412378633
6.095,0.00642749412378633
6.096,-0.012052744795923914
6.097,-0.019444840363808013
6.098,-0.0009646014440977679
6.099,0.002731446339844281
6.1,-0.019444840363808013
6.101,-0.0009646014440977679
6.102,-0.008356697011981867
6.103,-0.015748792579865965
6.104,-0.015748792579865965
6.105,0.002731446339844281
6.106,-0.004660649228039817
6.107,-0.0009646014440977679
6.108,-0.02314088814775006
6.109,-0.015748792579865965
6.11,-0.02683693593169211
6.111,-0.02314088814775006
6.112,-0.019444840363808013
6.113,-0.004660649228039817
6.114,0.00642749412378633
6.115,-0.008356697011981867
6.116,-0.004660649228039817
6.117,-0.0009646014440977679
6.118,-0.03422903149957621
6.119,-0.015748792579865965
6.12,0.013819589691670428
6.121,-0.012052744795923914
6.122,-0.015748792579865965
6.123,-0.015748792579865965
6.124,-0.008356697011981867
6.125,-0.015748792579865965
6.126,-0.012052744795923914
6.127,-0.02314088814775006
6.128,-0.008356697011981867
6.129,0.010123541907728378
6.13,-0.008356697011981867
6.131,-0.02314088814775006
6.132,-0.019444840363808013
6.133,-0.004660649228039817
6.134,0.00642749412378633
6.135,-0.03422903149957621
6.136,-0.004660649228039817
6.137,0.002731446339844281
6.138,0.002731446339844281
6.139,-0.012052744795923914
6.14,0.00642749412378633
6.141,-0.004660649228039817
6.142,0.010123541907728378
6.143,-0.0009646014440977679
6.144,-0.019444840363808013
6.145,-0.012052744795923914
6.146,-0.019444840363808013
6.147,0.002731446339844281
6.148,-0.008356697011981867
6.149,-0.015748792579865965
6.15,-0.015748792579865965
6.151,-0.02683693593169211
6.152,-0.02683693593169211
6.153,-0.012052744795923914
6.154,-0.015748792579865965
6.155,-0.019444840363808013
6.156,-0.012052744795923914
6.157,-0.004660649228039817
6.158,-0.0009646014440977679
6.159,-0.0009646014440977679
6.16,-0.008356697011981867
6.161,-0.008356697011981867
6.162,-0.02683693593169211
6.163,-0.015748792579865965
6.164,0.010123541907728378
6.165,0.002731446339844281
6.166,-0.012052744795923914
6.167,0.00642749412378633
6.168,-0.004660649228039817
6.169,-0.019444840363808013
6.17,-0.02314088814775006
6.171,-0.015748792579865965
6.172,-0.008356697011981867
6.173,-0.008356697011981867
6.174,-0.008356697011981867
6.175,-0.02314088814775006
6.176,0.010123541907728378
6.177,-0.004660649228039817
6.178,0.010123541907728378
6.179,-0.004660649228039817
6.18,0.00642749412378633
6.181,0.00642749412378633
6.182,-0.004660649228039817
6.183,-0.015748792579865965
6.184,0.00642749412378633
6.185,0.002731446339844281
6.186,0.010123541907728378
6.187,-0.004660649228039817
6.188,-0.019444840363808013
6.189,-0.015748792579865965
6.19,0.017515637475612477
6.191,0.002731446339844281
6.192,-0.008356697011981867
6.193,-0.015748792579865965
6.194,-0.008356697011981867
6.195,-0.012052744795923914
6.196,-0.004660649228039817
6.197,-0.008356697011981867
6.198,0.00642749412378633
6.199,0.002731446339844281
6.2,-0.0009646014440977679
6.201,-0.008356697011981867
6.202,-0.03422903149957621
6.203,-0.015748792579865965
6.204,-0.012052744795923914
6.205,-0.008356697011981867
6.206,-0.008356697011981867
6.207,-0.004660649228039817
6.208,-0.015748792579865965
6.209,-0.012052744795923914
6.21,0.010123541907728378
6.211,-0.0009646014440977679
6.212,-0.019444840363808013
6.213,0.00642749412378633
6.214,0.002731446339844281
6.215,0.013819589691670428
6.216,0.002731446339844281
6.217,-0.0009646014440977679
6.218,0.002731446339844281
6.219,-0.015748792579865965
6.22,-0.0009646014440977679
6.221,0.00642749412378633
6.222,-0.019444840363808013
6.223,0.002731446339844281
6.224,-0.004660649228039817
6.225,-0.03053298371563416
6.226,0.010123541907728378
6.227,-0.004660649228039817
6.228,-0.02314088814775006
6.229,0.00642749412378633
6.23,-0.02683693593169211
6.231,0.00642749412378633
6.232,-0.008356697011981867
6.233,0.00642749412378633
6.234,-0.0009646014440977679
6.235,0.00642749412378633
6.236,0.028603780827438623
6.237,-0.012052744795923914
6.238,-0.008356697011981867
6.239,-0.02314088814775006
6.24,-0.0009646014440977679
6.241,-0.0009646014440977679
6.242,-0.015748792579865965
6.243,-0.019444840363808013
6.244,-0.004660649228039817
6.245,-0.008356697011981867
6.246,0.00642749412378633
6.247,-0.008356697011981867
6.248,0.00642749412378633
6.249,0.002731446339844281
6.25,-0.008356697011981867
6.251,-0.019444840363808013
6.252,-0.012052744795923914
6.253,-0.004660649228039817
6.254,-0.02314088814775006
6.255,-0.012052744795923914
6.256,0.002731446339844281
6.257,-0.019444840363808013
6.258,-0.015748792579865965
6.259,-0.012052744795923914
6.26,-0.015748792579865965
6.261,0.00642749412378633
6.262,-0.004660649228039817
6.263,-0.004660649228039817
6.264,0.00642749412378633
6.265,-0.015748792579865965
6.266,0.013819589691670428
6.267,-0.0009646014440977679
6.268,-0.012052744795923914
6.269,-0.019444840363808013
6.27,0.002731446339844281
6.271,-0.008356697011981867
6.272,-0.008356697011981867
6.273,-0.008356697011981867
6.274,-0.012052744795923914
6.275,-0.02683693593169211
6.276,-0.012052744795923914
6.277,-0.02683693593169211
6.278,0.00642749412378633
6.279,-0.004660649228039817
6.28,0.002731446339844281
6.281,0.010123541907728378
6.282,-0.0009646014440977679
6.283,-0.03422903149957621
6.284,-0.0009646014440977679
6.285,-0.03053298371563416
6.286,0.00642749412378633
6.287,-0.008356697011981867
6.288,-0.02314088814775006
6.289,-0.008356697011981867
6.29,-0.0009646014440977679
6.291,0.002731446339844281
6.292,-0.0009646014440977679
6.293,-0.02314088814775006
6.294,0.010123541907728378
6.295,-0.004660649228039817
6.296,-0.008356697011981867
6.297,-0.004660649228039817
6.298,0.002731446339844281
6.299,0.021211685259554525
6.3,-0.0009646014440977679
6.301,-0.0009646014440977679
6.302,-0.004660649228039817
6.303,0.00642749412378633
6.304,-0.012052744795923914
6.305,-0.019444840363808013
6.306,-0.004660649228039817
6.307,-0.004660649228039817
6.308,-0.0009646014440977679
6.309,-0.004660649228039817
6.31,-0.015748792579865965
6.311,-0.008356697011981867
6.312,0.021211685259554525
6.313,-0.012052744795923914
6.314,0.00642749412378633
6.315,-0.019444840363808013
6.316,0.002731446339844281
6.317,-0.012052744795923914
6.318,-0.008356697011981867
6.319,0.013819589691670428
6.32,-0.012052744795923914
6.321,-0.015748792579865965
6.322,0.010123541907728378
6.323,0.017515637475612477
6.324,-0.004660649228039817
6.325,-0.02683693593169211
6.326,-0.012052744795923914
6.327,-0.02683693593169211
6.328,-0.015748792579865965
6.329,-0.012052744795923914
6.33,-0.015748792579865965
6.331,0.00642749412378633
6.332,-0.015748792579865965
6.333,0.002731446339844281
6.334,-0.015748792579865965
6.335,-0.012052744795923914
6.336,-0.019444840363808013
6.337,-0.019444840363808013
6.338,-0.008356697011981867
6.339,0.013819589691670428
6.34,0.002731446339844281
6.341,-0.019444840363808013
6.342,0.002731446339844281
6.343,0.03229982861138067
6.344,-0.015748792579865965
6.345,-0.012052744795923914
6.346,-0.019444840363808013
6.347,0.002731446339844281
6.348,-0.008356697011981867
6.349,-0.03053298371563416
6.35,-0.008356697011981867
6.351,-0.008356697011981867
6.352,0.00642749412378633
6.353,-0.008356697011981867
6.354,-0.008356697011981867
6.355,-0.015748792579865965
6.356,-0.015748792579865965
6.357,-0.008356697011981867
6.358,-0.008356697011981867
6.359,-0.008356697011981867
6.36,0.010123541907728378
6.361,-0.008356697011981867
6.362,-0.008356697011981867
6.363,-0.015748792579865965
6.364,-0.008356697011981867
6.365,0.002731446339844281
6.366,-0.004660649228039817
6.367,-0.0009646014440977679
6.368,-0.03053298371563416
6.369,-0.008356697011981867
6.37,-0.0009646014440977679
6.371,0.010123541907728378
6.372,0.00642749412378633
6.373,0.002731446339844281
6.374,-0.004660649228039817
6.375,0.002731446339844281
6.376,-0.0009646014440977679
6.377,-0.0009646014440977679
6.378,-0.0009646014440977679
6.379,0.010123541907728378
6.38,-0.004660649228039817
6.381,-0.0009646014440977679
6.382,0.002731446339844281
6.383,0.002731446339844281
6.384,-0.02314088814775006
6.385,0.002731446339844281
6.386,-0.019444840363808013
6.387,0.00642749412378633
6.388,-0.0009646014440977679
6.389,-0.004660649228039817
6.39,0.00642749412378633
6.391,-0.008356697011981867
6.392,-0.02314088814775006
6.393,-0.004660649228039817
6.394,0.017515637475612477
6.395,-0.008356697011981867
6.396,-0.008356697011981867
6.397,-0.004660649228039817
6.398,-0.0009646014440977679
6.399,0.00642749412378633
6.4,-0.008356697011981867
6.401,-0.008356697011981867
6.402,-0.03053298371563416
6.403,0.013819589691670428
6.404,0.010123541907728378
6.405,-0.008356697011981867
6.406,-0.0009646014440977679
6.407,-0.008356697011981867
6.408,0.002731446339844281
6.409,0.00642749412378633
6.41,-0.008356697011981867
6.411,-0.012052744795923914
6.412,-0.0009646014440977679
6.413,-0.008356697011981867
6.414,-0.004660649228039817
6.415,-0.015748792579865965
6.416,-0.019444840363808013
6.417,0.00642749412378633
6.418,-0.0009646014440977679
6.419,-0.004660649228039817
6.42,0.002731446339844281
6.421,-0.015748792579865965
6.422,-0.0009646014440977679
6.423,0.00642749412378633
6.424,-0.015748792579865965
6.425,-0.004660649228039817
6.426,0.010123541907728378
6.427,0.002731446339844281
6.428,-0.008356697011981867
6.429,-0.0009646014440977679
6.43,-0.008356697011981867
6.431,0.00642749412378633
6.432,0.017515637475612477
6.433,-0.012052744795923914
6.434,-0.008356697011981867
6.435,-0.0009646014440977679
6.436,-0.015748792579865965
6.437,0.002731446339844281
6.438,-0.008356697011981867
6.439,-0.019444840363808013
6.44,0.00642749412378633
6.441,-0.015748792579865965
6.442,-0.0009646014440977679
6.443,0.013819589691670428
6.444,-0.004660649228039817
6.445,-0.02314088814775006
6.446,-0.012052744795923914
6.447,-0.03792507928351826
6.448,-0.02314088814775006
6.449,0.013819589691670428
6.45,0.010123541907728378
6.451,0.00642749412378633
6.452,0.03229982861138067
6.453,-0.015748792579865965
6.454,-0.0009646014440977679
6.455,0.002731446339844281
6.456,-0.008356697011981867
6.457,-0.015748792579865965
6.458,0.013819589691670428
6.459,-0.004660649228039817
6.46,-0.008356697011981867
6.461,-0.019444840363808013
6.462,-0.008356697011981867
6.463,-0.008356697011981867
6.464,-0.03053298371563416
6.465,0.00642749412378633
6.466,-0.004660649228039817
6.467,-0.008356697011981867
6.468,-0.019444840363808013
6.469,-0.0009646014440977679
6.47,-0.008356697011981867
6.471,-0.004660649228039817
6.472,-0.008356697011981867
6.473,-0.0009646014440977679
6.474,-0.008356697011981867
6.475,-0.0009646014440977679
6.476,-0.0009646014440977679
6.477,-0.008356697011981867
6.478,-0.012052744795923914
6.479,-0.008356697011981867
6.48,-0.008356697011981867
6.481,0.00642749412378633
6.482,-0.0009646014440977679
6.483,-0.02683693593169211
6.484,-0.015748792579865965
6.485,-0.0009646014440977679
6.486,-0.0009646014440977679
6.487,-0.015748792579865965
6.488,-0.004660649228039817
6.489,0.00642749412378633
6.49,0.002731446339844281
6.491,-0.008356697011981867
6.492,-0.0009646014440977679
6.493,-0.004660649228039817
6.494,-0.015748792579865965
6.495,0.010123541907728378
6.496,-0.012052744795923914
6.497,0.00642749412378633
6.498,-0.004660649228039817
6.499,-0.015748792579865965
6.5,0.010123541907728378
6.501,-0.004660649228039817
6.502,-0.0009646014440977679
6.503,-0.02314088814775006
6.504,-0.004660649228039817
6.505,0.00642749412378633
6.506,0.002731446339844281
6.507,-0.0009646014440977679
6.508,-0.0009646014440977679
6.509,-0.012052744795923914
6.51,-0.015748792579865965
6.511,0.00642749412378633
6.512,-0.004660649228039817
6.513,-0.015748792579865965
6.514,-0.015748792579865965
6.515,-0.012052744795923914
6.516,-0.008356697011981867
6.517,0.024907733043496576
6.518,-0.012052744795923914
6.519,-0.004660649228039817
6.52,-0.02683693593169211
6.521,-0.008356697011981867
6.522,-0.015748792579865965
6.523,-0.019444840363808013
6.524,-0.012052744795923914
6.525,0.002731446339844281
6.526,-0.019444840363808013
6.527,-0.012052744795923914
6.528,-0.012052744795923914
6.529,0.00642749412378633
6.53,-0.008356697011981867
6.531,-0.012052744795923914
6.532,0.002731446339844281
6.533,-0.012052744795923914
6.534,-0.008356697011981867
6.535,-0.008356697011981867
6.536,0.00642749412378633
6.537,-0.004660649228039817
6.538,-0.0009646014440977679
6.539,-0.0009646014440977679
6.54,-0.03053298371563416
6.541,-0.004660649228039817
6.542,0.002731446339844281
6.543,-0.012052744795923914
6.544,-0.02314088814775006
6.545,-0.019444840363808013
6.546,0.010123541907728378
6.547,0.010123541907728378
6.548,-0.008356697011981867
6.549,-0.03422903149957621
6.55,0.017515637475612477
6.551,0.002731446339844281
6.552,-0.012052744795923914
6.553,-0.008356697011981867
6.554,-0.008356697011981867
6.555,-0.015748792579865965
6.556,-0.008356697011981867
6.557,0.028603780827438623
6.558,0.00642749412378633
6.559,-0.015748792579865965
6.56,-0.02314088814775006
6.561,0.00642749412378633
6.562,-0.004660649228039817
6.563,-0.019444840363808013
6.564,-0.004660649228039817
6.565,0.013819589691670428
6.566,-0.004660649228039817
6.567,0.002731446339844281
6.568,-0.004660649228039817
6.569,-0.0009646014440977679
6.57,0.00642749412378633
6.571,-0.02314088814775006
6.572,-0.04162112706746031
6.573,-0.004660649228039817
6.574,-0.008356697011981867
6.575,-0.019444840363808013
6.576,-0.004660649228039817
6.577,-0.015748792579865965
6.578,-0.008356697011981867
6.579,-0.02314088814775006
6.58,-0.004660649228039817
6.581,-0.004660649228039817
6.582,-0.008356697011981867
6.583,-0.008356697011981867
6.584,-0.019444840363808013
6.585,0.002731446339844281
6.586,-0.0009646014440977679
6.587,0.010123541907728378
6.588,-0.008356697011981867
6.589,0.010123541907728378
6.59,-0.03053298371563416
6.591,0.010123541907728378
6.592,-0.012052744795923914
6.593,-0.008356697011981867
6.594,0.017515637475612477
6.595,0.010123541907728378
6.596,0.002731446339844281
6.597,-0.019444840363808013
6.598,-0.0009646014440977679
6.599,-0.012052744795923914
6.6,-0.012052744795923914
6.601,-0.004660649228039817
6.602,-0.02314088814775006
6.603,-0.0009646014440977679
6.604,-0.02314088814775006
6.605,0.00642749412378633
6.606,0.013819589691670428
6.607,0.002731446339844281
6.608,-0.012052744795923914
6.609,-0.015748792579865965
6.61,-0.019444840363808013
6.611,0.00642749412378633
6.612,0.00642749412378633
6.613,-0.012052744795923914
6.614,0.002731446339844281
6.615,-0.004660649228039817
6.616,-0.0009646014440977679
6.617,-0.004660649228039817
6.618,0.00642749412378633
6.619,-0.008356697011981867
6.62,0.00642749412378633
6.621,0.017515637475612477
6.622,-0.02683693593169211
6.623,-0.012052744795923914
6.624,-0.004660649228039817
6.625,0.00642749412378633
6.626,-0.02683693593169211
6.627,-0.02683693593169211
6.628,-0.012052744795923914
6.629,-0.015748792579865965
6.63,-0.02314088814775006
6.631,0.002731446339844281
6.632,0.00642749412378633
6.633,-0.015748792579865965
6.634,-0.008356697011981867
6.635,-0.008356697011981867
6.636,-0.019444840363808013
6.637,-0.019444840363808013
6.638,0.013819589691670428
6.639,0.013819589691670428
6.64,-0.012052744795923914
6.641,0.002731446339844281
6.642,-0.0009646014440977679
6.643,-0.008356697011981867
6.644,-0.02314088814775006
6.645,0.00642749412378633
6.646,-0.008356697011981867
6.647,-0.0009646014440977679
6.648,-0.019444840363808013
6.649,-0.0009646014440977679
6.65,-0.02314088814775006
6.651,-0.004660649228039817
6.652,-0.02314088814775006
6.653,-0.008356697011981867
6.654,-0.015748792579865965
6.655,-0.008356697011981867
6.656,-0.004660649228039817
6.657,-0.019444840363808013
6.658,-0.0009646014440977679
6.659,-0.008356697011981867
6.66,0.00642749412378633
6.661,0.00642749412378633
6.662,-0.008356697011981867
6.663,-0.004660649228039817
6.664,-0.012052744795923914
6.665,0.002731446339844281
6.666,-0.0009646014440977679
6.667,0.00642749412378633
6.668,-0.02314088814775006
6.669,-0.004660649228039817
6.67,-0.004660649228039817
6.671,0.002731446339844281
6.672,-0.012052744795923914
6.673,-0.015748792579865965
6.674,-0.004660649228039817
6.675,-0.012052744795923914
6.676,-0.004660649228039817
6.677,-0.008356697011981867
6.678,-0.0009646014440977679
6.679,-0.02314088814775006
6.68,0.028603780827438623
6.681,0.03229982861138067
6.682,-0.008356697011981867
6.683,-0.008356697011981867
6.684,-0.015748792579865965
6.685,-0.004660649228039817
6.686,-0.0009646014440977679
6.687,0.002731446339844281
6.688,0.013819589691670428
6.689,-0.008356697011981867
6.69,-0.012052744795923914
6.691,-0.012052744795923914
6.692,0.021211685259554525
6.693,-0.008356697011981867
6.694,0.010123541907728378
6.695,-0.019444840363808013
6.696,0.00642749412378633
6.697,-0.012052744795923914
6.698,-0.008356697011981867
6.699,-0.012052744795923914
6.7,0.002731446339844281
6.701,0.002731446339844281
6.702,-0.008356697011981867
6.703,0.010123541907728378
6.704,0.002731446339844281
6.705,-0.004660649228039817
6.706,-0.012052744795923914
6.707,-0.019444840363808013
6.708,-0.0009646014440977679
6.709,-0.015748792579865965
6.71,-0.012052744795923914
6.711,-0.015748792579865965
6.712,0.017515637475612477
6.713,0.00642749412378633
6.714,-0.008356697011981867
6.715,0.00642749412378633
6.716,-0.0009646014440977679
6.717,-0.03792507928351826
6.718,-0.008356697011981867
6.719,-0.008356697011981867
6.72,-0.012052744795923914
6.721,-0.008356697011981867
6.722,-0.019444840363808013
6.723,-0.004660649228039817
6.724,0.00642749412378633
6.725,-0.004660649228039817
6.726,0.002731446339844281
6.727,-0.02314088814775006
6.728,0.021211685259554525
6.729,-0.008356697011981867
6.73,0.002731446339844281
6.731,-0.0009646014440977679
6.732,0.00642749412378633
6.733,-0.004660649228039817
6.734,-0.008356697011981867
6.735,-0.008356697011981867
6.736,-0.004660649228039817
6.737,-0.004660649228039817
6.738,-0.019444840363808013
6.739,-0.012052744795923914
6.74,-0.008356697011981867
6.741,-0.004660649228039817
6.742,-0.008356697011981867
6.743,-0.015748792579865965
6.744,-0.019444840363808013
6.745,-0.008356697011981867
6.746,0.013819589691670428
6.747,-0.008356697011981867
6.748,-0.019444840363808013
6.749,-0.0009646014440977679
6.75,-0.012052744795923914
6.751,-0.019444840363808013
6.752,-0.012052744795923914
6.753,0.010123541907728378
6.754,-0.012052744795923914
6.755,0.002731446339844281
6.756,-0.004660649228039817
6.757,0.013819589691670428
6.758,0.017515637475612477
6.759,-0.015748792579865965
6.76,-0.015748792579865965
6.761,-0.004660649228039817
6.762,-0.012052744795923914
6.763,-0.03053298371563416
6.764,0.010123541907728378
6.765,-0.03792507928351826
6.766,-0.0009646014440977679
6.767,-0.012052744795923914
6.768,-0.015748792579865965
6.769,-0.02314088814775006
6.77,-0.008356697011981867
6.771,-0.015748792579865965
6.772,-0.008356697011981867
6.773,0.00642749412378633
6.774,0.00642749412378633
6.775,0.013819589691670428
6.776,-0.004660649228039817
6.777,-0.012052744795923914
6.778,-0.004660649228039817
6.779,-0.02314088814775006
6.78,-0.008356697011981867
6.781,0.010123541907728378
6.782,-0.015748792579865965
6.783,-0.0009646014440977679
6.784,-0.004660649228039817
6.785,0.017515637475612477
6.786,0.002731446339844281
6.787,-0.015748792579865965
6.788,-0.004660649228039817
6.789,-0.0009646014440977679
6.79,-0.0009646014440977679
6.791,0.013819589691670428
6.792,-0.008356697011981867
6.793,-0.0009646014440977679
6.794,0.00642749412378633
6.795,0.010123541907728378
6.796,0.002731446339844281
6.797,-0.04162112706746031
6.798,-0.015748792579865965
6.799,-0.019444840363808013
6.8,-0.004660649228039817
6.801,0.00642749412378633
6.802,-0.012052744795923914
6.803,-0.03053298371563416
6.804,-0.019444840363808013
6.805,0.021211685259554525
6.806,-0.008356697011981867
6.807,-0.004660649228039817
6.808,0.021211685259554525
6.809,0.002731446339844281
6.81,0.013819589691670428
6.811,-0.019444840363808013
6.812,-0.019444840363808013
6.813,-0.004660649228039817
6.814,-0.012052744795923914
6.815,-0.015748792579865965
6.816,0.013819589691670428
6.817,-0.004660649228039817
6.818,0.024907733043496576
6.819,-0.012052744795923914
6.82,-0.0009646014440977679
6.821,-0.004660649228039817
6.822,0.002731446339844281
6.823,-0.0009646014440977679
6.824,-0.012052744795923914
6.825,-0.02683693593169211
6.826,-0.015748792579865965
6.827,-0.015748792579865965
6.828,-0.0009646014440977679
6.829,-0.008356697011981867
6.83,-0.0009646014440977679
6.831,-0.0009646014440977679
6.832,0.00642749412378633
6.833,-0.012052744795923914
6.834,-0.015748792579865965
6.835,0.00642749412378633
6.836,0.002731446339844281
6.837,0.010123541907728378
6.838,0.010123541907728378
6.839,0.013819589691670428
6.84,0.010123541907728378
6.841,-0.004660649228039817
6.842,-0.004660649228039817
6.843,-0.012052744795923914
6.844,-0.004660649228039817
6.845,-0.0009646014440977679
6.846,-0.008356697011981867
6.847,0.010123541907728378
6.848,-0.015748792579865965
6.849,-0.004660649228039817
6.85,0.002731446339844281
6.851,-0.008356697011981867
6.852,-0.03053298371563416
6.853,-0.019444840363808013
6.854,-0.004660649228039817
6.855,0.010123541907728378
6.856,0.00642749412378633
6.857,-0.0009646014440977679
6.858,-0.0009646014440977679
6.859,-0.004660649228039817
6.86,-0.0009646014440977679
6.861,-0.012052744795923914
6.862,-0.0009646014440977679
6.863,0.00642749412378633
6.864,0.002731446339844281
6.865,-0.008356697011981867
6.866,0.002731446339844281
6.867,-0.03053298371563416
6.868,-0.012052744795923914
6.869,-0.004660649228039817
6.87,-0.004660649228039817
6.871,-0.015748792579865965
6.872,-0.004660649228039817
6.873,-0.008356697011981867
6.874,-0.015748792579865965
6.875,-0.019444840363808013
6.876,0.00642749412378633
6.877,-0.015748792579865965
6.878,-0.019444840363808013
6.879,-0.008356697011981867
6.88,-0.004660649228039817
6.881,0.010123541907728378
6.882,-0.0009646014440977679
6.883,-0.02314088814775006
6.884,-0.019444840363808013
6.885,-0.008356697011981867
6.886,-0.015748792579865965
6.887,-0.015748792579865965
6.888,0.013819589691670428
6.889,-0.02314088814775006
6.89,-0.015748792579865965
6.891,-0.0009646014440977679
6.892,-0.012052744795923914
6.893,-0.02314088814775006
6.894,-0.008356697011981867
6.895,-0.008356697011981867
6.896,-0.008356697011981867
6.897,-0.004660649228039817
6.898,0.00642749412378633
6.899,-0.0009646014440977679
6.9,0.010123541907728378
6.901,-0.004660649228039817
6.902,-0.004660649228039817
6.903,0.013819589691670428
6.904,-0.0009646014440977679
6.905,-0.008356697011981867
6.906,-0.004660649228039817
6.907,-0.008356697011981867
6.908,0.00642749412378633
6.909,-0.0009646014440977679
6.91,-0.019444840363808013
6.911,-0.004660649228039817
6.912,-0.008356697011981867
6.913,-0.015748792579865965
6.914,-0.015748792579865965
6.915,0.002731446339844281
6.916,-0.02683693593169211
6.917,0.010123541907728378
6.918,0.002731446339844281
6.919,-0.008356697011981867
6.92,-0.008356697011981867
6.921,0.002731446339844281
6.922,-0.008356697011981867
6.923,-0.008356697011981867
6.924,-0.015748792579865965
6.925,-0.019444840363808013
6.926,-0.02314088814775006
6.927,-0.012052744795923914
6.928,0.002731446339844281
6.929,0.00642749412378633
6.93,-0.008356697011981867
6.931,-0.0009646014440977679
6.932,0.010123541907728378
6.933,0.010123541907728378
6.934,-0.019444840363808013
6.935,0.00642749412378633
6.936,-0.0009646014440977679
6.937,-0.004660649228039817
6.938,-0.0009646014440977679
6.939,-0.008356697011981867
6.94,-0.012052744795923914
6.941,-0.008356697011981867
6.942,-0.008356697011981867
6.943,-0.008356697011981867
6.944,-0.004660649228039817
6.945,-0.008356697011981867
6.946,-0.0009646014440977679
6.947,0.002731446339844281
6.948,0.00642749412378633
6.949,-0.004660649228039817
6.95,-0.015748792579865965
6.951,0.00642749412378633
6.952,-0.008356697011981867
6.953,0.013819589691670428
6.954,-0.012052744795923914
6.955,-0.03422903149957621
6.956,0.010123541907728378
6.957,-0.04162112706746031
6.958,-0.012052744795923914
6.959,0.010123541907728378
6.96,-0.008356697011981867
6.961,-0.02683693593169211
6.962,-0.004660649228039817
6.963,-0.008356697011981867
6.964,-0.0009646014440977679
6.965,-0.019444840363808013
6.966,-0.0009646014440977679
6.967,-0.008356697011981867
6.968,0.00642749412378633
6.969,-0.0009646014440977679
6.97,-0.012052744795923914
6.971,-0.02314088814775006
6.972,0.021211685259554525
6.973,-0.012052744795923914
6.974,-0.0009646014440977679
6.975,-0.03053298371563416
6.976,0.00642749412378633
6.977,0.00642749412378633
6.978,-0.004660649228039817
6.979,-0.012052744795923914
6.98,-0.019444840363808013
6.981,-0.02683693593169211
6.982,-0.008356697011981867
6.983,-0.012052744795923914
6.984,-0.004660649228039817
6.985,-0.015748792579865965
6.986,-0.008356697011981867
6.987,-0.0009646014440977679
6.988,-0.0009646014440977679
6.989,0.013819589691670428
6.99,-0.008356697011981867
6.991,-0.008356697011981867
6.992,0.013819589691670428
6.993,-0.015748792579865965
6.994,-0.008356697011981867
6.995,0.002731446339844281
6.996,0.00642749412378633
6.997,0.002731446339844281
6.998,-0.012052744795923914
6.999,-0.0009646014440977679
7.0,-0.008356697011981867
7.001,-0.0009646014440977679
7.002,0.002731446339844281
7.003,-0.015748792579865965
7.004,-0.02314088814775006
7.005,-0.004660649228039817
7.006,-0.015748792579865965
7.007,-0.008356697011981867
7.008,0.002731446339844281
7.009,-0.02683693593169211
7.01,-0.008356697011981867
7.011,0.00642749412378633
7.012,-0.008356697011981867
7.013,-0.0009646014440977679
7.014,-0.0009646014440977679
7.015,-0.008356697011981867
7.016,-0.008356697011981867
7.017,-0.019444840363808013
7.018,0.002731446339844281
7.019,0.002731446339844281
7.02,-0.008356697011981867
7.021,-0.02683693593169211
7.022,-0.012052744795923914
7.023,-0.02683693593169211
7.024,-0.008356697011981867
7.025,-0.019444840363808013
7.026,-0.0009646014440977679
7.027,0.013819589691670428
7.028,-0.015748792579865965
7.029,-0.008356697011981867
7.03,-0.019444840363808013
7.031,-0.012052744795923914
7.032,0.010123541907728378
7.033,0.017515637475612477
7.034,-0.008356697011981867
7.035,-0.015748792579865965
7.036,-0.004660649228039817
7.037,-0.012052744795923914
7.038,-0.008356697011981867
7.039,-0.03792507928351826
7.04,-0.0009646014440977679
7.041,-0.0009646014440977679
7.042,0.010123541907728378
7.043,0.002731446339844281
7.044,0.002731446339844281
7.045,-0.008356697011981867
7.046,-0.0009646014440977679
7.047,-0.015748792579865965
7.048,-0.02683693593169211
7.049,-0.012052744795923914
7.05,-0.0009646014440977679
7.051,-0.004660649228039817
7.052,0.017515637475612477
7.053,-0.012052744795923914
7.054,-0.019444840363808013
7.055,-0.008356697011981867
7.056,-0.008356697011981867
7.057,-0.004660649228039817
7.058,0.002731446339844281
7.059,0.00642749412378633
7.06,-0.004660649228039817
7.061,-0.004660649228039817
7.062,-0.004660649228039817
7.063,0.00642749412378633
7.064,-0.004660649228039817
7.065,-0.008356697011981867
7.066,-0.012052744795923914
7.067,-0.019444840363808013
7.068,0.002731446339844281
7.069,0.00642749412378633
7.07,-0.019444840363808013
7.071,-0.012052744795923914
7.072,-0.004660649228039817
7.073,-0.008356697011981867
7.074,-0.004660649228039817
7.075,-0.008356697011981867
7.076,-0.019444840363808013
7.077,0.010123541907728378
7.078,-0.012052744795923914
7.079,0.021211685259554525
7.08,-0.012052744795923914
7.081,-0.004660649228039817
7.082,-0.0009646014440977679
7.083,-0.04531717485140235
7.084,-0.012052744795923914
7.085,-0.008356697011981867
7.086,-0.0009646014440977679
7.087,-0.012052744795923914
7.088,-0.008356697011981867
7.089,0.002731446339844281
7.09,-0.02314088814775006
7.091,0.002731446339844281
7.092,-0.008356697011981867
7.093,0.002731446339844281
7.094,-0.015748792579865965
7.095,-0.0009646014440977679
7.096,-0.0009646014440977679
7.097,-0.008356697011981867
7.098,-0.012052744795923914
7.099,-0.015748792579865965
7.1,-0.012052744795923914
7.101,0.013819589691670428
7.102,0.002731446339844281
7.103,-0.012052744795923914
7.104,0.002731446339844281
7.105,-0.0009646014440977679
7.106,-0.008356697011981867
7.107,-0.012052744795923914
7.108,-0.008356697011981867
7.109,0.00642749412378633
7.11,-0.019444840363808013
7.111,-0.012052744795923914
7.112,-0.0009646014440977679
7.113,0.017515637475612477
7.114,0.00642749412378633
7.115,-0.015748792579865965
7.116,-0.015748792579865965
7.117,0.010123541907728378
7.118,0.002731446339844281
7.119,0.002731446339844281
7.12,0.010123541907728378
7.121,-0.004660649228039817
7.122,-0.019444840363808013
7.123,-0.008356697011981867
7.124,-0.008356697011981867
7.125,-0.012052744795923914
7.126,0.00642749412378633
7.127,0.002731446339844281
7.128,-0.008356697011981867
7.129,-0.008356697011981867
7.13,0.03229982861138067
7.131,-0.019444840363808013
7.132,0.010123541907728378
7.133,0.021211685259554525
7.134,-0.004660649228039817
7.135,-0.019444840363808013
7.136,-0.0009646014440977679
7.137,-0.012052744795923914
7.138,-0.019444840363808013
7.139,-0.02314088814775006
7.14,-0.008356697011981867
7.141,-0.02314088814775006
7.142,0.002731446339844281
7.143,0.017515637475612477
7.144,-0.004660649228039817
7.145,0.00642749412378633
7.146,-0.012052744795923914
7.147,-0.012052744795923914
7.148,-0.019444840363808013
7.149,0.010123541907728378
7.15,-0.03422903149957621
7.151,0.002731446339844281
7.152,-0.019444840363808013
7.153,-0.012052744795923914
7.154,0.00642749412378633
7.155,0.002731446339844281
7.156,0.00642749412378633
7.157,-0.008356697011981867
7.158,-0.0009646014440977679
7.159,0.017515637475612477
7.16,-0.02683693593169211
7.161,0.013819589691670428
7.162,-0.015748792579865965
7.163,0.00642749412378633
7.164,-0.004660649228039817
7.165,-0.0009646014440977679
7.166,0.010123541907728378
7.167,-0.008356697011981867
7.168,-0.012052744795923914
7.169,-0.0009646014440977679
7.17,-0.012052744795923914
7.171,0.002731446339844281
7.172,0.002731446339844281
7.173,-0.008356697011981867
7.174,-0.02314088814775006
7.175,0.00642749412378633
7.176,-0.004660649228039817
7.177,-0.019444840363808013
7.178,-0.008356697011981867
7.179,0.002731446339844281
7.18,-0.012052744795923914
7.181,0.00642749412378633
7.182,-0.008356697011981867
7.183,-0.0009646014440977679
7.184,-0.004660649228039817
7.185,-0.02314088814775006
7.186,-0.015748792579865965
7.187,-0.008356697011981867
7.188,-0.0009646014440977679
7.189,-0.015748792579865965
7.19,-0.012052744795923914
7.191,0.002731446339844281
7.192,-0.008356697011981867
7.193,-0.0009646014440977679
7.194,-0.004660649228039817
7.195,-0.008356697011981867
7.196,-0.004660649228039817
7.197,-0.019444840363808013
7.198,-0.019444840363808013
7.199,-0.0009646014440977679
7.2,-0.004660649228039817
7.201,0.013819589691670428
7.202,-0.015748792579865965
7.203,0.002731446339844281
7.204,0.021211685259554525
7.205,-0.004660649228039817
7.206,-0.03053298371563416
7.207,-0.004660649228039817
7.208,-0.004660649228039817
7.209,-0.008356697011981867
7.21,-0.02314088814775006
7.211,-0.0009646014440977679
7.212,-0.012052744795923914
7.213,-0.004660649228039817
7.214,-0.0009646014440977679
7.215,0.002731446339844281
7.216,0.010123541907728378
7.217,0.002731446339844281
7.218,0.002731446339844281
7.219,-0.008356697011981867
7.22,0.010123541907728378
7.221,-0.0009646014440977679
7.222,-0.0009646014440977679
7.223,-0.004660649228039817
7.224,-0.012052744795923914
7.225,0.010123541907728378
7.226,-0.004660649228039817
7.227,-0.008356697011981867
7.228,-0.02314088814775006
7.229,-0.012052744795923914
7.23,-0.012052744795923914
7.231,0.010123541907728378
7.232,0.013819589691670428
7.233,0.013819589691670428
7.234,0.00642749412378633
7.235,0.013819589691670428
7.236,0.010123541907728378
7.237,-0.012052744795923914
7.238,-0.0009646014440977679
7.239,-0.02683693593169211
7.24,-0.0009646014440977679
7.241,-0.015748792579865965
7.242,0.013819589691670428
7.243,-0.015748792579865965
7.244,-0.008356697011981867
7.245,-0.0009646014440977679
7.246,-0.004660649228039817
7.247,-0.0009646014440977679
7.248,-0.004660649228039817
7.249,-0.004660649228039817
7.25,-0.008356697011981867
7.251,0.002731446339844281
7.252,0.010123541907728378
7.253,-0.02314088814775006
7.254,-0.02314088814775006
7.255,-0.008356697011981867
7.256,-0.0009646014440977679
7.257,-0.004660649228039817
7.258,-0.0009646014440977679
7.259,-0.004660649228039817
7.26,-0.008356697011981867
7.261,-0.012052744795923914
7.262,0.00642749412378633
7.263,-0.03053298371563416
7.264,-0.019444840363808013
7.265,-0.015748792579865965
7.266,-0.02314088814775006
7.267,-0.0009646014440977679
7.268,-0.012052744795923914
7.269,0.00642749412378633
7.27,-0.004660649228039817
7.271,-0.019444840363808013
7.272,-0.004660649228039817
7.273,0.024907733043496576
7.274,0.00642749412378633
7.275,-0.0009646014440977679
7.276,0.00642749412378633
7.277,-0.0009646014440977679
7.278,-0.0009646014440977679
7.279,-0.0009646014440977679
7.28,-0.015748792579865965
7.281,-0.008356697011981867
7.282,-0.008356697011981867
7.283,-0.0009646014440977679
7.284,0.002731446339844281
7.285,0.00642749412378633
7.286,0.002731446339844281
7.287,-0.004660649228039817
7.288,-0.004660649228039817
7.289,0.002731446339844281
7.29,-0.0009646014440977679
7.291,-0.015748792579865965
7.292,-0.019444840363808013
7.293,-0.008356697011981867
7.294,-0.008356697011981867
7.295,-0.012052744795923914
7.296,-0.015748792579865965
7.297,0.021211685259554525
7.298,-0.02683693593169211
7.299,-0.004660649228039817
7.3,-0.012052744795923914
7.301,-0.012052744795923914
7.302,0.010123541907728378
7.303,-0.0009646014440977679
7.304,-0.012052744795923914
7.305,-0.019444840363808013
7.306,-0.008356697011981867
7.307,0.013819589691670428
7.308,-0.004660649228039817
7.309,-0.0009646014440977679
7.31,-0.02314088814775006
7.311,-0.019444840363808013
7.312,-0.0009646014440977679
7.313,0.002731446339844281
7.314,-0.015748792579865965
7.315,0.002731446339844281
7.316,-0.004660649228039817
7.317,-0.04531717485140235
7.318,-0.004660649228039817
7.319,-0.0009646014440977679
7.32,-0.004660649228039817
7.321,-0.004660649228039817
7.322,-0.0009646014440977679
7.323,-0.004660649228039817
7.324,-0.019444840363808013
7.325,-0.008356697011981867
7.326,0.002731446339844281
7.327,-0.004660649228039817
7.328,-0.008356697011981867
7.329,-0.02683693593169211
7.33,-0.0009646014440977679
7.331,-0.012052744795923914
7.332,0.00642749412378633
7.333,-0.008356697011981867
7.334,-0.03053298371563416
7.335,-0.0009646014440977679
7.336,-0.0009646014440977679
7.337,-0.0009646014440977679
7.338,-0.012052744795923914
7.339,0.002731446339844281
7.34,-0.008356697011981867
7.341,0.002731446339844281
7.342,-0.008356697011981867
7.343,0.00642749412378633
7.344,0.00642749412378633
7.345,-0.02683693593169211
7.346,-0.03053298371563416
7.347,-0.0009646014440977679
7.348,-0.02314088814775006
7.349,0.002731446339844281
7.35,-0.02314088814775006
7.351,-0.019444840363808013
7.352,-0.03422903149957621
7.353,-0.004660649228039817
7.354,-0.0009646014440977679
7.355,-0.0009646014440977679
7.356,0.00642749412378633
7.357,-0.008356697011981867
7.358,-0.008356697011981867
7.359,-0.015748792579865965
7.36,-0.008356697011981867
7.361,-0.008356697011981867
7.362,0.00642749412378633
7.363,-0.012052744795923914
7.364,-0.019444840363808013
7.365,0.010123541907728378
7.366,0.002731446339844281
7.367,-0.019444840363808013
7.368,-0.004660649228039817
7.369,-0.0009646014440977679
7.37,0.013819589691670428
7.371,-0.015748792579865965
7.372,0.03229982861138067
7.373,-0.004660649228039817
7.374,-0.0009646014440977679
7.375,-0.0009646014440977679
7.376,-0.02314088814775006
7.377,-0.019444840363808013
7.378,-0.0009646014440977679
7.379,-0.008356697011981867
7.38,-0.008356697011981867
7.381,-0.008356697011981867
7.382,0.00642749412378633
7.383,-0.004660649228039817
7.384,-0.019444840363808013
7.385,-0.004660649228039817
7.386,-0.008356697011981867
7.387,0.002731446339844281
7.388,-0.012052744795923914
7.389,0.010123541907728378
7.39,-0.008356697011981867
7.391,-0.012052744795923914
7.392,0.010123541907728378
7.393,0.013819589691670428
7.394,-0.015748792579865965
7.395,0.002731446339844281
7.396,-0.004660649228039817
7.397,-0.02314088814775006
7.398,0.010123541907728378
7.399,-0.012052744795923914
7.4,0.00642749412378633
7.401,0.00642749412378633
7.402,0.010123541907728378
7.403,-0.015748792579865965
7.404,-0.019444840363808013
7.405,0.002731446339844281
7.406,-0.015748792579865965
7.407,-0.004660649228039817
7.408,0.010123541907728378
7.409,-0.0009646014440977679
7.41,0.00642749412378633
7.411,0.010123541907728378
7.412,0.00642749412378633
7.413,-0.0009646014440977679
7.414,-0.02314088814775006
7.415,-0.008356697011981867
7.416,-0.0009646014440977679
7.417,-0.004660649228039817
7.418,-0.012052744795923914
7.419,-0.02683693593169211
7.42,-0.0009646014440977679
7.421,0.002731446339844281
7.422,-0.008356697011981867
7.423,0.024907733043496576
7.424,0.00642749412378633
7.425,-0.004660649228039817
7.426,-0.004660649228039817
7.427,-0.012052744795923914
7.428,-0.008356697011981867
7.429,-0.008356697011981867
7.43,-0.015748792579865965
7.431,0.024907733043496576
7.432,-0.019444840363808013
7.433,-0.015748792579865965
7.434,0.010123541907728378
7.435,-0.0009646014440977679
7.436,-0.019444840363808013
7.437,-0.012052744795923914
7.438,-0.015748792579865965
7.439,0.013819589691670428
7.44,-0.02314088814775006
7.441,-0.012052744795923914
7.442,-0.02314088814775006
7.443,-0.004660649228039817
7.444,0.017515637475612477
7.445,-0.02314088814775006
7.446,-0.015748792579865965
7.447,-0.012052744795923914
7.448,-0.008356697011981867
7.449,-0.03053298371563416
7.45,-0.0009646014440977679
7.451,0.002731446339844281
7.452,-0.019444840363808013
7.453,-0.02314088814775006
7.454,0.002731446339844281
7.455,0.010123541907728378
7.456,-0.0009646014440977679
7.457,-0.03053298371563416
7.458,-0.03053298371563416
7.459,0.010123541907728378
7.46,-0.0009646014440977679
7.461,-0.012052744795923914
7.462,-0.03422903149957621
7.463,-0.012052744795923914
7.464,0.00642749412378633
7.465,-0.0009646014440977679
7.466,0.002731446339844281
7.467,-0.02314088814775006
7.468,0.00642749412378633
7.469,-0.008356697011981867
7.47,-0.008356697011981867
7.471,0.00642749412378633
7.472,-0.0009646014440977679
7.473,0.00642749412378633
7.474,-0.012052744795923914
7.475,-0.008356697011981867
7.476,-0.008356697011981867
7.477,0.002731446339844281
7.478,-0.012052744795923914
7.479,-0.019444840363808013
7.48,-0.019444840363808013
7.481,0.002731446339844281
7.482,-0.03053298371563416
7.483,0.002731446339844281
7.484,-0.02314088814775006
7.485,-0.004660649228039817
7.486,-0.012052744795923914
7.487,-0.03422903149957621
7.488,-0.015748792579865965
7.489,0.00642749412378633
7.49,0.00642749412378633
7.491,0.00642749412378633
7.492,-0.012052744795923914
7.493,-0.004660649228039817
7.494,0.002731446339844281
7.495,-0.015748792579865965
7.496,-0.0009646014440977679
7.497,-0.0009646014440977679
7.498,-0.004660649228039817
7.499,-0.012052744795923914
7.5,-0.004660649228039817
7.501,-0.019444840363808013
7.502,-0.004660649228039817
7.503,-0.008356697011981867
7.504,-0.02314088814775006
7.505,-0.004660649228039817
7.506,-0.012052744795923914
7.507,-0.008356697011981867
7.508,-0.015748792579865965
7.509,0.00642749412378633
7.51,-0.015748792579865965
7.511,-0.008356697011981867
7.512,0.002731446339844281
7.513,0.00642749412378633
7.514,-0.015748792579865965
7.515,-0.004660649228039817
7.516,-0.004660649228039817
7.517,0.002731446339844281
7.518,-0.015748792579865965
7.519,-0.0009646014440977679
7.52,-0.0009646014440977679
7.521,-0.004660649228039817
7.522,-0.015748792579865965
7.523,-0.0009646014440977679
7.524,-0.0009646014440977679
7.525,-0.019444840363808013
7.526,-0.012052744795923914
7.527,-0.019444840363808013
7.528,-0.004660649228039817
7.529,-0.0009646014440977679
7.53,-0.012052744795923914
7.531,0.017515637475612477
7.532,-0.012052744795923914
7.533,0.00642749412378633
7.534,-0.008356697011981867
7.535,-0.008356697011981867
7.536,-0.019444840363808013
7.537,0.010123541907728378
7.538,-0.012052744795923914
7.539,0.013819589691670428
7.54,-0.012052744795923914
7.541,0.00642749412378633
7.542,-0.015748792579865965
7.543,-0.004660649228039817
7.544,0.002731446339844281
7.545,-0.004660649228039817
7.546,-0.004660649228039817
7.547,-0.012052744795923914
7.548,-0.02314088814775006
7.549,-0.02314088814775006
7.55,0.017515637475612477
7.551,-0.019444840363808013
7.552,0.013819589691670428
7.553,-0.03422903149957621
7.554,0.010123541907728378
7.555,-0.019444840363808013
7.556,0.017515637475612477
7.557,-0.015748792579865965
7.558,-0.0009646014440977679
7.559,0.00642749412378633
7.56,-0.02314088814775006
7.561,-0.004660649228039817
7.562,-0.008356697011981867
7.563,-0.019444840363808013
7.564,0.002731446339844281
7.565,-0.0009646014440977679
7.566,-0.004660649228039817
7.567,0.00642749412378633
7.568,0.00642749412378633
7.569,-0.019444840363808013
7.57,-0.008356697011981867
7.571,-0.008356697011981867
7.572,-0.012052744795923914
7.573,-0.004660649228039817
7.574,-0.008356697011981867
7.575,-0.02683693593169211
7.576,-0.012052744795923914
7.577,-0.008356697011981867
7.578,-0.012052744795923914
7.579,-0.008356697011981867
7.58,0.010123541907728378
7.581,-0.012052744795923914
7.582,-0.0009646014440977679
7.583,-0.02683693593169211
7.584,-0.0009646014440977679
7.585,-0.008356697011981867
7.586,-0.02683693593169211
7.587,-0.008356697011981867
7.588,0.00642749412378633
7.589,-0.02314088814775006
7.59,0.00642749412378633
7.591,0.00642749412378633
7.592,-0.012052744795923914
7.593,-0.008356697011981867
7.594,-0.004660649228039817
7.595,0.00642749412378633
7.596,0.00642749412378633
7.597,0.002731446339844281
7.598,-0.008356697011981867
7.599,0.00642749412378633
7.6,-0.03422903149957621
7.601,-0.03053298371563416
7.602,-0.012052744795923914
7.603,-0.019444840363808013
7.604,-0.02314088814775006
7.605,-0.012052744795923914
7.606,0.00642749412378633
7.607,-0.004660649228039817
7.608,0.021211685259554525
7.609,-0.019444840363808013
7.61,-0.019444840363808013
7.611,-0.02314088814775006
7.612,-0.02314088814775006
7.613,0.013819589691670428
7.614,0.013819589691670428
7.615,-0.0009646014440977679
7.616,-0.0009646014440977679
7.617,0.010123541907728378
7.618,-0.008356697011981867
7.619,0.002731446339844281
7.62,-0.008356697011981867
7.621,0.002731446339844281
7.622,0.002731446339844281
7.623,-0.0009646014440977679
7.624,-0.0009646014440977679
7.625,-0.012052744795923914
7.626,-0.012052744795923914
7.627,-0.0009646014440977679
7.628,-0.012052744795923914
7.629,0.021211685259554525
7.63,-0.008356697011981867
7.631,0.002731446339844281
7.632,0.013819589691670428
7.633,-0.015748792579865965
7.634,-0.019444840363808013
7.635,-0.019444840363808013
7.636,-0.015748792579865965
7.637,-0.004660649228039817
7.638,-0.008356697011981867
7.639,-0.02683693593169211
7.64,-0.015748792579865965
7.641,-0.004660649228039817
7.642,-0.019444840363808013
7.643,0.00642749412378633
7.644,0.017515637475612477
7.645,0.013819589691670428
7.646,0.017515637475612477
7.647,-0.0009646014440977679
7.648,-0.012052744795923914
7.649,-0.019444840363808013
7.65,0.002731446339844281
7.651,0.010123541907728378
7.652,-0.012052744795923914
7.653,-0.012052744795923914
7.654,-0.012052744795923914
7.655,-0.049013222635344404
7.656,-0.02683693593169211
7.657,0.017515637475612477
7.658,-0.019444840363808013
7.659,-0.008356697011981867
7.66,-0.008356697011981867
7.661,0.013819589691670428
7.662,-0.02314088814775006
7.663,-0.008356697011981867
7.664,0.002731446339844281
7.665,-0.0009646014440977679
7.666,-0.019444840363808013
7.667,-0.03792507928351826
7.668,-0.0009646014440977679
7.669,-0.02683693593169211
7.67,-0.008356697011981867
7.671,-0.02683693593169211
7.672,0.002731446339844281
7.673,-0.008356697011981867
7.674,-0.012052744795923914
7.675,0.002731446339844281
7.676,0.010123541907728378
7.677,-0.019444840363808013
7.678,-0.015748792579865965
7.679,-0.019444840363808013
7.68,-0.019444840363808013
7.681,-0.008356697011981867
7.682,0.002731446339844281
7.683,0.00642749412378633
7.684,-0.02314088814775006
7.685,0.013819589691670428
7.686,-0.02683693593169211
7.687,0.00642749412378633
7.688,-0.008356697011981867
7.689,-0.0009646014440977679
7.69,-0.0009646014440977679
7.691,-0.008356697011981867
7.692,0.00642749412378633
7.693,-0.012052744795923914
7.694,-0.015748792579865965
7.695,0.010123541907728378
7.696,-0.008356697011981867
7.697,0.002731446339844281
7.698,0.002731446339844281
7.699,-0.004660649228039817
7.7,-0.008356697011981867
7.701,-0.012052744795923914
7.702,-0.0009646014440977679
7.703,-0.019444840363808013
7.704,0.013819589691670428
7.705,-0.012052744795923914
7.706,-0.012052744795923914
7.707,0.002731446339844281
7.708,0.002731446339844281
7.709,-0.015748792579865965
7.71,-0.012052744795923914
7.711,-0.004660649228039817
7.712,-0.008356697011981867
7.713,0.002731446339844281
7.714,0.00642749412378633
7.715,0.00642749412378633
7.716,0.002731446339844281
7.717,0.00642749412378633
7.718,-0.004660649228039817
7.719,-0.008356697011981867
7.72,-0.008356697011981867
7.721,-0.015748792579865965
7.722,0.00642749412378633
7.723,-0.004660649228039817
7.724,-0.02683693593169211
7.725,0.013819589691670428
7.726,-0.02314088814775006
7.727,0.00642749412378633
7.728,-0.012052744795923914
7.729,-0.02683693593169211
7.73,-0.004660649228039817
7.731,-0.02683693593169211
7.732,-0.0009646014440977679
7.733,-0.0009646014440977679
7.734,-0.0009646014440977679
7.735,-0.008356697011981867
7.736,-0.0009646014440977679
7.737,-0.02314088814775006
7.738,0.002731446339844281
7.739,0.002731446339844281
7.74,0.021211685259554525
7.741,-0.02683693593169211
7.742,0.00642749412378633
7.743,-0.02683693593169211
7.744,0.00642749412378633
7.745,-0.019444840363808013
7.746,0.010123541907728378
7.747,0.010123541907728378
7.748,0.002731446339844281
7.749,0.00642749412378633
7.75,-0.008356697011981867
7.751,-0.019444840363808013
7.752,-0.012052744795923914
7.753,0.002731446339844281
7.754,-0.015748792579865965
7.755,-0.012052744795923914
7.756,0.002731446339844281
7.757,-0.012052744795923914
7.758,0.00642749412378633
7.759,-0.0009646014440977679
7.76,-0.008356697011981867
7.761,0.002731446339844281
7.762,-0.012052744795923914
7.763,0.00642749412378633
7.764,0.002731446339844281
7.765,-0.04162112706746031
7.766,-0.008356697011981867
7.767,-0.015748792579865965
7.768,-0.012052744795923914
7.769,-0.019444840363808013
7.77,-0.012052744795923914
7.771,-0.019444840363808013
7.772,0.002731446339844281
7.773,-0.015748792579865965
7.774,0.00642749412378633
7.775,0.010123541907728378
7.776,-0.008356697011981867
7.777,-0.008356697011981867
7.778,-0.015748792579865965
7.779,0.00642749412378633
7.78,-0.02314088814775006
7.781,-0.008356697011981867
7.782,-0.012052744795923914
7.783,-0.008356697011981867
7.784,-0.0009646014440977679
7.785,0.013819589691670428
7.786,-0.004660649228039817
7.787,-0.012052744795923914
7.788,-0.012052744795923914
7.789,-0.012052744795923914
7.79,0.017515637475612477
7.791,-0.03422903149957621
7.792,-0.008356697011981867
7.793,-0.004660649228039817
7.794,-0.008356697011981867
7.795,-0.0009646014440977679
7.796,0.010123541907728378
7.797,-0.015748792579865965
7.798,-0.02683693593169211
7.799,0.00642749412378633
7.8,0.017515637475612477
7.801,0.00642749412378633
7.802,-0.004660649228039817
7.803,-0.0009646014440977679
7.804,-0.02314088814775006
7.805,0.002731446339844281
7.806,-0.0009646014440977679
7.807,0.002731446339844281
7.808,-0.019444840363808013
7.809,-0.008356697011981867
7.81,0.002731446339844281
7.811,0.021211685259554525
7.812,-0.03422903149957621
7.813,-0.02314088814775006
7.814,-0.004660649228039817
7.815,-0.004660649228039817
7.816,0.00642749412378633
7.817,0.00642749412378633
7.818,-0.004660649228039817
7.819,-0.015748792579865965
7.82,-0.015748792579865965
7.821,-0.0009646014440977679
7.822,-0.02683693593169211
7.823,-0.0009646014440977679
7.824,-0.0009646014440977679
7.825,-0.0009646014440977679
7.826,-0.0009646014440977679
7.827,0.00642749412378633
7.828,-0.015748792579865965
7.829,0.002731446339844281
7.83,0.002731446339844281
7.831,-0.004660649228039817
7.832,0.00642749412378633
7.833,-0.0009646014440977679
7.834,-0.004660649228039817
7.835,-0.012052744795923914
7.836,-0.012052744795923914
7.837,-0.0009646014440977679
7.838,0.013819589691670428
7.839,-0.012052744795923914
7.84,-0.0009646014440977679
7.841,0.00642749412378633
7.842,-0.0009646014440977679
7.843,-0.008356697011981867
7.844,-0.004660649228039817
7.845,-0.004660649228039817
7.846,0.010123541907728378
7.847,0.00642749412378633
7.848,-0.02314088814775006
7.849,-0.015748792579865965
7.85,0.010123541907728378
7.851,-0.004660649228039817
7.852,0.002731446339844281
7.853,-0.015748792579865965
7.854,-0.019444840363808013
7.855,0.002731446339844281
7.856,-0.019444840363808013
7.857,-0.03422903149957621
7.858,-0.008356697011981867
7.859,-0.02314088814775006
7.86,-0.015748792579865965
7.861,-0.004660649228039817
7.862,-0.012052744795923914
7.863,-0.008356697011981867
7.864,-0.004660649228039817
7.865,-0.004660649228039817
7.866,0.021211685259554525
7.867,-0.012052744795923914
7.868,-0.019444840363808013
7.869,0.002731446339844281
7.87,0.00642749412378633
7.871,-0.004660649228039817
7.872,-0.0009646014440977679
7.873,-0.019444840363808013
7.874,-0.02314088814775006
7.875,-0.03053298371563416
7.876,0.002731446339844281
7.877,0.002731446339844281
7.878,0.010123541907728378
7.879,-0.008356697011981867
7.88,-0.015748792579865965
7.881,-0.008356697011981867
7.882,-0.008356697011981867
7.883,-0.0009646014440977679
7.884,0.00642749412378633
7.885,0.010123541907728378
7.886,-0.012052744795923914
7.887,-0.015748792579865965
7.888,0.00642749412378633
7.889,-0.02314088814775006
7.89,0.010123541907728378
7.891,-0.012052744795923914
7.892,-0.02314088814775006
7.893,-0.0009646014440977679
7.894,-0.008356697011981867
7.895,-0.0009646014440977679
7.896,-0.012052744795923914
7.897,0.002731446339844281
7.898,0.002731446339844281
7.899,-0.015748792579865965
7.9,-0.004660649228039817
7.901,-0.0009646014440977679
7.902,-0.015748792579865965
7.903,0.013819589691670428
7.904,-0.012052744795923914
7.905,-0.004660649228039817
7.906,-0.019444840363808013
7.907,-0.008356697011981867
7.908,-0.019444840363808013
7.909,0.00642749412378633
7.91,-0.008356697011981867
7.911,-0.0009646014440977679
7.912,-0.012052744795923914
7.913,-0.012052744795923914
7.914,-0.0009646014440977679
7.915,-0.0009646014440977679
7.916,-0.008356697011981867
7.917,-0.019444840363808013
7.918,0.002731446339844281
7.919,-0.015748792579865965
7.92,-0.02314088814775006
7.921,0.002731446339844281
7.922,-0.03792507928351826
7.923,-0.019444840363808013
7.924,-0.02314088814775006
7.925,-0.004660649228039817
7.926,0.017515637475612477
7.927,0.002731446339844281
7.928,0.002731446339844281
7.929,-0.012052744795923914
7.93,-0.004660649228039817
7.931,-0.019444840363808013
7.932,-0.0009646014440977679
7.933,0.00642749412378633
7.934,-0.004660649228039817
7.935,-0.008356697011981867
7.936,-0.004660649228039817
7.937,-0.004660649228039817
7.938,-0.015748792579865965
7.939,-0.03053298371563416
7.94,-0.0009646014440977679
7.941,-0.0009646014440977679
7.942,-0.008356697011981867
7.943,-0.004660649228039817
7.944,0.00642749412378633
7.945,-0.004660649228039817
7.946,-0.008356697011981867
7.947,-0.02683693593169211
7.948,-0.004660649228039817
7.949,-0.03053298371563416
7.95,-0.012052744795923914
7.951,-0.004660649228039817
7.952,0.002731446339844281
7.953,0.021211685259554525
7.954,0.00642749412378633
7.955,-0.004660649228039817
7.956,-0.012052744795923914
7.957,-0.008356697011981867
7.958,0.002731446339844281
7.959,0.00642749412378633
7.96,-0.004660649228039817
7.961,-0.019444840363808013
7.962,-0.019444840363808013
7.963,0.002731446339844281
7.964,0.010123541907728378
7.965,-0.015748792579865965
7.966,-0.019444840363808013
7.967,0.024907733043496576
7.968,-0.012052744795923914
7.969,-0.03422903149957621
7.97,0.00642749412378633
7.971,-0.004660649228039817
7.972,-0.0009646014440977679
7.973,0.00642749412378633
7.974,-0.004660649228039817
7.975,-0.02314088814775006
7.976,-0.008356697011981867
7.977,-0.012052744795923914
7.978,0.002731446339844281
7.979,0.010123541907728378
7.98,0.010123541907728378
7.981,-0.004660649228039817
7.982,-0.012052744795923914
7.983,-0.004660649228039817
7.984,-0.02314088814775006
7.985,-0.004660649228039817
7.986,-0.019444840363808013
7.987,-0.02314088814775006
7.988,0.017515637475612477
7.989,-0.004660649228039817
7.99,-0.0009646014440977679
7.991,0.002731446339844281
7.992,-0.004660649228039817
7.993,-0.019444840363808013
7.994,-0.008356697011981867
7.995,-0.012052744795923914
7.996,0.00642749412378633
7.997,0.013819589691670428
7.998,0.002731446339844281
7.999,0.013819589691670428
8.0,-0.012052744795923914
8.001,0.013819589691670428
8.002,-0.012052744795923914
8.003,-0.004660649228039817
8.004,-0.008356697011981867
8.005,-0.0009646014440977679
8.006,0.013819589691670428
8.007,-0.02314088814775006
8.008,-0.015748792579865965
8.009,-0.012052744795923914
8.01,-0.019444840363808013
8.011,0.010123541907728378
8.012,0.010123541907728378
8.013,-0.019444840363808013
8.014,-0.012052744795923914
8.015,-0.008356697011981867
8.016,-0.012052744795923914
8.017,0.00642749412378633
8.018,-0.008356697011981867
8.019,-0.004660649228039817
8.02,-0.004660649228039817
8.021,0.002731446339844281
8.022,-0.019444840363808013
8.023,-0.0009646014440977679
8.024,-0.012052744795923914
8.025,-0.004660649228039817
8.026,0.013819589691670428
8.027,-0.0009646014440977679
8.028,-0.012052744795923914
8.029,0.00642749412378633
8.03,-0.004660649228039817
8.031,-0.0009646014440977679
8.032,0.002731446339844281
8.033,0.00642749412378633
8.034,0.010123541907728378
8.035,0.002731446339844281
8.036,-0.015748792579865965
8.037,0.00642749412378633
8.038,-0.008356697011981867
8.039,-0.015748792579865965
8.04,-0.008356697011981867
8.041,-0.015748792579865965
8.042,-0.008356697011981867
8.043,-0.008356697011981867
8.044,0.017515637475612477
8.045,-0.0009646014440977679
8.046,-0.015748792579865965
8.047,-0.0009646014440977679
8.048,-0.012052744795923914
8.049,0.017515637475612477
8.05,-0.02683693593169211
8.051,-0.008356697011981867
8.052,-0.019444840363808013
8.053,-0.0009646014440977679
8.054,0.010123541907728378
8.055,-0.019444840363808013
8.056,-0.015748792579865965
8.057,-0.004660649228039817
8.058,-0.008356697011981867
8.059,-0.02314088814775006
8.06,-0.015748792579865965
8.061,-0.004660649228039817
8.062,0.00642749412378633
8.063,-0.0009646014440977679
8.064,0.002731446339844281
8.065,0.010123541907728378
8.066,-0.015748792579865965
8.067,0.010123541907728378
8.068,-0.008356697011981867
8.069,0.002731446339844281
8.07,0.00642749412378633
8.071,-0.012052744795923914
8.072,-0.004660649228039817
8.073,-0.0009646014440977679
8.074,-0.015748792579865965
8.075,-0.02314088814775006
8.076,-0.0009646014440977679
8.077,-0.008356697011981867
8.078,0.002731446339844281
8.079,-0.02683693593169211
8.08,-0.02314088814775006
8.081,-0.0009646014440977679
8.082,0.002731446339844281
8.083,-0.008356697011981867
8.084,-0.019444840363808013
8.085,-0.015748792579865965
8.086,-0.02683693593169211
8.087,-0.02314088814775006
8.088,-0.008356697011981867
8.089,-0.004660649228039817
8.09,-0.02314088814775006
8.091,-0.012052744795923914
8.092,-0.012052744795923914
8.093,-0.012052744795923914
8.094,-0.008356697011981867
8.095,-0.015748792579865965
8.096,0.017515637475612477
8.097,0.010123541907728378
8.098,0.010123541907728378
8.099,0.002731446339844281
8.1,-0.019444840363808013
8.101,-0.015748792579865965
8.102,0.021211685259554525
8.103,-0.012052744795923914
8.104,-0.012052744795923914
8.105,-0.02314088814775006
8.106,-0.008356697011981867
8.107,-0.0009646014440977679
8.108,-0.015748792579865965
8.109,-0.004660649228039817
8.11,-0.008356697011981867
8.111,-0.004660649228039817
8.112,-0.015748792579865965
8.113,-0.008356697011981867
8.114,-0.0009646014440977679
8.115,-0.012052744795923914
8.116,0.00642749412378633
8.117,-0.012052744795923914
8.118,-0.0009646014440977679
8.119,-0.0009646014440977679
8.12,-0.02683693593169211
8.121,-0.008356697011981867
8.122,-0.008356697011981867
8.123,-0.008356697011981867
8.124,-0.0009646014440977679
8.125,0.002731446339844281
8.126,-0.015748792579865965
8.127,-0.015748792579865965
8.128,-0.012052744795923914
8.129,-0.008356697011981867
8.13,-0.02683693593169211
8.131,0.010123541907728378
8.132,-0.008356697011981867
8.133,0.010123541907728378
8.134,-0.004660649228039817
8.135,-0.012052744795923914
8.136,-0.019444840363808013
8.137,-0.004660649228039817
8.138,-0.004660649228039817
8.139,-0.015748792579865965
8.14,-0.02314088814775006
8.141,-0.004660649228039817
8.142,-0.004660649228039817
8.143,-0.008356697011981867
8.144,0.010123541907728378
8.145,-0.015748792579865965
8.146,-0.004660649228039817
8.147,-0.015748792579865965
8.148,0.002731446339844281
8.149,0.002731446339844281
8.15,0.00642749412378633
8.151,-0.04162112706746031
8.152,-0.008356697011981867
8.153,0.002731446339844281
8.154,-0.02314088814775006
8.155,-0.012052744795923914
8.156,0.010123541907728378
8.157,-0.04531717485140235
8.158,-0.004660649228039817
8.159,-0.019444840363808013
8.16,-0.004660649228039817
8.161,-0.008356697011981867
8.162,-0.019444840363808013
8.163,-0.015748792579865965
8.164,-0.008356697011981867
8.165,-0.03053298371563416
8.166,-0.012052744795923914
8.167,0.002731446339844281
8.168,-0.02683693593169211
8.169,-0.012052744795923914
8.17,-0.0009646014440977679
8.171,-0.019444840363808013
8.172,-0.008356697011981867
8.173,-0.0009646014440977679
8.174,0.002731446339844281
8.175,0.002731446339844281
8.176,-0.015748792579865965
8.177,0.002731446339844281
8.178,-0.0009646014440977679
8.179,-0.019444840363808013
8.18,0.021211685259554525
8.181,-0.03053298371563416
8.182,0.002731446339844281
8.183,-0.004660649228039817
8.184,0.010123541907728378
8.185,-0.015748792579865965
8.186,0.024907733043496576
8.187,-0.008356697011981867
8.188,0.017515637475612477
8.189,0.002731446339844281
8.19,-0.019444840363808013
8.191,-0.019444840363808013
