Time (s),Voltage (V)
0.0,-0.02314088814775006
0.001,0.00642749412378633
0.002,0.00642749412378633
0.003,-0.015748792579865965
0.004,-0.0009646014440977679
0.005,-0.008356697011981867
0.006,-0.004660649228039817
0.007,0.00642749412378633
0.008,-0.008356697011981867
0.009,-0.015748792579865965
0.01,0.002731446339844281
0.011,0.017515637475612477
0.012,-0.012052744795923914
0.013,-0.019444840363808013
0.014,-0.02314088814775006
0.015,-0.004660649228039817
0.016,-0.012052744795923914
0.017,0.00642749412378633
0.018,0.00642749412378633
0.019,-0.008356697011981867
0.02,-0.019444840363808013
0.021,-0.008356697011981867
0.022,-0.004660649228039817
0.023,-0.02683693593169211
0.024,-0.008356697011981867
0.025,-0.019444840363808013
0.026,0.002731446339844281
0.027,-0.008356697011981867
0.028,-0.0009646014440977679
0.029,-0.004660649228039817
0.03,-0.012052744795923914
0.031,-0.015748792579865965
0.032,0.013819589691670428
0.033,0.002731446339844281
0.034,-0.008356697011981867
0.035,0.002731446339844281
0.036,-0.008356697011981867
0.037,-0.0009646014440977679
0.038,-0.0009646014440977679
0.039,-0.008356697011981867
0.04,-0.019444840363808013
0.041,0.002731446339844281
0.042,-0.012052744795923914
0.043,-0.0009646014440977679
0.044,-0.004660649228039817
0.045,-0.02314088814775006
0.046,-0.019444840363808013
0.047,-0.02314088814775006
0.048,0.00642749412378633
0.049,-0.008356697011981867
0.05,-0.008356697011981867
0.051,0.00642749412378633
0.052,-0.02683693593169211
0.053,-0.008356697011981867
0.054,-0.012052744795923914
0.055,0.002731446339844281
0.056,-0.008356697011981867
0.057,-0.02683693593169211
0.058,-0.019444840363808013
0.059,-0.0009646014440977679
0.06,0.021211685259554525
0.061,-0.02683693593169211
0.062,-0.0009646014440977679
0.063,-0.0009646014440977679
0.064,-0.015748792579865965
0.065,0.021211685259554525
0.066,-0.015748792579865965
0.067,-0.02314088814775006
0.068,-0.008356697011981867
0.069,-0.03053298371563416
0.07,-0.019444840363808013
0.071,-0.015748792579865965
0.072,-0.0009646014440977679
0.073,-0.012052744795923914
0.074,-0.0009646014440977679
0.075,-0.02314088814775006
0.076,0.010123541907728378
0.077,0.00642749412378633
0.078,-0.012052744795923914
0.079,-0.0009646014440977679
0.08,-0.008356697011981867
0.081,-0.008356697011981867
0.082,-0.008356697011981867
0.083,0.021211685259554525
0.084,-0.012052744795923914
0.085,-0.012052744795923914
0.086,0.010123541907728378
0.087,-0.012052744795923914
0.088,-0.008356697011981867
0.089,-0.015748792579865965
0.09,-0.004660649228039817
0.091,-0.015748792579865965
0.092,-0.015748792579865965
0.093,-0.012052744795923914
0.094,-0.02314088814775006
0.095,-0.012052744795923914
0.096,0.00642749412378633
0.097,-0.019444840363808013
0.098,-0.012052744795923914
0.099,-0.0009646014440977679
0.1,-0.03422903149957621
0.101,-0.019444840363808013
0.102,-0.0009646014440977679
0.103,-0.004660649228039817
0.104,-0.03053298371563416
0.105,0.013819589691670428
0.106,-0.02314088814775006
0.107,0.002731446339844281
0.108,-0.02314088814775006
0.109,-0.008356697011981867
0.11,0.010123541907728378
0.111,-0.008356697011981867
0.112,-0.012052744795923914
0.113,0.002731446339844281
0.114,-0.008356697011981867
0.115,-0.012052744795923914
0.116,-0.015748792579865965
0.117,-0.015748792579865965
0.118,-0.0009646014440977679
0.119,0.017515637475612477
0.12,-0.004660649228039817
0.121,-0.008356697011981867
0.122,-0.015748792579865965
0.123,0.010123541907728378
0.124,-0.012052744795923914
0.125,-0.0009646014440977679
0.126,-0.02314088814775006
0.127,0.00642749412378633
0.128,0.013819589691670428
0.129,-0.004660649228039817
0.13,-0.0009646014440977679
0.131,-0.012052744795923914
0.132,-0.0009646014440977679
0.133,0.013819589691670428
0.134,-0.02683693593169211
0.135,-0.0009646014440977679
0.136,-0.015748792579865965
0.137,-0.004660649228039817
0.138,0.017515637475612477
0.139,-0.012052744795923914
0.14,-0.0009646014440977679
0.141,0.002731446339844281
0.142,-0.02314088814775006
0.143,0.002731446339844281
0.144,-0.004660649228039817
0.145,-0.008356697011981867
0.146,-0.03053298371563416
0.147,-0.0009646014440977679
0.148,0.010123541907728378
0.149,-0.019444840363808013
0.15,0.00642749412378633
0.151,-0.008356697011981867
0.152,-0.012052744795923914
0.153,-0.019444840363808013
0.154,-0.008356697011981867
0.155,0.00642749412378633
0.156,-0.015748792579865965
0.157,-0.019444840363808013
0.158,0.002731446339844281
0.159,-0.02314088814775006
0.16,-0.0009646014440977679
0.161,0.013819589691670428
0.162,-0.012052744795923914
0.163,-0.012052744795923914
0.164,-0.02314088814775006
0.165,0.002731446339844281
0.166,-0.015748792579865965
0.167,0.002731446339844281
0.168,-0.012052744795923914
0.169,-0.02314088814775006
0.17,-0.008356697011981867
0.171,-0.008356697011981867
0.172,0.002731446339844281
0.173,-0.008356697011981867
0.174,-0.019444840363808013
0.175,-0.008356697011981867
0.176,-0.019444840363808013
0.177,-0.008356697011981867
0.178,-0.012052744795923914
0.179,0.010123541907728378
0.18,-0.02314088814775006
0.181,-0.004660649228039817
0.182,-0.02683693593169211
0.183,-0.0009646014440977679
0.184,0.002731446339844281
0.185,-0.019444840363808013
0.186,-0.0009646014440977679
0.187,0.00642749412378633
0.188,-0.012052744795923914
0.189,0.017515637475612477
0.19,0.002731446339844281
0.191,-0.012052744795923914
0.192,-0.004660649228039817
0.193,-0.0009646014440977679
0.194,0.002731446339844281
0.195,-0.008356697011981867
0.196,0.010123541907728378
0.197,-0.012052744795923914
0.198,-0.004660649228039817
0.199,-0.008356697011981867
0.2,-0.0009646014440977679
0.201,-0.0009646014440977679
0.202,-0.012052744795923914
0.203,-0.015748792579865965
0.204,-0.0009646014440977679
0.205,0.017515637475612477
0.206,-0.0009646014440977679
0.207,-0.015748792579865965
0.208,-0.0009646014440977679
0.209,-0.008356697011981867
0.21,-0.02314088814775006
0.211,0.00642749412378633
0.212,-0.0009646014440977679
0.213,-0.012052744795923914
0.214,-0.004660649228039817
0.215,-0.03053298371563416
0.216,0.00642749412378633
0.217,-0.015748792579865965
0.218,-0.0009646014440977679
0.219,0.00642749412378633
0.22,-0.008356697011981867
0.221,0.017515637475612477
0.222,-0.012052744795923914
0.223,0.00642749412378633
0.224,-0.012052744795923914
0.225,-0.012052744795923914
0.226,-0.015748792579865965
0.227,-0.02683693593169211
0.228,-0.02683693593169211
0.229,-0.04531717485140235
0.23,-0.012052744795923914
0.231,0.00642749412378633
0.232,-0.008356697011981867
0.233,-0.019444840363808013
0.234,0.002731446339844281
0.235,-0.02683693593169211
0.236,-0.004660649228039817
0.237,-0.008356697011981867
0.238,-0.008356697011981867
0.239,-0.0009646014440977679
0.24,0.017515637475612477
0.241,-0.012052744795923914
0.242,-0.0009646014440977679
0.243,-0.015748792579865965
0.244,-0.0009646014440977679
0.245,-0.0009646014440977679
0.246,0.00642749412378633
0.247,-0.03422903149957621
0.248,-0.008356697011981867
0.249,-0.0009646014440977679
0.25,-0.012052744795923914
0.251,-0.015748792579865965
0.252,-0.012052744795923914
0.253,0.002731446339844281
0.254,0.002731446339844281
0.255,-0.008356697011981867
0.256,-0.004660649228039817
0.257,-0.012052744795923914
0.258,-0.012052744795923914
0.259,-0.008356697011981867
0.26,-0.008356697011981867
0.261,-0.012052744795923914
0.262,-0.03053298371563416
0.263,-0.008356697011981867
0.264,0.00642749412378633
0.265,-0.02314088814775006
0.266,-0.004660649228039817
0.267,-0.004660649228039817
0.268,-0.004660649228039817
0.269,-0.02314088814775006
0.27,0.010123541907728378
0.271,0.010123541907728378
0.272,0.017515637475612477
0.273,-0.008356697011981867
0.274,-0.015748792579865965
0.275,0.002731446339844281
0.276,-0.004660649228039817
0.277,-0.02683693593169211
0.278,-0.008356697011981867
0.279,-0.008356697011981867
0.28,-0.02314088814775006
0.281,0.002731446339844281
0.282,-0.004660649228039817
0.283,-0.008356697011981867
0.284,0.00642749412378633
0.285,-0.012052744795923914
0.286,-0.008356697011981867
0.287,-0.008356697011981867
0.288,-0.004660649228039817
0.289,-0.015748792579865965
0.29,-0.012052744795923914
0.291,-0.015748792579865965
0.292,-0.02314088814775006
0.293,-0.004660649228039817
0.294,-0.012052744795923914
0.295,0.010123541907728378
0.296,-0.0009646014440977679
0.297,0.00642749412378633
0.298,-0.015748792579865965
0.299,-0.012052744795923914
0.3,-0.008356697011981867
0.301,-0.019444840363808013
0.302,0.002731446339844281
0.303,0.00642749412378633
0.304,0.013819589691670428
0.305,-0.004660649228039817
0.306,-0.004660649228039817
0.307,-0.012052744795923914
0.308,-0.004660649228039817
0.309,0.002731446339844281
0.31,-0.012052744795923914
0.311,-0.02314088814775006
0.312,0.002731446339844281
0.313,-0.0009646014440977679
0.314,-0.015748792579865965
0.315,0.00642749412378633
0.316,-0.015748792579865965
0.317,0.028603780827438623
0.318,-0.008356697011981867
0.319,-0.012052744795923914
0.32,0.002731446339844281
0.321,-0.02314088814775006
0.322,-0.004660649228039817
0.323,-0.03053298371563416
0.324,0.017515637475612477
0.325,-0.008356697011981867
0.326,-0.008356697011981867
0.327,-0.0009646014440977679
0.328,-0.004660649228039817
0.329,0.013819589691670428
0.33,-0.008356697011981867
0.331,-0.0009646014440977679
0.332,0.013819589691670428
0.333,0.00642749412378633
0.334,-0.004660649228039817
0.335,-0.02314088814775006
0.336,-0.004660649228039817
0.337,-0.015748792579865965
0.338,0.00642749412378633
0.339,-0.019444840363808013
0.34,0.00642749412378633
0.341,-0.008356697011981867
0.342,-0.0009646014440977679
0.343,-0.015748792579865965
0.344,0.00642749412378633
0.345,0.00642749412378633
0.346,-0.004660649228039817
0.347,0.002731446339844281
0.348,0.00642749412378633
0.349,-0.02314088814775006
0.35,0.002731446339844281
0.351,-0.019444840363808013
0.352,-0.0009646014440977679
0.353,-0.008356697011981867
0.354,-0.008356697011981867
0.355,0.002731446339844281
0.356,-0.008356697011981867
0.357,0.002731446339844281
0.358,-0.012052744795923914
0.359,0.00642749412378633
0.36,-0.012052744795923914
0.361,-0.008356697011981867
0.362,0.010123541907728378
0.363,-0.012052744795923914
0.364,-0.0009646014440977679
0.365,-0.004660649228039817
0.366,-0.004660649228039817
0.367,-0.015748792579865965
0.368,-0.004660649228039817
0.369,-0.0009646014440977679
0.37,-0.012052744795923914
0.371,-0.012052744795923914
0.372,-0.02314088814775006
0.373,0.00642749412378633
0.374,-0.015748792579865965
0.375,-0.0009646014440977679
0.376,-0.019444840363808013
0.377,0.010123541907728378
0.378,-0.008356697011981867
0.379,0.010123541907728378
0.38,0.00642749412378633
0.381,-0.012052744795923914
0.382,0.013819589691670428
0.383,0.00642749412378633
0.384,-0.012052744795923914
0.385,-0.03053298371563416
0.386,-0.012052744795923914
0.387,-0.008356697011981867
0.388,-0.012052744795923914
0.389,-0.012052744795923914
0.39,0.010123541907728378
0.391,-0.015748792579865965
0.392,-0.0009646014440977679
0.393,-0.004660649228039817
0.394,-0.02314088814775006
0.395,-0.004660649228039817
0.396,-0.008356697011981867
0.397,-0.008356697011981867
0.398,-0.019444840363808013
0.399,-0.015748792579865965
0.4,-0.012052744795923914
0.401,-0.012052744795923914
0.402,-0.02314088814775006
0.403,0.017515637475612477
0.404,0.017515637475612477
0.405,-0.0009646014440977679
0.406,-0.019444840363808013
0.407,-0.012052744795923914
0.408,0.010123541907728378
0.409,-0.004660649228039817
0.41,-0.008356697011981867
0.411,-0.008356697011981867
0.412,0.002731446339844281
0.413,-0.015748792579865965
0.414,-0.015748792579865965
0.415,0.002731446339844281
0.416,-0.012052744795923914
0.417,-0.02683693593169211
0.418,-0.012052744795923914
0.419,-0.015748792579865965
0.42,-0.008356697011981867
0.421,-0.02683693593169211
0.422,-0.015748792579865965
0.423,-0.012052744795923914
0.424,-0.0009646014440977679
0.425,0.010123541907728378
0.426,0.00642749412378633
0.427,-0.008356697011981867
0.428,-0.02314088814775006
0.429,0.010123541907728378
0.43,-0.008356697011981867
0.431,-0.0009646014440977679
0.432,0.002731446339844281
0.433,-0.012052744795923914
0.434,-0.004660649228039817
0.435,-0.02314088814775006
0.436,-0.012052744795923914
0.437,0.017515637475612477
0.438,-0.008356697011981867
0.439,-0.008356697011981867
0.44,0.017515637475612477
0.441,-0.0009646014440977679
0.442,0.028603780827438623
0.443,-0.015748792579865965
0.444,-0.04162112706746031
0.445,-0.019444840363808013
0.446,0.002731446339844281
0.447,-0.004660649228039817
0.448,-0.004660649228039817
0.449,0.00642749412378633
0.45,0.00642749412378633
0.451,0.00642749412378633
0.452,-0.019444840363808013
0.453,0.013819589691670428
0.454,0.010123541907728378
0.455,0.002731446339844281
0.456,-0.008356697011981867
0.457,0.00642749412378633
0.458,-0.019444840363808013
0.459,-0.015748792579865965
0.46,0.010123541907728378
0.461,-0.012052744795923914
0.462,0.00642749412378633
0.463,-0.012052744795923914
0.464,-0.015748792579865965
0.465,-0.015748792579865965
0.466,-0.008356697011981867
0.467,-0.019444840363808013
0.468,-0.012052744795923914
0.469,-0.004660649228039817
0.47,-0.03053298371563416
0.471,0.002731446339844281
0.472,-0.02314088814775006
0.473,-0.019444840363808013
0.474,0.00642749412378633
0.475,-0.004660649228039817
0.476,-0.02314088814775006
0.477,-0.0009646014440977679
0.478,-0.02314088814775006
0.479,-0.008356697011981867
0.48,-0.004660649228039817
0.481,0.00642749412378633
0.482,-0.02314088814775006
0.483,-0.012052744795923914
0.484,0.00642749412378633
0.485,-0.02683693593169211
0.486,0.010123541907728378
0.487,-0.019444840363808013
0.488,-0.03053298371563416
0.489,-0.004660649228039817
0.49,-0.0009646014440977679
0.491,-0.03053298371563416
0.492,-0.008356697011981867
0.493,-0.0009646014440977679
0.494,-0.004660649228039817
0.495,-0.008356697011981867
0.496,-0.008356697011981867
0.497,0.002731446339844281
0.498,-0.004660649228039817
0.499,-0.015748792579865965
0.5,-0.004660649228039817
0.501,0.013819589691670428
0.502,0.013819589691670428
0.503,-0.004660649228039817
0.504,0.002731446339844281
0.505,-0.004660649228039817
0.506,-0.004660649228039817
0.507,-0.0009646014440977679
0.508,0.010123541907728378
0.509,0.00642749412378633
0.51,0.021211685259554525
0.511,-0.015748792579865965
0.512,0.002731446339844281
0.513,-0.008356697011981867
0.514,-0.004660649228039817
0.515,-0.0009646014440977679
0.516,0.021211685259554525
0.517,0.013819589691670428
0.518,-0.015748792579865965
0.519,0.010123541907728378
0.52,-0.008356697011981867
0.521,-0.012052744795923914
0.522,0.017515637475612477
0.523,-0.004660649228039817
0.524,-0.008356697011981867
0.525,-0.004660649228039817
0.526,-0.015748792579865965
0.527,-0.015748792579865965
0.528,0.013819589691670428
0.529,-0.008356697011981867
0.53,0.00642749412378633
0.531,-0.015748792579865965
0.532,-0.02314088814775006
0.533,-0.019444840363808013
0.534,0.00642749412378633
0.535,-0.019444840363808013
0.536,-0.0009646014440977679
0.537,0.00642749412378633
0.538,0.00642749412378633
0.539,0.028603780827438623
0.54,0.00642749412378633
0.541,-0.008356697011981867
0.542,-0.008356697011981867
0.543,-0.008356697011981867
0.544,-0.0009646014440977679
0.545,-0.008356697011981867
0.546,-0.012052744795923914
0.547,-0.008356697011981867
0.548,-0.015748792579865965
0.549,-0.004660649228039817
0.55,-0.03053298371563416
0.551,0.002731446339844281
0.552,-0.02683693593169211
0.553,-0.02683693593169211
0.554,-0.02683693593169211
0.555,-0.008356697011981867
0.556,-0.0009646014440977679
0.557,-0.019444840363808013
0.558,-0.015748792579865965
0.559,-0.015748792579865965
0.56,-0.012052744795923914
0.561,-0.019444840363808013
0.562,0.00642749412378633
0.563,-0.004660649228039817
0.564,0.002731446339844281
0.565,-0.012052744795923914
0.566,0.021211685259554525
0.567,-0.004660649228039817
0.568,-0.004660649228039817
0.569,-0.02314088814775006
0.57,-0.015748792579865965
0.571,0.010123541907728378
0.572,-0.0009646014440977679
0.573,-0.008356697011981867
0.574,0.010123541907728378
0.575,-0.015748792579865965
0.576,-0.004660649228039817
0.577,0.002731446339844281
0.578,0.002731446339844281
0.579,-0.019444840363808013
0.58,-0.012052744795923914
0.581,0.00642749412378633
0.582,-0.02683693593169211
0.583,-0.004660649228039817
0.584,-0.015748792579865965
0.585,-0.015748792579865965
0.586,-0.012052744795923914
0.587,-0.02314088814775006
0.588,0.002731446339844281
0.589,0.00642749412378633
0.59,0.002731446339844281
0.591,-0.015748792579865965
0.592,-0.0009646014440977679
0.593,-0.012052744795923914
0.594,-0.004660649228039817
0.595,-0.008356697011981867
0.596,-0.03053298371563416
0.597,-0.019444840363808013
0.598,0.002731446339844281
0.599,-0.02314088814775006
0.6,-0.012052744795923914
0.601,-0.008356697011981867
0.602,-0.012052744795923914
0.603,0.00642749412378633
0.604,0.002731446339844281
0.605,-0.02314088814775006
0.606,-0.0009646014440977679
0.607,-0.0009646014440977679
0.608,-0.012052744795923914
0.609,-0.012052744795923914
0.61,-0.015748792579865965
0.611,-0.008356697011981867
0.612,-0.004660649228039817
0.613,0.010123541907728378
0.614,-0.015748792579865965
0.615,0.010123541907728378
0.616,-0.015748792579865965
0.617,-0.02314088814775006
0.618,-0.004660649228039817
0.619,0.010123541907728378
0.62,-0.008356697011981867
0.621,-0.015748792579865965
0.622,-0.02314088814775006
0.623,-0.019444840363808013
0.624,-0.004660649228039817
0.625,-0.019444840363808013
0.626,-0.012052744795923914
0.627,-0.015748792579865965
0.628,-0.008356697011981867
0.629,-0.03422903149957621
0.63,-0.004660649228039817
0.631,-0.012052744795923914
0.632,-0.0009646014440977679
0.633,0.002731446339844281
0.634,-0.0009646014440977679
0.635,-0.008356697011981867
0.636,0.024907733043496576
0.637,-0.004660649228039817
0.638,0.017515637475612477
0.639,0.002731446339844281
0.64,-0.012052744795923914
0.641,-0.004660649228039817
0.642,-0.012052744795923914
0.643,0.00642749412378633
0.644,-0.008356697011981867
0.645,-0.004660649228039817
0.646,0.00642749412378633
0.647,-0.008356697011981867
0.648,-0.012052744795923914
0.649,-0.008356697011981867
0.65,0.00642749412378633
0.651,0.002731446339844281
0.652,-0.02683693593169211
0.653,-0.0009646014440977679
0.654,-0.004660649228039817
0.655,-0.015748792579865965
0.656,0.00642749412378633
0.657,-0.0009646014440977679
0.658,0.024907733043496576
0.659,-0.008356697011981867
0.66,-0.015748792579865965
0.661,-0.0009646014440977679
0.662,-0.008356697011981867
0.663,0.002731446339844281
0.664,-0.015748792579865965
0.665,-0.008356697011981867
0.666,-0.0009646014440977679
0.667,0.013819589691670428
0.668,-0.012052744795923914
0.669,0.013819589691670428
0.67,0.017515637475612477
0.671,-0.004660649228039817
0.672,-0.015748792579865965
0.673,0.010123541907728378
0.674,-0.012052744795923914
0.675,-0.03792507928351826
0.676,0.002731446339844281
0.677,-0.02683693593169211
0.678,-0.012052744795923914
0.679,-0.008356697011981867
0.68,0.00642749412378633
0.681,-0.008356697011981867
0.682,0.013819589691670428
0.683,-0.004660649228039817
0.684,-0.008356697011981867
0.685,0.017515637475612477
0.686,-0.02683693593169211
0.687,-0.02314088814775006
0.688,-0.015748792579865965
0.689,-0.015748792579865965
0.69,-0.019444840363808013
0.691,-0.02314088814775006
0.692,-0.0009646014440977679
0.693,-0.012052744795923914
0.694,-0.008356697011981867
0.695,-0.015748792579865965
0.696,-0.008356697011981867
0.697,-0.015748792579865965
0.698,0.010123541907728378
0.699,-0.02314088814775006
0.7,-0.008356697011981867
0.701,0.002731446339844281
0.702,-0.004660649228039817
0.703,-0.02683693593169211
0.704,0.00642749412378633
0.705,-0.008356697011981867
0.706,0.00642749412378633
0.707,0.017515637475612477
0.708,-0.008356697011981867
0.709,-0.008356697011981867
0.71,-0.012052744795923914
0.711,0.002731446339844281
0.712,0.00642749412378633
0.713,0.010123541907728378
0.714,0.013819589691670428
0.715,0.002731446339844281
0.716,0.00642749412378633
0.717,-0.02683693593169211
0.718,0.002731446339844281
0.719,-0.02683693593169211
0.72,-0.004660649228039817
0.721,-0.015748792579865965
0.722,-0.02683693593169211
0.723,0.013819589691670428
0.724,-0.012052744795923914
0.725,-0.019444840363808013
0.726,-0.012052744795923914
0.727,0.002731446339844281
0.728,-0.019444840363808013
0.729,-0.004660649228039817
0.73,-0.004660649228039817
0.731,-0.019444840363808013
0.732,-0.008356697011981867
0.733,0.010123541907728378
0.734,-0.0009646014440977679
0.735,-0.004660649228039817
0.736,-0.0009646014440977679
0.737,-0.008356697011981867
0.738,-0.0009646014440977679
0.739,-0.02314088814775006
0.74,-0.004660649228039817
0.741,-0.015748792579865965
0.742,-0.019444840363808013
0.743,-0.004660649228039817
0.744,-0.0009646014440977679
0.745,0.013819589691670428
0.746,-0.02314088814775006
0.747,0.010123541907728378
0.748,-0.004660649228039817
0.749,-0.012052744795923914
0.75,0.010123541907728378
0.751,-0.015748792579865965
0.752,-0.015748792579865965
0.753,-0.004660649228039817
0.754,-0.019444840363808013
0.755,-0.0009646014440977679
0.756,-0.004660649228039817
0.757,-0.008356697011981867
0.758,-0.02314088814775006
0.759,0.00642749412378633
0.76,0.00642749412378633
0.761,0.002731446339844281
0.762,-0.008356697011981867
0.763,-0.004660649228039817
0.764,0.010123541907728378
0.765,-0.0009646014440977679
0.766,0.028603780827438623
0.767,-0.008356697011981867
0.768,-0.0009646014440977679
0.769,-0.02314088814775006
0.77,0.00642749412378633
0.771,-0.008356697011981867
0.772,-0.012052744795923914
0.773,-0.02683693593169211
0.774,-0.004660649228039817
0.775,0.017515637475612477
0.776,-0.012052744795923914
0.777,-0.004660649228039817
0.778,0.010123541907728378
0.779,-0.02683693593169211
0.78,0.002731446339844281
0.781,-0.004660649228039817
0.782,-0.015748792579865965
0.783,-0.0009646014440977679
0.784,-0.02314088814775006
0.785,-0.015748792579865965
0.786,-0.015748792579865965
0.787,0.002731446339844281
0.788,-0.008356697011981867
0.789,0.017515637475612477
0.79,0.010123541907728378
0.791,0.024907733043496576
0.792,-0.008356697011981867
0.793,0.013819589691670428
0.794,-0.02683693593169211
0.795,-0.015748792579865965
0.796,-0.019444840363808013
0.797,-0.008356697011981867
0.798,-0.0009646014440977679
0.799,-0.015748792579865965
0.8,-0.015748792579865965
0.801,-0.008356697011981867
0.802,-0.004660649228039817
0.803,-0.0009646014440977679
0.804,-0.0009646014440977679
0.805,-0.015748792579865965
0.806,0.002731446339844281
0.807,-0.02683693593169211
0.808,-0.0009646014440977679
0.809,-0.015748792579865965
0.81,-0.012052744795923914
0.811,0.002731446339844281
0.812,-0.004660649228039817
0.813,-0.012052744795923914
0.814,0.00642749412378633
0.815,-0.019444840363808013
0.816,-0.004660649228039817
0.817,-0.008356697011981867
0.818,0.00642749412378633
0.819,-0.015748792579865965
0.82,0.013819589691670428
0.821,-0.012052744795923914
0.822,-0.0009646014440977679
0.823,-0.015748792579865965
0.824,0.021211685259554525
0.825,0.002731446339844281
0.826,-0.004660649228039817
0.827,-0.0009646014440977679
0.828,-0.008356697011981867
0.829,0.010123541907728378
0.83,-0.02314088814775006
0.831,0.002731446339844281
0.832,-0.0009646014440977679
0.833,-0.0009646014440977679
0.834,0.00642749412378633
0.835,-0.004660649228039817
0.836,-0.004660649228039817
0.837,-0.015748792579865965
0.838,0.013819589691670428
0.839,-0.012052744795923914
0.84,0.010123541907728378
0.841,-0.015748792579865965
0.842,0.00642749412378633
0.843,-0.02314088814775006
0.844,-0.008356697011981867
0.845,-0.004660649228039817
0.846,0.002731446339844281
0.847,-0.02314088814775006
0.848,-0.015748792579865965
0.849,0.002731446339844281
0.85,-0.008356697011981867
0.851,0.002731446339844281
0.852,-0.008356697011981867
0.853,0.002731446339844281
0.854,-0.004660649228039817
0.855,-0.02314088814775006
0.856,-0.008356697011981867
0.857,0.002731446339844281
0.858,-0.02683693593169211
0.859,-0.0009646014440977679
0.86,-0.008356697011981867
0.861,-0.012052744795923914
0.862,0.00642749412378633
0.863,-0.012052744795923914
0.864,-0.019444840363808013
0.865,-0.0009646014440977679
0.866,-0.004660649228039817
0.867,-0.004660649228039817
0.868,-0.0009646014440977679
0.869,-0.02314088814775006
0.87,-0.012052744795923914
0.871,-0.004660649228039817
0.872,0.010123541907728378
0.873,-0.03422903149957621
0.874,0.00642749412378633
0.875,-0.0009646014440977679
0.876,0.00642749412378633
0.877,0.00642749412378633
0.878,-0.008356697011981867
0.879,-0.015748792579865965
0.88,-0.012052744795923914
0.881,-0.004660649228039817
0.882,-0.02314088814775006
0.883,-0.0009646014440977679
0.884,-0.004660649228039817
0.885,-0.004660649228039817
0.886,0.002731446339844281
0.887,0.002731446339844281
0.888,0.010123541907728378
0.889,-0.008356697011981867
0.89,-0.008356697011981867
0.891,-0.015748792579865965
0.892,-0.02683693593169211
0.893,-0.02314088814775006
0.894,0.002731446339844281
0.895,-0.0009646014440977679
0.896,-0.015748792579865965
0.897,-0.0009646014440977679
0.898,-0.004660649228039817
0.899,-0.008356697011981867
0.9,-0.012052744795923914
0.901,-0.015748792579865965
0.902,-0.019444840363808013
0.903,-0.012052744795923914
0.904,-0.008356697011981867
0.905,-0.008356697011981867
0.906,-0.02314088814775006
0.907,-0.012052744795923914
0.908,-0.004660649228039817
0.909,-0.012052744795923914
0.91,0.013819589691670428
0.911,-0.012052744795923914
0.912,-0.012052744795923914
0.913,-0.019444840363808013
0.914,-0.012052744795923914
0.915,-0.03792507928351826
0.916,0.010123541907728378
0.917,0.010123541907728378
0.918,-0.012052744795923914
0.919,-0.0009646014440977679
0.92,0.013819589691670428
0.921,-0.012052744795923914
0.922,-0.012052744795923914
0.923,-0.012052744795923914
0.924,-0.004660649228039817
0.925,-0.008356697011981867
0.926,-0.02683693593169211
0.927,-0.012052744795923914
0.928,0.010123541907728378
0.929,-0.004660649228039817
0.93,-0.019444840363808013
0.931,0.00642749412378633
0.932,-0.008356697011981867
0.933,0.017515637475612477
0.934,-0.008356697011981867
0.935,0.002731446339844281
0.936,0.002731446339844281
0.937,-0.008356697011981867
0.938,-0.008356697011981867
0.939,-0.012052744795923914
0.94,0.002731446339844281
0.941,-0.012052744795923914
0.942,-0.004660649228039817
0.943,-0.03053298371563416
0.944,-0.012052744795923914
0.945,-0.0009646014440977679
0.946,-0.0009646014440977679
0.947,0.002731446339844281
0.948,-0.004660649228039817
0.949,0.00642749412378633
0.95,0.002731446339844281
0.951,0.013819589691670428
0.952,-0.008356697011981867
0.953,0.010123541907728378
0.954,-0.015748792579865965
0.955,0.017515637475612477
0.956,-0.004660649228039817
0.957,-0.008356697011981867
0.958,-0.02683693593169211
0.959,0.002731446339844281
0.96,-0.015748792579865965
0.961,-0.0009646014440977679
0.962,-0.0009646014440977679
0.963,-0.02314088814775006
0.964,-0.008356697011981867
0.965,0.00642749412378633
0.966,-0.02683693593169211
0.967,-0.015748792579865965
0.968,-0.015748792579865965
0.969,0.010123541907728378
0.97,0.00642749412378633
0.971,-0.004660649228039817
0.972,-0.019444840363808013
0.973,-0.004660649228039817
0.974,-0.0009646014440977679
0.975,0.024907733043496576
0.976,0.002731446339844281
0.977,-0.019444840363808013
0.978,-0.02683693593169211
0.979,-0.0009646014440977679
0.98,-0.0009646014440977679
0.981,-0.0009646014440977679
0.982,-0.015748792579865965
0.983,0.002731446339844281
0.984,-0.012052744795923914
0.985,0.010123541907728378
0.986,-0.0009646014440977679
0.987,-0.012052744795923914
0.988,0.00642749412378633
0.989,-0.02314088814775006
0.99,-0.02683693593169211
0.991,-0.008356697011981867
0.992,0.002731446339844281
0.993,-0.0009646014440977679
0.994,-0.008356697011981867
0.995,-0.02314088814775006
0.996,-0.02683693593169211
0.997,-0.004660649228039817
0.998,-0.012052744795923914
0.999,-0.012052744795923914
1.0,-0.03053298371563416
1.001,0.002731446339844281
1.002,-0.008356697011981867
1.003,-0.02314088814775006
1.004,0.010123541907728378
1.005,0.021211685259554525
1.006,0.00642749412378633
1.007,0.028603780827438623
1.008,-0.012052744795923914
1.009,-0.02314088814775006
1.01,-0.02314088814775006
1.011,-0.02683693593169211
1.012,-0.02314088814775006
1.013,-0.004660649228039817
1.014,-0.02314088814775006
1.015,0.002731446339844281
1.016,-0.02314088814775006
1.017,-0.0009646014440977679
1.018,-0.0009646014440977679
1.019,-0.0009646014440977679
1.02,0.00642749412378633
1.021,-0.008356697011981867
1.022,-0.02683693593169211
1.023,-0.012052744795923914
1.024,-0.015748792579865965
1.025,-0.019444840363808013
1.026,0.00642749412378633
1.027,0.00642749412378633
1.028,-0.008356697011981867
1.029,0.00642749412378633
1.03,-0.02314088814775006
1.031,-0.015748792579865965
1.032,-0.015748792579865965
1.033,-0.0009646014440977679
1.034,-0.008356697011981867
1.035,-0.008356697011981867
1.036,-0.04531717485140235
1.037,0.013819589691670428
1.038,-0.008356697011981867
1.039,-0.03422903149957621
1.04,-0.019444840363808013
1.041,-0.015748792579865965
1.042,-0.019444840363808013
1.043,-0.0009646014440977679
1.044,-0.008356697011981867
1.045,0.002731446339844281
1.046,-0.0009646014440977679
1.047,-0.015748792579865965
1.048,-0.015748792579865965
1.049,-0.012052744795923914
1.05,-0.008356697011981867
1.051,-0.008356697011981867
1.052,-0.015748792579865965
1.053,0.00642749412378633
1.054,-0.004660649228039817
1.055,-0.02683693593169211
1.056,-0.012052744795923914
1.057,-0.008356697011981867
1.058,-0.02314088814775006
1.059,-0.0009646014440977679
1.06,0.010123541907728378
1.061,-0.03422903149957621
1.062,-0.0009646014440977679
1.063,0.010123541907728378
1.064,-0.012052744795923914
1.065,-0.0009646014440977679
1.066,0.021211685259554525
1.067,-0.0009646014440977679
1.068,-0.0009646014440977679
1.069,-0.004660649228039817
1.07,-0.008356697011981867
1.071,-0.0009646014440977679
1.072,-0.004660649228039817
1.073,0.017515637475612477
1.074,-0.0009646014440977679
1.075,0.00642749412378633
1.076,0.013819589691670428
1.077,0.010123541907728378
1.078,0.002731446339844281
1.079,-0.012052744795923914
1.08,-0.012052744795923914
1.081,-0.0009646014440977679
1.082,-0.019444840363808013
1.083,-0.019444840363808013
1.084,-0.012052744795923914
1.085,-0.02314088814775006
1.086,-0.004660649228039817
1.087,-0.004660649228039817
1.088,-0.004660649228039817
1.089,-0.008356697011981867
1.09,-0.0009646014440977679
1.091,-0.008356697011981867
1.092,-0.008356697011981867
1.093,-0.008356697011981867
1.094,-0.019444840363808013
1.095,-0.0009646014440977679
1.096,-0.004660649228039817
1.097,0.002731446339844281
1.098,0.00642749412378633
1.099,0.00642749412378633
1.1,-0.019444840363808013
1.101,-0.015748792579865965
1.102,-0.015748792579865965
1.103,-0.004660649228039817
1.104,0.00642749412378633
1.105,-0.015748792579865965
1.106,-0.0009646014440977679
1.107,0.017515637475612477
1.108,0.013819589691670428
1.109,-0.019444840363808013
1.11,-0.004660649228039817
1.111,0.002731446339844281
1.112,-0.015748792579865965
1.113,-0.015748792579865965
1.114,-0.012052744795923914
1.115,-0.012052744795923914
1.116,0.002731446339844281
1.117,0.010123541907728378
1.118,-0.019444840363808013
1.119,-0.015748792579865965
1.12,0.002731446339844281
1.121,-0.03053298371563416
1.122,-0.008356697011981867
1.123,-0.015748792579865965
1.124,-0.019444840363808013
1.125,-0.0009646014440977679
1.126,-0.015748792579865965
1.127,-0.004660649228039817
1.128,-0.012052744795923914
1.129,0.013819589691670428
1.13,0.00642749412378633
1.131,-0.008356697011981867
1.132,-0.008356697011981867
1.133,-0.008356697011981867
1.134,-0.0009646014440977679
1.135,-0.012052744795923914
1.136,-0.008356697011981867
1.137,-0.004660649228039817
1.138,-0.012052744795923914
1.139,0.00642749412378633
1.14,-0.008356697011981867
1.141,-0.008356697011981867
1.142,0.00642749412378633
1.143,0.013819589691670428
1.144,-0.015748792579865965
1.145,-0.008356697011981867
1.146,-0.02314088814775006
1.147,0.002731446339844281
1.148,-0.03053298371563416
1.149,-0.019444840363808013
1.15,0.00642749412378633
1.151,0.002731446339844281
1.152,0.002731446339844281
1.153,-0.008356697011981867
1.154,-0.012052744795923914
1.155,-0.02683693593169211
1.156,0.010123541907728378
1.157,0.002731446339844281
1.158,-0.012052744795923914
1.159,-0.0009646014440977679
1.16,-0.008356697011981867
1.161,-0.03053298371563416
1.162,-0.008356697011981867
1.163,-0.0009646014440977679
1.164,-0.004660649228039817
1.165,-0.019444840363808013
1.166,-0.008356697011981867
1.167,-0.015748792579865965
1.168,0.017515637475612477
1.169,-0.02683693593169211
1.17,-0.012052744795923914
1.171,-0.012052744795923914
1.172,-0.02314088814775006
1.173,0.002731446339844281
1.174,-0.0009646014440977679
1.175,-0.004660649228039817
1.176,-0.008356697011981867
1.177,0.00642749412378633
1.178,-0.012052744795923914
1.179,-0.019444840363808013
1.18,0.00642749412378633
1.181,-0.019444840363808013
1.182,-0.008356697011981867
1.183,0.010123541907728378
1.184,-0.004660649228039817
1.185,-0.008356697011981867
1.186,-0.015748792579865965
1.187,-0.019444840363808013
1.188,-0.004660649228039817
1.189,0.021211685259554525
1.19,0.03229982861138067
1.191,0.013819589691670428
1.192,-0.012052744795923914
1.193,-0.02683693593169211
1.194,-0.015748792579865965
1.195,-0.02314088814775006
1.196,-0.0009646014440977679
1.197,-0.015748792579865965
1.198,-0.004660649228039817
1.199,-0.019444840363808013
1.2,-0.0009646014440977679
1.201,-0.008356697011981867
1.202,-0.008356697011981867
1.203,-0.008356697011981867
1.204,-0.012052744795923914
1.205,-0.015748792579865965
1.206,0.002731446339844281
1.207,0.002731446339844281
1.208,-0.0009646014440977679
1.209,0.017515637475612477
1.21,-0.008356697011981867
1.211,-0.008356697011981867
1.212,-0.02683693593169211
1.213,0.010123541907728378
1.214,-0.015748792579865965
1.215,-0.0009646014440977679
1.216,-0.012052744795923914
1.217,-0.004660649228039817
1.218,-0.008356697011981867
1.219,-0.004660649228039817
1.22,-0.0009646014440977679
1.221,-0.004660649228039817
1.222,-0.012052744795923914
1.223,-0.012052744795923914
1.224,-0.0009646014440977679
1.225,0.024907733043496576
1.226,-0.015748792579865965
1.227,-0.004660649228039817
1.228,0.010123541907728378
1.229,-0.0009646014440977679
1.23,-0.004660649228039817
1.231,0.013819589691670428
1.232,0.00642749412378633
1.233,0.028603780827438623
1.234,-0.0009646014440977679
1.235,-0.015748792579865965
1.236,-0.0009646014440977679
1.237,-0.02683693593169211
1.238,-0.008356697011981867
1.239,-0.0009646014440977679
1.24,-0.004660649228039817
1.241,-0.004660649228039817
1.242,-0.012052744795923914
1.243,-0.015748792579865965
1.244,-0.015748792579865965
1.245,-0.012052744795923914
1.246,-0.02314088814775006
1.247,0.002731446339844281
1.248,-0.0009646014440977679
1.249,-0.019444840363808013
1.25,-0.0009646014440977679
1.251,-0.008356697011981867
1.252,0.002731446339844281
1.253,-0.03422903149957621
1.254,0.002731446339844281
1.255,0.002731446339844281
1.256,-0.019444840363808013
1.257,0.002731446339844281
1.258,-0.004660649228039817
1.259,-0.0009646014440977679
1.26,-0.012052744795923914
1.261,0.002731446339844281
1.262,-0.0009646014440977679
1.263,0.010123541907728378
1.264,-0.008356697011981867
1.265,-0.03422903149957621
1.266,0.00642749412378633
1.267,-0.012052744795923914
1.268,-0.015748792579865965
1.269,-0.008356697011981867
1.27,0.010123541907728378
1.271,-0.004660649228039817
1.272,-0.004660649228039817
1.273,0.00642749412378633
1.274,-0.008356697011981867
1.275,0.00642749412378633
1.276,-0.03053298371563416
1.277,-0.02683693593169211
1.278,-0.02314088814775006
1.279,-0.03053298371563416
1.28,-0.004660649228039817
1.281,-0.012052744795923914
1.282,0.00642749412378633
1.283,0.013819589691670428
1.284,-0.004660649228039817
1.285,-0.012052744795923914
1.286,-0.004660649228039817
1.287,-0.012052744795923914
1.288,-0.0009646014440977679
1.289,-0.012052744795923914
1.29,-0.019444840363808013
1.291,-0.015748792579865965
1.292,-0.02314088814775006
1.293,-0.015748792579865965
1.294,-0.012052744795923914
1.295,0.017515637475612477
1.296,-0.03053298371563416
1.297,0.00642749412378633
1.298,-0.0009646014440977679
1.299,0.002731446339844281
1.3,-0.004660649228039817
1.301,0.013819589691670428
1.302,-0.008356697011981867
1.303,-0.019444840363808013
1.304,-0.008356697011981867
1.305,-0.0009646014440977679
1.306,-0.015748792579865965
1.307,0.002731446339844281
1.308,-0.015748792579865965
1.309,-0.0009646014440977679
1.31,0.002731446339844281
1.311,0.00642749412378633
1.312,-0.015748792579865965
1.313,-0.012052744795923914
1.314,0.00642749412378633
1.315,0.017515637475612477
1.316,-0.03422903149957621
1.317,-0.0009646014440977679
1.318,0.010123541907728378
1.319,-0.012052744795923914
1.32,-0.004660649228039817
1.321,-0.012052744795923914
1.322,0.013819589691670428
1.323,-0.015748792579865965
1.324,-0.004660649228039817
1.325,-0.004660649228039817
1.326,-0.0009646014440977679
1.327,-0.004660649228039817
1.328,-0.008356697011981867
1.329,-0.0009646014440977679
1.33,-0.02683693593169211
1.331,-0.015748792579865965
1.332,0.017515637475612477
1.333,-0.008356697011981867
1.334,-0.0009646014440977679
1.335,0.002731446339844281
1.336,0.010123541907728378
1.337,-0.008356697011981867
1.338,-0.02314088814775006
1.339,0.00642749412378633
1.34,-0.004660649228039817
1.341,-0.008356697011981867
1.342,-0.004660649228039817
1.343,-0.008356697011981867
1.344,-0.008356697011981867
1.345,-0.02314088814775006
1.346,-0.02314088814775006
1.347,0.00642749412378633
1.348,-0.019444840363808013
1.349,-0.015748792579865965
1.35,0.002731446339844281
1.351,-0.004660649228039817
1.352,0.002731446339844281
1.353,0.002731446339844281
1.354,-0.008356697011981867
1.355,-0.004660649228039817
1.356,-0.008356697011981867
1.357,-0.008356697011981867
1.358,-0.03053298371563416
1.359,-0.012052744795923914
1.36,0.002731446339844281
1.361,-0.012052744795923914
1.362,-0.019444840363808013
1.363,-0.02683693593169211
1.364,0.010123541907728378
1.365,-0.008356697011981867
1.366,-0.015748792579865965
1.367,-0.015748792579865965
1.368,0.002731446339844281
1.369,-0.015748792579865965
1.37,0.00642749412378633
1.371,-0.012052744795923914
1.372,0.010123541907728378
1.373,-0.008356697011981867
1.374,-0.012052744795923914
1.375,-0.008356697011981867
1.376,-0.012052744795923914
1.377,-0.008356697011981867
1.378,-0.02314088814775006
1.379,-0.012052744795923914
1.38,-0.0009646014440977679
1.381,0.013819589691670428
1.382,-0.019444840363808013
1.383,-0.015748792579865965
1.384,0.013819589691670428
1.385,-0.015748792579865965
1.386,0.002731446339844281
1.387,-0.015748792579865965
1.388,0.002731446339844281
1.389,-0.004660649228039817
1.39,0.00642749412378633
1.391,-0.019444840363808013
1.392,0.002731446339844281
1.393,-0.015748792579865965
1.394,-0.012052744795923914
1.395,-0.008356697011981867
1.396,-0.012052744795923914
1.397,-0.015748792579865965
1.398,-0.019444840363808013
1.399,-0.019444840363808013
1.4,-0.0009646014440977679
1.401,-0.02683693593169211
1.402,-0.02683693593169211
1.403,-0.008356697011981867
1.404,-0.004660649228039817
1.405,-0.012052744795923914
1.406,-0.004660649228039817
1.407,-0.019444840363808013
1.408,-0.004660649228039817
1.409,-0.012052744795923914
1.41,-0.0009646014440977679
1.411,-0.004660649228039817
1.412,-0.019444840363808013
1.413,-0.004660649228039817
1.414,-0.012052744795923914
1.415,-0.02683693593169211
1.416,-0.012052744795923914
1.417,-0.015748792579865965
1.418,-0.008356697011981867
1.419,0.010123541907728378
1.42,-0.004660649228039817
1.421,-0.0009646014440977679
1.422,-0.02314088814775006
1.423,-0.019444840363808013
1.424,-0.02314088814775006
1.425,-0.012052744795923914
1.426,0.00642749412378633
1.427,0.010123541907728378
1.428,-0.015748792579865965
1.429,-0.012052744795923914
1.43,-0.02314088814775006
1.431,0.010123541907728378
1.432,-0.015748792579865965
1.433,-0.019444840363808013
1.434,0.002731446339844281
1.435,-0.02314088814775006
1.436,-0.012052744795923914
1.437,-0.008356697011981867
1.438,-0.03053298371563416
1.439,-0.019444840363808013
1.44,0.010123541907728378
1.441,0.017515637475612477
1.442,-0.004660649228039817
1.443,-0.008356697011981867
1.444,-0.019444840363808013
1.445,-0.012052744795923914
1.446,-0.004660649228039817
1.447,-0.004660649228039817
1.448,-0.019444840363808013
1.449,0.00642749412378633
1.45,0.010123541907728378
1.451,0.021211685259554525
1.452,0.002731446339844281
1.453,-0.019444840363808013
1.454,-0.02314088814775006
1.455,-0.015748792579865965
1.456,0.00642749412378633
1.457,-0.004660649228039817
1.458,-0.019444840363808013
1.459,-0.008356697011981867
1.46,-0.012052744795923914
1.461,-0.02683693593169211
1.462,-0.03792507928351826
1.463,0.00642749412378633
1.464,-0.0009646014440977679
1.465,-0.0009646014440977679
1.466,-0.008356697011981867
1.467,-0.0009646014440977679
1.468,-0.012052744795923914
1.469,-0.03053298371563416
1.47,-0.012052744795923914
1.471,0.00642749412378633
1.472,0.002731446339844281
1.473,0.00642749412378633
1.474,-0.004660649228039817
1.475,-0.004660649228039817
1.476,0.002731446339844281
1.477,0.00642749412378633
1.478,-0.02683693593169211
1.479,-0.0009646014440977679
1.48,-0.02683693593169211
1.481,-0.0009646014440977679
1.482,-0.008356697011981867
1.483,-0.008356697011981867
1.484,-0.015748792579865965
1.485,-0.0009646014440977679
1.486,0.013819589691670428
1.487,-0.019444840363808013
1.488,-0.0009646014440977679
1.489,0.002731446339844281
1.49,-0.004660649228039817
1.491,-0.004660649228039817
1.492,0.00642749412378633
1.493,-0.012052744795923914
1.494,-0.019444840363808013
1.495,0.017515637475612477
1.496,0.00642749412378633
1.497,-0.004660649228039817
1.498,0.010123541907728378
1.499,-0.008356697011981867
1.5,-0.019444840363808013
1.501,-0.02314088814775006
1.502,-0.015748792579865965
1.503,-0.02683693593169211
1.504,-0.015748792579865965
1.505,-0.004660649228039817
1.506,-0.012052744795923914
1.507,-0.012052744795923914
1.508,-0.008356697011981867
1.509,-0.0009646014440977679
1.51,-0.0009646014440977679
1.511,-0.008356697011981867
1.512,-0.015748792579865965
1.513,-0.012052744795923914
1.514,-0.02683693593169211
1.515,0.00642749412378633
1.516,-0.012052744795923914
1.517,-0.008356697011981867
1.518,-0.012052744795923914
1.519,-0.012052744795923914
1.52,-0.008356697011981867
1.521,-0.015748792579865965
1.522,0.017515637475612477
1.523,0.002731446339844281
1.524,-0.012052744795923914
1.525,0.002731446339844281
1.526,-0.012052744795923914
1.527,-0.008356697011981867
1.528,-0.03053298371563416
1.529,-0.004660649228039817
1.53,-0.012052744795923914
1.531,0.00642749412378633
1.532,-0.004660649228039817
1.533,0.00642749412378633
1.534,-0.0009646014440977679
1.535,-0.015748792579865965
1.536,-0.019444840363808013
1.537,-0.019444840363808013
1.538,-0.015748792579865965
1.539,0.002731446339844281
1.54,0.010123541907728378
1.541,-0.04162112706746031
1.542,-0.004660649228039817
1.543,0.021211685259554525
1.544,-0.015748792579865965
1.545,-0.019444840363808013
1.546,-0.015748792579865965
1.547,0.00642749412378633
1.548,0.00642749412378633
1.549,-0.015748792579865965
1.55,-0.019444840363808013
1.551,-0.008356697011981867
1.552,-0.02314088814775006
1.553,0.002731446339844281
1.554,-0.004660649228039817
1.555,-0.0009646014440977679
1.556,0.002731446339844281
1.557,-0.019444840363808013
1.558,-0.015748792579865965
1.559,-0.004660649228039817
1.56,0.002731446339844281
1.561,-0.019444840363808013
1.562,0.013819589691670428
1.563,0.010123541907728378
1.564,0.00642749412378633
1.565,0.010123541907728378
1.566,0.00642749412378633
1.567,0.00642749412378633
1.568,0.002731446339844281
1.569,-0.015748792579865965
1.57,-0.004660649228039817
1.571,-0.0009646014440977679
1.572,0.00642749412378633
1.573,-0.008356697011981867
1.574,0.002731446339844281
1.575,0.024907733043496576
1.576,-0.008356697011981867
1.577,-0.012052744795923914
1.578,-0.03053298371563416
1.579,-0.0009646014440977679
1.58,-0.0009646014440977679
1.581,-0.008356697011981867
1.582,-0.02314088814775006
1.583,-0.012052744795923914
1.584,-0.008356697011981867
1.585,-0.0009646014440977679
1.586,-0.004660649228039817
1.587,-0.0009646014440977679
1.588,-0.015748792579865965
1.589,-0.02314088814775006
1.59,0.021211685259554525
1.591,-0.008356697011981867
1.592,-0.019444840363808013
1.593,-0.004660649228039817
1.594,0.010123541907728378
1.595,-0.02683693593169211
1.596,-0.015748792579865965
1.597,-0.004660649228039817
1.598,0.002731446339844281
1.599,-0.008356697011981867
1.6,-0.02683693593169211
1.601,-0.004660649228039817
1.602,-0.004660649228039817
1.603,-0.0009646014440977679
1.604,-0.019444840363808013
1.605,-0.008356697011981867
1.606,-0.0009646014440977679
1.607,-0.012052744795923914
1.608,-0.019444840363808013
1.609,-0.03053298371563416
1.61,-0.019444840363808013
1.611,-0.008356697011981867
1.612,-0.004660649228039817
1.613,-0.02314088814775006
1.614,-0.012052744795923914
1.615,-0.0009646014440977679
1.616,-0.004660649228039817
1.617,0.002731446339844281
1.618,-0.0009646014440977679
1.619,-0.008356697011981867
1.62,-0.015748792579865965
1.621,0.010123541907728378
1.622,-0.019444840363808013
1.623,-0.03792507928351826
1.624,-0.008356697011981867
1.625,-0.004660649228039817
1.626,0.002731446339844281
1.627,-0.004660649228039817
1.628,0.00642749412378633
1.629,-0.0009646014440977679
1.63,-0.02314088814775006
1.631,-0.004660649228039817
1.632,0.002731446339844281
1.633,0.002731446339844281
1.634,-0.008356697011981867
1.635,-0.019444840363808013
1.636,-0.008356697011981867
1.637,-0.019444840363808013
1.638,0.010123541907728378
1.639,-0.015748792579865965
1.64,-0.0009646014440977679
1.641,-0.012052744795923914
1.642,0.03229982861138067
1.643,-0.012052744795923914
1.644,-0.015748792579865965
1.645,-0.004660649228039817
1.646,-0.02683693593169211
1.647,0.013819589691670428
1.648,-0.012052744795923914
1.649,-0.004660649228039817
1.65,-0.015748792579865965
1.651,-0.012052744795923914
1.652,-0.019444840363808013
1.653,0.013819589691670428
1.654,-0.0009646014440977679
1.655,-0.004660649228039817
1.656,0.00642749412378633
1.657,-0.004660649228039817
1.658,-0.008356697011981867
1.659,0.010123541907728378
1.66,-0.004660649228039817
1.661,0.00642749412378633
1.662,-0.008356697011981867
1.663,-0.004660649228039817
1.664,-0.019444840363808013
1.665,-0.019444840363808013
1.666,-0.004660649228039817
1.667,-0.012052744795923914
1.668,-0.0009646014440977679
1.669,-0.02314088814775006
1.67,0.013819589691670428
1.671,-0.02683693593169211
1.672,-0.004660649228039817
1.673,0.00642749412378633
1.674,-0.004660649228039817
1.675,0.002731446339844281
1.676,-0.008356697011981867
1.677,-0.004660649228039817
1.678,-0.008356697011981867
1.679,0.010123541907728378
1.68,-0.004660649228039817
1.681,-0.012052744795923914
1.682,0.002731446339844281
1.683,-0.015748792579865965
1.684,-0.015748792579865965
1.685,-0.03053298371563416
1.686,0.002731446339844281
1.687,-0.019444840363808013
1.688,-0.015748792579865965
1.689,-0.019444840363808013
1.69,0.00642749412378633
1.691,0.00642749412378633
1.692,-0.008356697011981867
1.693,-0.019444840363808013
1.694,-0.004660649228039817
1.695,0.00642749412378633
1.696,-0.008356697011981867
1.697,0.017515637475612477
1.698,-0.02683693593169211
1.699,0.002731446339844281
1.7,-0.015748792579865965
1.701,-0.0009646014440977679
1.702,-0.02314088814775006
1.703,-0.04531717485140235
1.704,-0.008356697011981867
1.705,0.002731446339844281
1.706,0.028603780827438623
1.707,-0.004660649228039817
1.708,-0.015748792579865965
1.709,-0.0009646014440977679
1.71,-0.02314088814775006
1.711,-0.02683693593169211
1.712,0.010123541907728378
1.713,-0.019444840363808013
1.714,-0.012052744795923914
1.715,-0.004660649228039817
1.716,-0.019444840363808013
1.717,0.002731446339844281
1.718,-0.02314088814775006
1.719,-0.0009646014440977679
1.72,-0.004660649228039817
1.721,0.00642749412378633
1.722,0.013819589691670428
1.723,-0.004660649228039817
1.724,-0.0009646014440977679
1.725,-0.015748792579865965
1.726,-0.015748792579865965
1.727,-0.015748792579865965
1.728,0.00642749412378633
1.729,-0.015748792579865965
1.73,-0.0009646014440977679
1.731,-0.02314088814775006
1.732,-0.004660649228039817
1.733,-0.012052744795923914
1.734,-0.012052744795923914
1.735,-0.012052744795923914
1.736,-0.008356697011981867
1.737,0.002731446339844281
1.738,-0.004660649228039817
1.739,-0.015748792579865965
1.74,-0.012052744795923914
1.741,-0.012052744795923914
1.742,-0.015748792579865965
1.743,0.002731446339844281
1.744,0.002731446339844281
1.745,0.010123541907728378
1.746,-0.019444840363808013
1.747,-0.015748792579865965
1.748,-0.008356697011981867
1.749,-0.019444840363808013
1.75,0.010123541907728378
1.751,0.002731446339844281
1.752,-0.019444840363808013
1.753,-0.008356697011981867
1.754,0.002731446339844281
1.755,-0.008356697011981867
1.756,-0.008356697011981867
1.757,-0.008356697011981867
1.758,-0.02314088814775006
1.759,-0.0009646014440977679
1.76,-0.015748792579865965
1.761,-0.008356697011981867
1.762,0.010123541907728378
1.763,0.002731446339844281
1.764,-0.02314088814775006
1.765,-0.008356697011981867
1.766,-0.008356697011981867
1.767,0.002731446339844281
1.768,-0.004660649228039817
1.769,0.013819589691670428
1.77,0.010123541907728378
1.771,-0.019444840363808013
1.772,0.010123541907728378
1.773,-0.015748792579865965
1.774,0.010123541907728378
1.775,-0.012052744795923914
1.776,0.002731446339844281
1.777,-0.0009646014440977679
1.778,0.013819589691670428
1.779,-0.012052744795923914
1.78,-0.004660649228039817
1.781,0.00642749412378633
1.782,-0.0009646014440977679
1.783,0.002731446339844281
1.784,-0.008356697011981867
1.785,-0.019444840363808013
1.786,-0.004660649228039817
1.787,-0.008356697011981867
1.788,-0.008356697011981867
1.789,-0.004660649228039817
1.79,0.00642749412378633
1.791,-0.008356697011981867
1.792,-0.012052744795923914
1.793,-0.008356697011981867
1.794,0.00642749412378633
1.795,-0.015748792579865965
1.796,0.00642749412378633
1.797,0.00642749412378633
1.798,-0.004660649228039817
1.799,-0.015748792579865965
1.8,-0.015748792579865965
1.801,-0.02314088814775006
1.802,-0.019444840363808013
1.803,-0.008356697011981867
1.804,-0.008356697011981867
1.805,-0.015748792579865965
1.806,-0.004660649228039817
1.807,0.017515637475612477
1.808,0.00642749412378633
1.809,-0.02683693593169211
1.81,-0.012052744795923914
1.811,0.002731446339844281
1.812,-0.019444840363808013
1.813,0.00642749412378633
1.814,-0.008356697011981867
1.815,0.017515637475612477
1.816,-0.008356697011981867
1.817,-0.012052744795923914
1.818,-0.012052744795923914
1.819,-0.02314088814775006
1.82,-0.008356697011981867
1.821,0.010123541907728378
1.822,-0.019444840363808013
1.823,-0.008356697011981867
1.824,0.002731446339844281
1.825,0.00642749412378633
1.826,-0.008356697011981867
1.827,-0.015748792579865965
1.828,0.002731446339844281
1.829,-0.0009646014440977679
1.83,-0.008356697011981867
1.831,0.017515637475612477
1.832,-0.008356697011981867
1.833,-0.02314088814775006
1.834,-0.008356697011981867
1.835,-0.012052744795923914
1.836,-0.008356697011981867
1.837,-0.02314088814775006
1.838,0.010123541907728378
1.839,-0.02314088814775006
1.84,0.002731446339844281
1.841,-0.03792507928351826
1.842,0.010123541907728378
1.843,-0.012052744795923914
1.844,0.00642749412378633
1.845,-0.008356697011981867
1.846,-0.008356697011981867
1.847,0.021211685259554525
1.848,0.002731446339844281
1.849,-0.012052744795923914
1.85,-0.03053298371563416
1.851,-0.015748792579865965
1.852,0.002731446339844281
1.853,-0.02314088814775006
1.854,0.002731446339844281
1.855,-0.0009646014440977679
1.856,0.024907733043496576
1.857,-0.0009646014440977679
1.858,-0.019444840363808013
1.859,-0.004660649228039817
1.86,0.017515637475612477
1.861,-0.012052744795923914
1.862,-0.008356697011981867
1.863,-0.008356697011981867
1.864,-0.02314088814775006
1.865,-0.004660649228039817
1.866,-0.0009646014440977679
1.867,-0.004660649228039817
1.868,-0.004660649228039817
1.869,-0.015748792579865965
1.87,-0.015748792579865965
1.871,-0.008356697011981867
1.872,0.010123541907728378
1.873,0.010123541907728378
1.874,-0.02314088814775006
1.875,-0.004660649228039817
1.876,-0.015748792579865965
1.877,0.010123541907728378
1.878,-0.015748792579865965
1.879,-0.012052744795923914
1.88,-0.012052744795923914
1.881,-0.012052744795923914
1.882,-0.019444840363808013
1.883,-0.004660649228039817
1.884,0.002731446339844281
1.885,-0.004660649228039817
1.886,-0.02683693593169211
1.887,-0.0009646014440977679
1.888,0.002731446339844281
1.889,-0.012052744795923914
1.89,-0.004660649228039817
1.891,-0.03422903149957621
1.892,-0.008356697011981867
1.893,-0.008356697011981867
1.894,-0.012052744795923914
1.895,-0.015748792579865965
1.896,-0.019444840363808013
1.897,-0.019444840363808013
1.898,-0.019444840363808013
1.899,-0.015748792579865965
1.9,-0.012052744795923914
1.901,0.013819589691670428
1.902,0.017515637475612477
1.903,-0.019444840363808013
1.904,-0.015748792579865965
1.905,-0.012052744795923914
1.906,0.00642749412378633
1.907,-0.004660649228039817
1.908,-0.015748792579865965
1.909,0.002731446339844281
1.91,-0.0009646014440977679
1.911,0.028603780827438623
1.912,-0.02314088814775006
1.913,-0.004660649228039817
1.914,-0.0009646014440977679
1.915,0.002731446339844281
1.916,-0.012052744795923914
1.917,-0.004660649228039817
1.918,0.028603780827438623
1.919,0.010123541907728378
1.92,-0.015748792579865965
1.921,-0.015748792579865965
1.922,-0.004660649228039817
1.923,-0.004660649228039817
1.924,-0.0009646014440977679
1.925,-0.008356697011981867
1.926,-0.008356697011981867
1.927,-0.004660649228039817
1.928,-0.015748792579865965
1.929,-0.004660649228039817
1.93,-0.03053298371563416
1.931,-0.012052744795923914
1.932,-0.012052744795923914
1.933,-0.019444840363808013
1.934,0.002731446339844281
1.935,-0.0009646014440977679
1.936,0.00642749412378633
1.937,-0.008356697011981867
1.938,-0.02683693593169211
1.939,-0.012052744795923914
1.94,-0.03422903149957621
1.941,-0.004660649228039817
1.942,-0.019444840363808013
1.943,0.010123541907728378
1.944,-0.0009646014440977679
1.945,-0.0009646014440977679
1.946,-0.008356697011981867
1.947,-0.004660649228039817
1.948,-0.008356697011981867
1.949,0.017515637475612477
1.95,-0.019444840363808013
1.951,0.002731446339844281
1.952,-0.015748792579865965
1.953,-0.008356697011981867
1.954,-0.02314088814775006
1.955,-0.02314088814775006
1.956,-0.004660649228039817
1.957,0.010123541907728378
1.958,-0.0009646014440977679
1.959,0.010123541907728378
1.96,-0.008356697011981867
1.961,-0.02314088814775006
1.962,0.010123541907728378
1.963,-0.015748792579865965
1.964,0.024907733043496576
1.965,0.002731446339844281
1.966,-0.02683693593169211
1.967,-0.02314088814775006
1.968,-0.004660649228039817
1.969,-0.0009646014440977679
1.97,0.010123541907728378
1.971,-0.004660649228039817
1.972,0.002731446339844281
1.973,0.010123541907728378
1.974,-0.012052744795923914
1.975,-0.004660649228039817
1.976,-0.004660649228039817
1.977,-0.019444840363808013
1.978,-0.019444840363808013
1.979,0.013819589691670428
1.98,-0.019444840363808013
1.981,-0.004660649228039817
1.982,0.00642749412378633
1.983,-0.012052744795923914
1.984,-0.008356697011981867
1.985,-0.019444840363808013
1.986,0.013819589691670428
1.987,0.00642749412378633
1.988,0.002731446339844281
1.989,-0.02683693593169211
1.99,0.010123541907728378
1.991,-0.004660649228039817
1.992,-0.03422903149957621
1.993,0.013819589691670428
1.994,0.002731446339844281
1.995,0.002731446339844281
1.996,0.00642749412378633
1.997,-0.012052744795923914
1.998,0.00642749412378633
1.999,0.010123541907728378
2.0,0.00642749412378633
2.001,-0.019444840363808013
2.002,-0.008356697011981867
2.003,-0.019444840363808013
2.004,-0.0009646014440977679
2.005,-0.004660649228039817
2.006,-0.008356697011981867
2.007,-0.008356697011981867
2.008,0.002731446339844281
2.009,0.00642749412378633
2.01,-0.004660649228039817
2.011,0.002731446339844281
2.012,-0.004660649228039817
2.013,-0.008356697011981867
2.014,0.002731446339844281
2.015,-0.004660649228039817
2.016,-0.015748792579865965
2.017,0.00642749412378633
2.018,-0.012052744795923914
2.019,-0.004660649228039817
2.02,-0.008356697011981867
2.021,-0.012052744795923914
2.022,0.002731446339844281
2.023,-0.008356697011981867
2.024,-0.03053298371563416
2.025,-0.015748792579865965
2.026,-0.008356697011981867
2.027,-0.008356697011981867
2.028,-0.015748792579865965
2.029,0.002731446339844281
2.03,-0.008356697011981867
2.031,0.002731446339844281
2.032,-0.015748792579865965
2.033,-0.03053298371563416
2.034,-0.015748792579865965
2.035,-0.02314088814775006
2.036,-0.012052744795923914
2.037,-0.012052744795923914
2.038,-0.004660649228039817
2.039,-0.019444840363808013
2.04,-0.004660649228039817
2.041,-0.008356697011981867
2.042,-0.004660649228039817
2.043,-0.019444840363808013
2.044,0.002731446339844281
2.045,0.010123541907728378
2.046,-0.015748792579865965
2.047,-0.019444840363808013
2.048,-0.004660649228039817
2.049,-0.019444840363808013
2.05,0.021211685259554525
2.051,-0.015748792579865965
2.052,-0.008356697011981867
2.053,-0.02314088814775006
2.054,-0.015748792579865965
2.055,0.021211685259554525
2.056,-0.02314088814775006
2.057,-0.004660649228039817
2.058,-0.012052744795923914
2.059,0.00642749412378633
2.06,-0.012052744795923914
2.061,0.00642749412378633
2.062,-0.004660649228039817
2.063,-0.004660649228039817
2.064,-0.004660649228039817
2.065,0.002731446339844281
2.066,0.010123541907728378
2.067,0.002731446339844281
2.068,-0.008356697011981867
2.069,-0.008356697011981867
2.07,-0.0009646014440977679
2.071,0.013819589691670428
2.072,-0.03053298371563416
2.073,0.002731446339844281
2.074,-0.0009646014440977679
2.075,0.00642749412378633
2.076,-0.012052744795923914
2.077,0.00642749412378633
2.078,-0.004660649228039817
2.079,-0.004660649228039817
2.08,0.002731446339844281
2.081,-0.008356697011981867
2.082,-0.0009646014440977679
2.083,-0.03053298371563416
2.084,-0.0009646014440977679
2.085,-0.004660649228039817
2.086,-0.012052744795923914
2.087,0.002731446339844281
2.088,-0.004660649228039817
2.089,-0.004660649228039817
2.09,-0.004660649228039817
2.091,-0.015748792579865965
2.092,-0.019444840363808013
2.093,-0.015748792579865965
2.094,-0.02683693593169211
2.095,-0.012052744795923914
2.096,0.00642749412378633
2.097,-0.008356697011981867
2.098,-0.03422903149957621
2.099,0.002731446339844281
2.1,-0.0009646014440977679
2.101,0.00642749412378633
2.102,0.010123541907728378
2.103,-0.012052744795923914
2.104,0.010123541907728378
2.105,-0.004660649228039817
2.106,-0.0009646014440977679
2.107,-0.015748792579865965
2.108,0.002731446339844281
2.109,-0.02314088814775006
2.11,-0.03053298371563416
2.111,-0.019444840363808013
2.112,0.002731446339844281
2.113,-0.03053298371563416
2.114,-0.004660649228039817
2.115,0.017515637475612477
2.116,-0.015748792579865965
2.117,-0.02683693593169211
2.118,-0.02314088814775006
2.119,-0.008356697011981867
2.12,0.002731446339844281
2.121,-0.0009646014440977679
2.122,-0.019444840363808013
2.123,-0.004660649228039817
2.124,-0.015748792579865965
2.125,-0.0009646014440977679
2.126,-0.015748792579865965
2.127,-0.03053298371563416
2.128,-0.012052744795923914
2.129,-0.008356697011981867
2.13,-0.004660649228039817
2.131,0.002731446339844281
2.132,-0.004660649228039817
2.133,0.013819589691670428
2.134,-0.004660649228039817
2.135,0.002731446339844281
2.136,0.002731446339844281
2.137,-0.015748792579865965
2.138,-0.004660649228039817
2.139,-0.019444840363808013
2.14,-0.012052744795923914
2.141,-0.012052744795923914
2.142,-0.004660649228039817
2.143,-0.004660649228039817
2.144,-0.004660649228039817
2.145,-0.012052744795923914
2.146,-0.015748792579865965
2.147,-0.008356697011981867
2.148,-0.0009646014440977679
2.149,-0.004660649228039817
2.15,-0.004660649228039817
2.151,-0.0009646014440977679
2.152,-0.02314088814775006
2.153,0.002731446339844281
2.154,-0.004660649228039817
2.155,-0.012052744795923914
2.156,0.017515637475612477
2.157,0.017515637475612477
2.158,-0.008356697011981867
2.159,-0.015748792579865965
2.16,-0.008356697011981867
2.161,-0.012052744795923914
2.162,0.002731446339844281
2.163,-0.004660649228039817
2.164,-0.008356697011981867
2.165,0.021211685259554525
2.166,-0.012052744795923914
2.167,-0.008356697011981867
2.168,-0.015748792579865965
2.169,0.00642749412378633
2.17,-0.019444840363808013
2.171,-0.0009646014440977679
2.172,-0.0009646014440977679
2.173,-0.008356697011981867
2.174,-0.02314088814775006
2.175,-0.02683693593169211
2.176,-0.0009646014440977679
2.177,-0.008356697011981867
2.178,0.013819589691670428
2.179,-0.03792507928351826
2.18,-0.03053298371563416
2.181,0.002731446339844281
2.182,-0.004660649228039817
2.183,0.010123541907728378
2.184,-0.02683693593169211
2.185,0.002731446339844281
2.186,0.002731446339844281
2.187,-0.02314088814775006
2.188,0.00642749412378633
2.189,0.002731446339844281
2.19,-0.012052744795923914
2.191,-0.03053298371563416
2.192,0.010123541907728378
2.193,-0.02314088814775006
2.194,-0.02683693593169211
2.195,-0.015748792579865965
2.196,-0.012052744795923914
2.197,-0.019444840363808013
2.198,-0.008356697011981867
2.199,-0.012052744795923914
2.2,0.010123541907728378
2.201,-0.012052744795923914
2.202,0.010123541907728378
2.203,-0.019444840363808013
2.204,-0.008356697011981867
2.205,-0.02314088814775006
2.206,-0.008356697011981867
2.207,-0.012052744795923914
2.208,0.010123541907728378
2.209,0.002731446339844281
2.21,-0.004660649228039817
2.211,-0.019444840363808013
2.212,-0.019444840363808013
2.213,0.00642749412378633
2.214,-0.008356697011981867
2.215,0.00642749412378633
2.216,-0.008356697011981867
2.217,-0.02314088814775006
2.218,-0.019444840363808013
2.219,0.00642749412378633
2.22,-0.008356697011981867
2.221,0.010123541907728378
2.222,0.00642749412378633
2.223,-0.019444840363808013
2.224,0.002731446339844281
2.225,-0.008356697011981867
2.226,-0.008356697011981867
2.227,-0.0009646014440977679
2.228,0.002731446339844281
2.229,-0.02683693593169211
2.23,-0.008356697011981867
2.231,-0.008356697011981867
2.232,-0.008356697011981867
2.233,0.002731446339844281
2.234,-0.0009646014440977679
2.235,0.010123541907728378
2.236,0.002731446339844281
2.237,-0.019444840363808013
2.238,-0.02683693593169211
2.239,0.010123541907728378
2.24,0.002731446339844281
2.241,-0.008356697011981867
2.242,0.021211685259554525
2.243,-0.012052744795923914
2.244,-0.012052744795923914
2.245,-0.0009646014440977679
2.246,-0.015748792579865965
2.247,-0.008356697011981867
2.248,-0.012052744795923914
2.249,-0.004660649228039817
2.25,-0.015748792579865965
2.251,0.013819589691670428
2.252,-0.015748792579865965
2.253,-0.0009646014440977679
2.254,-0.015748792579865965
2.255,0.013819589691670428
2.256,-0.02314088814775006
2.257,0.002731446339844281
2.258,-0.0009646014440977679
2.259,-0.012052744795923914
2.26,0.028603780827438623
2.261,-0.0009646014440977679
2.262,-0.008356697011981867
2.263,-0.019444840363808013
2.264,0.013819589691670428
2.265,-0.015748792579865965
2.266,-0.008356697011981867
2.267,-0.019444840363808013
2.268,-0.004660649228039817
2.269,-0.019444840363808013
2.27,-0.0009646014440977679
2.271,-0.019444840363808013
2.272,0.002731446339844281
2.273,-0.0009646014440977679
2.274,-0.004660649228039817
2.275,-0.004660649228039817
2.276,-0.0009646014440977679
2.277,0.00642749412378633
2.278,-0.008356697011981867
2.279,-0.015748792579865965
2.28,-0.008356697011981867
2.281,-0.012052744795923914
2.282,-0.02683693593169211
2.283,-0.03053298371563416
2.284,-0.004660649228039817
2.285,-0.004660649228039817
2.286,-0.008356697011981867
2.287,-0.015748792579865965
2.288,-0.0009646014440977679
2.289,-0.008356697011981867
2.29,-0.004660649228039817
2.291,-0.0009646014440977679
2.292,0.00642749412378633
2.293,-0.012052744795923914
2.294,-0.004660649228039817
2.295,-0.004660649228039817
2.296,0.002731446339844281
2.297,-0.0009646014440977679
2.298,-0.012052744795923914
2.299,-0.02314088814775006
2.3,-0.0009646014440977679
2.301,-0.008356697011981867
2.302,-0.0009646014440977679
2.303,-0.008356697011981867
2.304,-0.02314088814775006
2.305,-0.004660649228039817
2.306,-0.008356697011981867
2.307,-0.008356697011981867
2.308,0.002731446339844281
2.309,0.002731446339844281
2.31,-0.019444840363808013
2.311,0.002731446339844281
2.312,-0.0009646014440977679
2.313,-0.015748792579865965
2.314,-0.008356697011981867
2.315,-0.004660649228039817
2.316,-0.004660649228039817
2.317,-0.012052744795923914
2.318,0.002731446339844281
2.319,-0.015748792579865965
2.32,0.00642749412378633
2.321,-0.008356697011981867
2.322,-0.004660649228039817
2.323,-0.012052744795923914
2.324,-0.03422903149957621
2.325,-0.008356697011981867
2.326,0.010123541907728378
2.327,-0.012052744795923914
2.328,-0.004660649228039817
2.329,0.002731446339844281
2.33,-0.012052744795923914
2.331,-0.03053298371563416
2.332,-0.008356697011981867
2.333,-0.004660649228039817
2.334,0.010123541907728378
2.335,0.013819589691670428
2.336,-0.015748792579865965
2.337,-0.008356697011981867
2.338,0.002731446339844281
2.339,0.00642749412378633
2.34,0.002731446339844281
2.341,-0.0009646014440977679
2.342,-0.019444840363808013
2.343,-0.004660649228039817
2.344,0.00642749412378633
2.345,-0.03422903149957621
2.346,-0.004660649228039817
2.347,-0.008356697011981867
2.348,0.021211685259554525
2.349,0.002731446339844281
2.35,0.010123541907728378
2.351,-0.019444840363808013
2.352,-0.012052744795923914
2.353,-0.019444840363808013
2.354,-0.008356697011981867
2.355,-0.02314088814775006
2.356,-0.02314088814775006
2.357,-0.02683693593169211
2.358,0.024907733043496576
2.359,0.002731446339844281
2.36,0.010123541907728378
2.361,-0.008356697011981867
2.362,-0.004660649228039817
2.363,0.010123541907728378
2.364,0.010123541907728378
2.365,-0.015748792579865965
2.366,-0.004660649228039817
2.367,-0.004660649228039817
2.368,-0.012052744795923914
2.369,-0.008356697011981867
2.37,0.002731446339844281
2.371,-0.015748792579865965
2.372,-0.008356697011981867
2.373,0.002731446339844281
2.374,-0.008356697011981867
2.375,-0.0009646014440977679
2.376,-0.015748792579865965
2.377,0.00642749412378633
2.378,0.00642749412378633
2.379,-0.012052744795923914
2.38,-0.012052744795923914
2.381,-0.02314088814775006
2.382,-0.02314088814775006
2.383,0.002731446339844281
2.384,0.002731446339844281
2.385,0.00642749412378633
2.386,-0.02314088814775006
2.387,-0.004660649228039817
2.388,0.00642749412378633
2.389,-0.015748792579865965
2.39,-0.012052744795923914
2.391,-0.019444840363808013
2.392,0.00642749412378633
2.393,-0.008356697011981867
2.394,-0.008356697011981867
2.395,0.010123541907728378
2.396,-0.02683693593169211
2.397,-0.015748792579865965
2.398,-0.015748792579865965
2.399,-0.02314088814775006
2.4,-0.008356697011981867
2.401,-0.012052744795923914
2.402,0.00642749412378633
2.403,0.010123541907728378
2.404,0.00642749412378633
2.405,-0.015748792579865965
2.406,-0.004660649228039817
2.407,-0.015748792579865965
2.408,0.002731446339844281
2.409,-0.012052744795923914
2.41,-0.019444840363808013
2.411,-0.0009646014440977679
2.412,-0.004660649228039817
2.413,-0.02314088814775006
2.414,-0.012052744795923914
2.415,-0.004660649228039817
2.416,-0.012052744795923914
2.417,-0.008356697011981867
2.418,0.002731446339844281
2.419,-0.0009646014440977679
2.42,-0.008356697011981867
2.421,-0.019444840363808013
2.422,-0.008356697011981867
2.423,-0.012052744795923914
2.424,0.013819589691670428
2.425,-0.008356697011981867
2.426,0.00642749412378633
2.427,-0.0009646014440977679
2.428,-0.012052744795923914
2.429,-0.0009646014440977679
2.43,-0.015748792579865965
2.431,-0.008356697011981867
2.432,-0.008356697011981867
2.433,-0.019444840363808013
2.434,0.00642749412378633
2.435,-0.03053298371563416
2.436,-0.019444840363808013
2.437,-0.019444840363808013
2.438,-0.015748792579865965
2.439,-0.03792507928351826
2.44,-0.008356697011981867
2.441,-0.008356697011981867
2.442,-0.008356697011981867
2.443,-0.008356697011981867
2.444,-0.015748792579865965
2.445,-0.02683693593169211
2.446,-0.02314088814775006
2.447,-0.0009646014440977679
2.448,-0.008356697011981867
2.449,0.002731446339844281
2.45,-0.03422903149957621
2.451,0.00642749412378633
2.452,0.002731446339844281
2.453,-0.02683693593169211
2.454,0.002731446339844281
2.455,-0.03422903149957621
2.456,-0.012052744795923914
2.457,0.010123541907728378
2.458,0.010123541907728378
2.459,-0.019444840363808013
2.46,-0.004660649228039817
2.461,0.002731446339844281
2.462,-0.012052744795923914
2.463,-0.008356697011981867
2.464,-0.008356697011981867
2.465,-0.0009646014440977679
2.466,0.017515637475612477
2.467,-0.015748792579865965
2.468,0.002731446339844281
2.469,-0.012052744795923914
2.47,-0.008356697011981867
2.471,-0.008356697011981867
2.472,-0.019444840363808013
2.473,0.010123541907728378
2.474,-0.004660649228039817
2.475,0.028603780827438623
2.476,-0.004660649228039817
2.477,-0.012052744795923914
2.478,0.002731446339844281
2.479,-0.0009646014440977679
2.48,-0.0009646014440977679
2.481,-0.015748792579865965
2.482,-0.012052744795923914
2.483,0.00642749412378633
2.484,-0.03053298371563416
2.485,-0.019444840363808013
2.486,-0.008356697011981867
2.487,-0.008356697011981867
2.488,0.002731446339844281
2.489,-0.004660649228039817
2.49,0.002731446339844281
2.491,0.002731446339844281
2.492,-0.012052744795923914
2.493,-0.015748792579865965
2.494,-0.008356697011981867
2.495,-0.008356697011981867
2.496,-0.04531717485140235
2.497,-0.004660649228039817
2.498,-0.012052744795923914
2.499,-0.012052744795923914
2.5,0.028603780827438623
2.501,-0.0009646014440977679
2.502,-0.0009646014440977679
2.503,-0.0009646014440977679
2.504,-0.015748792579865965
2.505,-0.012052744795923914
2.506,-0.019444840363808013
2.507,-0.015748792579865965
2.508,0.013819589691670428
2.509,-0.019444840363808013
2.51,-0.0009646014440977679
2.511,0.017515637475612477
2.512,-0.012052744795923914
2.513,-0.004660649228039817
2.514,0.010123541907728378
2.515,-0.004660649228039817
2.516,-0.015748792579865965
2.517,-0.004660649228039817
2.518,-0.02314088814775006
2.519,-0.0009646014440977679
2.52,0.010123541907728378
2.521,-0.012052744795923914
2.522,-0.004660649228039817
2.523,-0.015748792579865965
2.524,-0.008356697011981867
2.525,-0.008356697011981867
2.526,0.00642749412378633
2.527,-0.012052744795923914
2.528,-0.004660649228039817
2.529,0.010123541907728378
2.53,0.010123541907728378
2.531,-0.004660649228039817
2.532,-0.012052744795923914
2.533,-0.012052744795923914
2.534,-0.0009646014440977679
2.535,0.017515637475612477
2.536,0.002731446339844281
2.537,0.00642749412378633
2.538,-0.012052744795923914
2.539,0.021211685259554525
2.54,-0.0009646014440977679
2.541,-0.03792507928351826
2.542,-0.012052744795923914
2.543,-0.015748792579865965
2.544,-0.0009646014440977679
2.545,-0.0009646014440977679
2.546,-0.0009646014440977679
2.547,-0.008356697011981867
2.548,0.002731446339844281
2.549,-0.015748792579865965
2.55,-0.019444840363808013
2.551,-0.012052744795923914
2.552,-0.0009646014440977679
2.553,-0.012052744795923914
2.554,0.021211685259554525
2.555,0.010123541907728378
2.556,-0.019444840363808013
2.557,0.00642749412378633
2.558,-0.0009646014440977679
2.559,-0.008356697011981867
2.56,0.00642749412378633
2.561,-0.012052744795923914
2.562,0.00642749412378633
2.563,0.010123541907728378
2.564,-0.004660649228039817
2.565,-0.008356697011981867
2.566,-0.0009646014440977679
2.567,0.002731446339844281
2.568,-0.012052744795923914
2.569,-0.008356697011981867
2.57,-0.012052744795923914
2.571,-0.0009646014440977679
2.572,0.024907733043496576
2.573,-0.004660649228039817
2.574,-0.008356697011981867
2.575,0.013819589691670428
2.576,-0.019444840363808013
2.577,-0.012052744795923914
2.578,-0.0009646014440977679
2.579,-0.008356697011981867
2.58,-0.015748792579865965
2.581,-0.02683693593169211
2.582,-0.015748792579865965
2.583,-0.012052744795923914
2.584,-0.008356697011981867
2.585,-0.02314088814775006
2.586,-0.019444840363808013
2.587,0.013819589691670428
2.588,-0.004660649228039817
2.589,-0.03053298371563416
2.59,-0.004660649228039817
2.591,-0.03053298371563416
2.592,0.010123541907728378
2.593,0.00642749412378633
2.594,0.002731446339844281
2.595,0.013819589691670428
2.596,-0.004660649228039817
2.597,-0.004660649228039817
2.598,-0.004660649228039817
2.599,-0.015748792579865965
2.6,0.00642749412378633
2.601,0.010123541907728378
2.602,0.00642749412378633
2.603,-0.019444840363808013
2.604,-0.008356697011981867
2.605,-0.004660649228039817
2.606,-0.008356697011981867
2.607,-0.03053298371563416
2.608,-0.02683693593169211
2.609,0.00642749412378633
2.61,-0.004660649228039817
2.611,-0.004660649228039817
2.612,0.013819589691670428
2.613,-0.012052744795923914
2.614,0.00642749412378633
2.615,-0.015748792579865965
2.616,-0.012052744795923914
2.617,-0.008356697011981867
2.618,-0.02314088814775006
2.619,-0.015748792579865965
2.62,-0.008356697011981867
2.621,-0.015748792579865965
2.622,-0.02314088814775006
2.623,-0.004660649228039817
2.624,-0.015748792579865965
2.625,0.002731446339844281
2.626,-0.012052744795923914
2.627,0.00642749412378633
2.628,-0.019444840363808013
2.629,-0.0009646014440977679
2.63,-0.015748792579865965
2.631,0.010123541907728378
2.632,-0.02314088814775006
2.633,0.017515637475612477
2.634,0.002731446339844281
2.635,-0.02314088814775006
2.636,-0.015748792579865965
2.637,-0.02683693593169211
2.638,-0.004660649228039817
2.639,-0.012052744795923914
2.64,-0.02683693593169211
2.641,-0.012052744795923914
2.642,-0.015748792579865965
2.643,-0.008356697011981867
2.644,-0.004660649228039817
2.645,-0.019444840363808013
2.646,-0.008356697011981867
2.647,-0.004660649228039817
2.648,-0.004660649228039817
2.649,-0.03792507928351826
2.65,-0.03422903149957621
2.651,-0.008356697011981867
2.652,-0.008356697011981867
2.653,-0.0009646014440977679
2.654,-0.012052744795923914
2.655,-0.0009646014440977679
2.656,-0.012052744795923914
2.657,-0.02314088814775006
2.658,-0.0009646014440977679
2.659,0.010123541907728378
2.66,-0.008356697011981867
2.661,-0.004660649228039817
2.662,0.002731446339844281
2.663,-0.008356697011981867
2.664,0.010123541907728378
2.665,0.017515637475612477
2.666,0.00642749412378633
2.667,0.010123541907728378
2.668,-0.02314088814775006
2.669,-0.008356697011981867
2.67,-0.019444840363808013
2.671,-0.03422903149957621
2.672,-0.03053298371563416
2.673,-0.0009646014440977679
2.674,-0.004660649228039817
2.675,-0.03422903149957621
2.676,-0.02683693593169211
2.677,-0.015748792579865965
2.678,0.013819589691670428
2.679,-0.008356697011981867
2.68,-0.02683693593169211
2.681,-0.02683693593169211
2.682,0.021211685259554525
2.683,0.010123541907728378
2.684,0.010123541907728378
2.685,-0.004660649228039817
2.686,-0.012052744795923914
2.687,-0.015748792579865965
2.688,-0.019444840363808013
2.689,-0.0009646014440977679
2.69,0.00642749412378633
2.691,-0.012052744795923914
2.692,-0.008356697011981867
2.693,0.017515637475612477
2.694,-0.004660649228039817
2.695,-0.02314088814775006
2.696,-0.008356697011981867
2.697,0.00642749412378633
2.698,-0.0009646014440977679
2.699,-0.012052744795923914
2.7,0.00642749412378633
2.701,-0.02683693593169211
2.702,-0.02314088814775006
2.703,-0.004660649228039817
2.704,-0.008356697011981867
2.705,-0.008356697011981867
2.706,0.00642749412378633
2.707,0.010123541907728378
2.708,-0.012052744795923914
2.709,0.013819589691670428
2.71,-0.0009646014440977679
2.711,-0.004660649228039817
2.712,-0.0009646014440977679
2.713,-0.008356697011981867
2.714,0.002731446339844281
2.715,-0.004660649228039817
2.716,0.002731446339844281
2.717,-0.012052744795923914
2.718,-0.008356697011981867
2.719,-0.012052744795923914
2.72,-0.0009646014440977679
2.721,0.00642749412378633
2.722,-0.015748792579865965
2.723,0.002731446339844281
2.724,-0.02683693593169211
2.725,-0.019444840363808013
2.726,-0.02314088814775006
2.727,-0.004660649228039817
2.728,-0.0009646014440977679
2.729,-0.03792507928351826
2.73,-0.004660649228039817
2.731,-0.008356697011981867
2.732,0.017515637475612477
2.733,-0.0009646014440977679
2.734,0.010123541907728378
2.735,-0.008356697011981867
2.736,-0.004660649228039817
2.737,-0.0009646014440977679
2.738,0.002731446339844281
2.739,-0.004660649228039817
2.74,-0.012052744795923914
2.741,-0.008356697011981867
2.742,0.002731446339844281
2.743,-0.0009646014440977679
2.744,-0.008356697011981867
2.745,0.010123541907728378
2.746,0.002731446339844281
2.747,-0.008356697011981867
2.748,-0.008356697011981867
2.749,-0.0009646014440977679
2.75,-0.019444840363808013
2.751,-0.015748792579865965
2.752,0.002731446339844281
2.753,-0.012052744795923914
2.754,-0.012052744795923914
2.755,-0.02314088814775006
2.756,0.002731446339844281
2.757,-0.015748792579865965
2.758,-0.008356697011981867
2.759,-0.004660649228039817
2.76,-0.012052744795923914
2.761,-0.015748792579865965
2.762,0.002731446339844281
2.763,0.002731446339844281
2.764,-0.015748792579865965
2.765,-0.019444840363808013
2.766,0.00642749412378633
2.767,0.013819589691670428
2.768,0.002731446339844281
2.769,-0.0009646014440977679
2.77,0.002731446339844281
2.771,-0.004660649228039817
2.772,-0.004660649228039817
2.773,-0.015748792579865965
2.774,-0.0009646014440977679
2.775,-0.008356697011981867
2.776,-0.012052744795923914
2.777,-0.008356697011981867
2.778,-0.012052744795923914
2.779,-0.004660649228039817
2.78,-0.012052744795923914
2.781,-0.019444840363808013
2.782,0.00642749412378633
2.783,0.002731446339844281
2.784,-0.012052744795923914
2.785,-0.008356697011981867
2.786,-0.0009646014440977679
2.787,-0.012052744795923914
2.788,-0.015748792579865965
2.789,-0.019444840363808013
2.79,-0.0009646014440977679
2.791,-0.008356697011981867
2.792,-0.012052744795923914
2.793,0.00642749412378633
2.794,-0.008356697011981867
2.795,-0.004660649228039817
2.796,0.002731446339844281
2.797,-0.0009646014440977679
2.798,-0.008356697011981867
2.799,-0.015748792579865965
2.8,-0.0009646014440977679
2.801,-0.02314088814775006
2.802,-0.03053298371563416
2.803,-0.0009646014440977679
2.804,-0.012052744795923914
2.805,-0.015748792579865965
2.806,-0.012052744795923914
2.807,0.00642749412378633
2.808,-0.004660649228039817
2.809,-0.008356697011981867
2.81,-0.02683693593169211
2.811,0.010123541907728378
2.812,-0.004660649228039817
2.813,-0.019444840363808013
2.814,-0.012052744795923914
2.815,-0.004660649228039817
2.816,-0.02314088814775006
2.817,0.017515637475612477
2.818,0.00642749412378633
2.819,-0.008356697011981867
2.82,-0.019444840363808013
2.821,-0.012052744795923914
2.822,-0.004660649228039817
2.823,0.013819589691670428
2.824,-0.004660649228039817
2.825,0.00642749412378633
2.826,0.002731446339844281
2.827,0.002731446339844281
2.828,-0.012052744795923914
2.829,-0.0009646014440977679
2.83,-0.004660649228039817
2.831,-0.019444840363808013
2.832,0.00642749412378633
2.833,-0.019444840363808013
2.834,0.00642749412378633
2.835,-0.008356697011981867
2.836,-0.004660649228039817
2.837,-0.004660649228039817
2.838,-0.0009646014440977679
2.839,-0.008356697011981867
2.84,0.010123541907728378
2.841,0.010123541907728378
2.842,0.002731446339844281
2.843,0.010123541907728378
2.844,-0.02314088814775006
2.845,-0.004660649228039817
2.846,-0.008356697011981867
2.847,0.00642749412378633
2.848,0.021211685259554525
2.849,-0.012052744795923914
2.85,-0.02683693593169211
2.851,0.010123541907728378
2.852,-0.012052744795923914
2.853,-0.012052744795923914
2.854,-0.004660649228039817
2.855,-0.015748792579865965
2.856,-0.015748792579865965
2.857,-0.019444840363808013
2.858,-0.019444840363808013
2.859,0.002731446339844281
2.86,-0.03053298371563416
2.861,-0.004660649228039817
2.862,-0.02314088814775006
2.863,-0.008356697011981867
2.864,0.002731446339844281
2.865,-0.02314088814775006
2.866,-0.008356697011981867
2.867,0.010123541907728378
2.868,-0.0009646014440977679
2.869,-0.015748792579865965
2.87,0.002731446339844281
2.871,-0.019444840363808013
2.872,-0.0009646014440977679
2.873,0.00642749412378633
2.874,-0.004660649228039817
2.875,-0.012052744795923914
2.876,-0.004660649228039817
2.877,-0.012052744795923914
2.878,0.00642749412378633
2.879,0.00642749412378633
2.88,-0.012052744795923914
2.881,-0.004660649228039817
2.882,-0.004660649228039817
2.883,0.002731446339844281
2.884,-0.012052744795923914
2.885,-0.019444840363808013
2.886,0.010123541907728378
2.887,-0.019444840363808013
2.888,-0.004660649228039817
2.889,0.013819589691670428
2.89,-0.015748792579865965
2.891,0.002731446339844281
2.892,0.002731446339844281
2.893,-0.008356697011981867
2.894,-0.012052744795923914
2.895,-0.019444840363808013
2.896,0.013819589691670428
2.897,-0.0009646014440977679
2.898,-0.019444840363808013
2.899,0.00642749412378633
2.9,0.00642749412378633
2.901,0.00642749412378633
2.902,-0.012052744795923914
2.903,0.002731446339844281
2.904,-0.008356697011981867
2.905,-0.004660649228039817
2.906,-0.0009646014440977679
2.907,0.024907733043496576
2.908,-0.008356697011981867
2.909,0.017515637475612477
2.91,-0.03792507928351826
2.911,-0.0009646014440977679
2.912,0.017515637475612477
2.913,-0.015748792579865965
2.914,-0.012052744795923914
2.915,-0.015748792579865965
2.916,-0.02683693593169211
2.917,0.00642749412378633
2.918,-0.019444840363808013
2.919,0.010123541907728378
2.92,0.010123541907728378
2.921,-0.012052744795923914
2.922,-0.015748792579865965
2.923,-0.019444840363808013
2.924,-0.015748792579865965
2.925,-0.004660649228039817
2.926,-0.019444840363808013
2.927,0.010123541907728378
2.928,0.013819589691670428
2.929,0.010123541907728378
2.93,-0.012052744795923914
2.931,-0.03053298371563416
2.932,-0.03053298371563416
2.933,0.00642749412378633
2.934,0.002731446339844281
2.935,-0.012052744795923914
2.936,-0.02314088814775006
2.937,0.010123541907728378
2.938,-0.012052744795923914
2.939,-0.03053298371563416
2.94,0.010123541907728378
2.941,-0.004660649228039817
2.942,-0.0009646014440977679
2.943,0.00642749412378633
2.944,-0.012052744795923914
2.945,-0.0009646014440977679
2.946,-0.004660649228039817
2.947,-0.012052744795923914
2.948,-0.015748792579865965
2.949,-0.004660649228039817
2.95,-0.0009646014440977679
2.951,0.021211685259554525
2.952,0.002731446339844281
2.953,0.00642749412378633
2.954,-0.02314088814775006
2.955,0.017515637475612477
2.956,-0.008356697011981867
2.957,0.010123541907728378
2.958,-0.012052744795923914
2.959,-0.02683693593169211
2.96,0.002731446339844281
2.961,0.010123541907728378
2.962,-0.0009646014440977679
2.963,-0.0009646014440977679
2.964,-0.012052744795923914
2.965,0.013819589691670428
2.966,-0.004660649228039817
2.967,0.010123541907728378
2.968,-0.0009646014440977679
2.969,0.00642749412378633
2.97,-0.004660649228039817
2.971,-0.015748792579865965
2.972,0.010123541907728378
2.973,-0.004660649228039817
2.974,-0.0009646014440977679
2.975,-0.008356697011981867
2.976,-0.019444840363808013
2.977,-0.015748792579865965
2.978,0.013819589691670428
2.979,-0.004660649228039817
2.98,0.00642749412378633
2.981,-0.019444840363808013
2.982,-0.02314088814775006
2.983,-0.008356697011981867
2.984,-0.03053298371563416
2.985,-0.019444840363808013
2.986,-0.008356697011981867
2.987,-0.012052744795923914
2.988,-0.008356697011981867
2.989,-0.019444840363808013
2.99,-0.019444840363808013
2.991,-0.008356697011981867
2.992,-0.012052744795923914
2.993,-0.0009646014440977679
2.994,-0.0009646014440977679
2.995,0.010123541907728378
2.996,-0.012052744795923914
2.997,-0.012052744795923914
2.998,-0.012052744795923914
2.999,-0.0009646014440977679
3.0,-0.008356697011981867
3.001,-0.019444840363808013
3.002,-0.008356697011981867
3.003,-0.004660649228039817
3.004,-0.03053298371563416
3.005,-0.008356697011981867
3.006,0.002731446339844281
3.007,-0.008356697011981867
3.008,-0.03792507928351826
3.009,0.00642749412378633
3.01,-0.015748792579865965
3.011,-0.012052744795923914
3.012,-0.004660649228039817
3.013,-0.008356697011981867
3.014,0.00642749412378633
3.015,-0.0009646014440977679
3.016,-0.0009646014440977679
3.017,-0.0009646014440977679
3.018,0.00642749412378633
3.019,-0.02314088814775006
3.02,-0.008356697011981867
3.021,-0.004660649228039817
3.022,0.013819589691670428
3.023,-0.0009646014440977679
3.024,0.017515637475612477
3.025,-0.0009646014440977679
3.026,-0.008356697011981867
3.027,0.010123541907728378
3.028,-0.012052744795923914
3.029,0.00642749412378633
3.03,-0.004660649228039817
3.031,-0.0009646014440977679
3.032,-0.008356697011981867
3.033,0.002731446339844281
3.034,0.002731446339844281
3.035,-0.008356697011981867
3.036,-0.004660649228039817
3.037,0.00642749412378633
3.038,0.010123541907728378
3.039,-0.012052744795923914
3.04,-0.008356697011981867
3.041,-0.019444840363808013
3.042,-0.0009646014440977679
3.043,0.002731446339844281
3.044,-0.004660649228039817
3.045,0.00642749412378633
3.046,-0.015748792579865965
3.047,-0.02314088814775006
3.048,-0.008356697011981867
3.049,-0.012052744795923914
3.05,-0.0009646014440977679
3.051,-0.008356697011981867
3.052,0.010123541907728378
3.053,-0.019444840363808013
3.054,-0.004660649228039817
3.055,0.002731446339844281
3.056,-0.02683693593169211
3.057,-0.008356697011981867
3.058,0.013819589691670428
3.059,-0.03792507928351826
3.06,0.013819589691670428
3.061,-0.02314088814775006
3.062,-0.019444840363808013
3.063,0.00642749412378633
3.064,-0.0009646014440977679
3.065,-0.0009646014440977679
3.066,-0.019444840363808013
3.067,-0.008356697011981867
3.068,-0.004660649228039817
3.069,-0.0009646014440977679
3.07,0.024907733043496576
3.071,-0.008356697011981867
3.072,-0.0009646014440977679
3.073,-0.019444840363808013
3.074,0.00642749412378633
3.075,-0.015748792579865965
3.076,0.013819589691670428
3.077,-0.012052744795923914
3.078,-0.019444840363808013
3.079,0.010123541907728378
3.08,-0.004660649228039817
3.081,0.024907733043496576
3.082,-0.004660649228039817
3.083,-0.015748792579865965
3.084,-0.02683693593169211
3.085,-0.012052744795923914
3.086,-0.004660649228039817
3.087,0.002731446339844281
3.088,-0.0009646014440977679
3.089,-0.0009646014440977679
3.09,0.010123541907728378
3.091,-0.004660649228039817
3.092,0.002731446339844281
3.093,-0.008356697011981867
3.094,-0.0009646014440977679
3.095,-0.019444840363808013
3.096,-0.03422903149957621
3.097,-0.008356697011981867
3.098,0.00642749412378633
3.099,-0.008356697011981867
3.1,-0.019444840363808013
3.101,-0.015748792579865965
3.102,-0.019444840363808013
3.103,-0.008356697011981867
3.104,-0.008356697011981867
3.105,-0.0009646014440977679
3.106,-0.019444840363808013
3.107,-0.012052744795923914
3.108,-0.008356697011981867
3.109,-0.012052744795923914
3.11,-0.008356697011981867
3.111,-0.008356697011981867
3.112,-0.012052744795923914
3.113,-0.015748792579865965
3.114,-0.004660649228039817
3.115,0.017515637475612477
3.116,-0.0009646014440977679
3.117,-0.03422903149957621
3.118,-0.004660649228039817
3.119,-0.008356697011981867
3.12,0.002731446339844281
3.121,-0.008356697011981867
3.122,0.010123541907728378
3.123,0.013819589691670428
3.124,0.013819589691670428
3.125,0.00642749412378633
3.126,-0.008356697011981867
3.127,-0.004660649228039817
3.128,0.017515637475612477
3.129,0.002731446339844281
3.13,-0.004660649228039817
3.131,-0.0009646014440977679
3.132,-0.008356697011981867
3.133,-0.019444840363808013
3.134,-0.0009646014440977679
3.135,-0.0009646014440977679
3.136,-0.0009646014440977679
3.137,-0.008356697011981867
3.138,-0.03053298371563416
3.139,-0.02314088814775006
3.14,-0.015748792579865965
3.141,0.010123541907728378
3.142,-0.004660649228039817
3.143,0.024907733043496576
3.144,-0.015748792579865965
3.145,-0.012052744795923914
3.146,-0.012052744795923914
3.147,-0.0009646014440977679
3.148,-0.004660649228039817
3.149,0.017515637475612477
3.15,0.002731446339844281
3.151,-0.012052744795923914
3.152,-0.004660649228039817
3.153,0.00642749412378633
3.154,-0.02314088814775006
3.155,-0.0009646014440977679
3.156,-0.012052744795923914
3.157,0.00642749412378633
3.158,-0.015748792579865965
3.159,-0.008356697011981867
3.16,-0.02314088814775006
3.161,-0.02683693593169211
3.162,-0.02683693593169211
3.163,-0.019444840363808013
3.164,-0.004660649228039817
3.165,-0.019444840363808013
3.166,-0.008356697011981867
3.167,0.010123541907728378
3.168,-0.012052744795923914
3.169,-0.0009646014440977679
3.17,-0.019444840363808013
3.171,-0.02314088814775006
3.172,0.002731446339844281
3.173,-0.02314088814775006
3.174,-0.004660649228039817
3.175,-0.004660649228039817
3.176,-0.004660649228039817
3.177,0.017515637475612477
3.178,-0.004660649228039817
3.179,-0.004660649228039817
3.18,-0.0009646014440977679
3.181,-0.0009646014440977679
3.182,-0.019444840363808013
3.183,-0.008356697011981867
3.184,-0.03053298371563416
3.185,-0.019444840363808013
3.186,-0.008356697011981867
3.187,-0.004660649228039817
3.188,0.002731446339844281
3.189,-0.0009646014440977679
3.19,-0.03053298371563416
3.191,-0.004660649228039817
3.192,0.00642749412378633
3.193,-0.012052744795923914
3.194,0.03599587639532272
3.195,-0.0009646014440977679
3.196,0.013819589691670428
3.197,-0.012052744795923914
3.198,0.024907733043496576
3.199,-0.008356697011981867
3.2,0.002731446339844281
3.201,-0.008356697011981867
3.202,0.002731446339844281
3.203,-0.0009646014440977679
3.204,-0.02683693593169211
3.205,-0.019444840363808013
3.206,0.017515637475612477
3.207,-0.008356697011981867
3.208,-0.02683693593169211
3.209,-0.0009646014440977679
3.21,-0.004660649228039817
3.211,-0.02314088814775006
3.212,0.00642749412378633
3.213,-0.0009646014440977679
3.214,0.002731446339844281
3.215,0.002731446339844281
3.216,-0.02314088814775006
3.217,-0.012052744795923914
3.218,-0.012052744795923914
3.219,-0.008356697011981867
3.22,-0.008356697011981867
3.221,0.010123541907728378
3.222,-0.015748792579865965
3.223,-0.019444840363808013
3.224,0.00642749412378633
3.225,-0.004660649228039817
3.226,-0.0009646014440977679
3.227,-0.019444840363808013
3.228,-0.015748792579865965
3.229,0.002731446339844281
3.23,0.00642749412378633
3.231,-0.019444840363808013
3.232,-0.02683693593169211
3.233,-0.019444840363808013
3.234,-0.02314088814775006
3.235,0.002731446339844281
3.236,-0.019444840363808013
3.237,-0.012052744795923914
3.238,-0.008356697011981867
3.239,-0.015748792579865965
3.24,-0.004660649228039817
3.241,0.002731446339844281
3.242,-0.008356697011981867
3.243,-0.004660649228039817
3.244,0.021211685259554525
3.245,-0.004660649228039817
3.246,0.013819589691670428
3.247,-0.004660649228039817
3.248,-0.004660649228039817
3.249,-0.02314088814775006
3.25,0.013819589691670428
3.251,-0.015748792579865965
3.252,-0.0009646014440977679
3.253,-0.012052744795923914
3.254,-0.012052744795923914
3.255,-0.0009646014440977679
3.256,-0.03422903149957621
3.257,-0.019444840363808013
3.258,-0.02683693593169211
3.259,0.002731446339844281
3.26,0.002731446339844281
3.261,-0.0009646014440977679
3.262,-0.02683693593169211
3.263,-0.008356697011981867
3.264,0.00642749412378633
3.265,-0.02314088814775006
3.266,-0.004660649228039817
3.267,0.002731446339844281
3.268,0.010123541907728378
3.269,0.021211685259554525
3.27,0.00642749412378633
3.271,-0.008356697011981867
3.272,-0.004660649228039817
3.273,-0.012052744795923914
3.274,0.002731446339844281
3.275,-0.0009646014440977679
3.276,-0.004660649228039817
3.277,-0.0009646014440977679
3.278,-0.0009646014440977679
3.279,-0.004660649228039817
3.28,-0.004660649228039817
3.281,-0.004660649228039817
3.282,-0.012052744795923914
3.283,-0.0009646014440977679
3.284,-0.02683693593169211
3.285,0.00642749412378633
3.286,-0.019444840363808013
3.287,0.021211685259554525
3.288,0.010123541907728378
3.289,-0.012052744795923914
3.29,0.010123541907728378
3.291,0.002731446339844281
3.292,-0.02314088814775006
3.293,-0.012052744795923914
3.294,0.010123541907728378
3.295,-0.008356697011981867
3.296,0.002731446339844281
3.297,0.00642749412378633
3.298,-0.012052744795923914
3.299,0.017515637475612477
3.3,0.00642749412378633
3.301,-0.019444840363808013
3.302,-0.012052744795923914
3.303,-0.02683693593169211
3.304,-0.0009646014440977679
3.305,-0.0009646014440977679
3.306,-0.012052744795923914
3.307,0.010123541907728378
3.308,-0.008356697011981867
3.309,-0.012052744795923914
3.31,-0.019444840363808013
3.311,-0.02314088814775006
3.312,-0.012052744795923914
3.313,0.00642749412378633
3.314,-0.004660649228039817
3.315,-0.03422903149957621
3.316,-0.03053298371563416
3.317,-0.008356697011981867
3.318,-0.008356697011981867
3.319,-0.019444840363808013
3.32,-0.008356697011981867
3.321,-0.004660649228039817
3.322,-0.0009646014440977679
3.323,-0.008356697011981867
3.324,0.021211685259554525
3.325,-0.008356697011981867
3.326,0.00642749412378633
3.327,-0.012052744795923914
3.328,-0.008356697011981867
3.329,0.010123541907728378
3.33,0.002731446339844281
3.331,0.013819589691670428
3.332,0.024907733043496576
3.333,0.021211685259554525
3.334,0.010123541907728378
3.335,-0.0009646014440977679
3.336,-0.0009646014440977679
3.337,-0.004660649228039817
3.338,0.017515637475612477
3.339,-0.019444840363808013
3.34,-0.02314088814775006
3.341,-0.004660649228039817
3.342,-0.019444840363808013
3.343,0.010123541907728378
3.344,-0.015748792579865965
3.345,-0.008356697011981867
3.346,-0.004660649228039817
3.347,-0.015748792579865965
3.348,-0.02314088814775006
3.349,0.002731446339844281
3.35,-0.02314088814775006
3.351,-0.008356697011981867
3.352,-0.004660649228039817
3.353,0.002731446339844281
3.354,-0.015748792579865965
3.355,-0.008356697011981867
3.356,-0.012052744795923914
3.357,-0.0009646014440977679
3.358,0.002731446339844281
3.359,-0.0009646014440977679
3.36,-0.015748792579865965
3.361,-0.004660649228039817
3.362,-0.012052744795923914
3.363,-0.012052744795923914
3.364,-0.019444840363808013
3.365,-0.008356697011981867
3.366,-0.008356697011981867
3.367,-0.008356697011981867
3.368,0.002731446339844281
3.369,0.002731446339844281
3.37,-0.0009646014440977679
3.371,-0.008356697011981867
3.372,-0.008356697011981867
3.373,-0.0009646014440977679
3.374,-0.012052744795923914
3.375,-0.0009646014440977679
3.376,0.002731446339844281
3.377,-0.004660649228039817
3.378,-0.008356697011981867
3.379,-0.012052744795923914
3.38,0.002731446339844281
3.381,0.03229982861138067
3.382,0.017515637475612477
3.383,-0.004660649228039817
3.384,-0.008356697011981867
3.385,0.002731446339844281
3.386,-0.015748792579865965
3.387,-0.0009646014440977679
3.388,0.002731446339844281
3.389,-0.02314088814775006
3.39,0.010123541907728378
3.391,-0.008356697011981867
3.392,0.024907733043496576
3.393,-0.008356697011981867
3.394,-0.012052744795923914
3.395,-0.008356697011981867
3.396,-0.008356697011981867
3.397,-0.004660649228039817
3.398,0.00642749412378633
3.399,-0.0009646014440977679
3.4,-0.008356697011981867
3.401,-0.008356697011981867
3.402,-0.012052744795923914
3.403,0.002731446339844281
3.404,-0.0009646014440977679
3.405,-0.012052744795923914
3.406,-0.012052744795923914
3.407,-0.019444840363808013
3.408,-0.019444840363808013
3.409,-0.015748792579865965
3.41,-0.012052744795923914
3.411,-0.0009646014440977679
3.412,-0.004660649228039817
3.413,0.002731446339844281
3.414,-0.004660649228039817
3.415,-0.015748792579865965
3.416,-0.019444840363808013
3.417,-0.004660649228039817
3.418,0.002731446339844281
3.419,-0.015748792579865965
3.42,-0.008356697011981867
3.421,-0.008356697011981867
3.422,-0.0009646014440977679
3.423,-0.004660649228039817
3.424,0.010123541907728378
3.425,0.017515637475612477
3.426,-0.008356697011981867
3.427,-0.0009646014440977679
3.428,-0.012052744795923914
3.429,0.013819589691670428
3.43,0.00642749412378633
3.431,-0.0009646014440977679
3.432,-0.015748792579865965
3.433,0.002731446339844281
3.434,-0.02314088814775006
3.435,-0.019444840363808013
3.436,0.010123541907728378
3.437,0.002731446339844281
3.438,-0.008356697011981867
3.439,-0.02683693593169211
3.44,-0.004660649228039817
3.441,-0.015748792579865965
3.442,-0.012052744795923914
3.443,-0.0009646014440977679
3.444,-0.008356697011981867
3.445,0.00642749412378633
3.446,-0.012052744795923914
3.447,-0.012052744795923914
3.448,-0.012052744795923914
3.449,0.017515637475612477
3.45,-0.008356697011981867
3.451,0.00642749412378633
3.452,-0.008356697011981867
3.453,-0.008356697011981867
3.454,-0.008356697011981867
3.455,-0.015748792579865965
3.456,-0.02683693593169211
3.457,0.002731446339844281
3.458,-0.004660649228039817
3.459,-0.0009646014440977679
3.46,-0.02314088814775006
3.461,-0.015748792579865965
3.462,-0.008356697011981867
3.463,-0.004660649228039817
3.464,0.013819589691670428
3.465,-0.015748792579865965
3.466,-0.0009646014440977679
3.467,-0.012052744795923914
3.468,0.017515637475612477
3.469,0.010123541907728378
3.47,-0.012052744795923914
3.471,-0.015748792579865965
3.472,-0.0009646014440977679
3.473,-0.015748792579865965
3.474,-0.015748792579865965
3.475,-0.015748792579865965
3.476,-0.008356697011981867
3.477,-0.015748792579865965
3.478,0.013819589691670428
3.479,-0.008356697011981867
3.48,-0.004660649228039817
3.481,-0.02314088814775006
3.482,0.002731446339844281
3.483,-0.019444840363808013
3.484,0.013819589691670428
3.485,0.002731446339844281
3.486,0.002731446339844281
3.487,-0.008356697011981867
3.488,-0.015748792579865965
3.489,-0.004660649228039817
3.49,0.00642749412378633
3.491,-0.02314088814775006
3.492,-0.015748792579865965
3.493,-0.004660649228039817
3.494,0.00642749412378633
3.495,0.013819589691670428
3.496,0.00642749412378633
3.497,-0.03422903149957621
3.498,0.002731446339844281
3.499,-0.015748792579865965
3.5,-0.019444840363808013
3.501,-0.0009646014440977679
3.502,-0.0009646014440977679
3.503,-0.015748792579865965
3.504,0.00642749412378633
3.505,-0.015748792579865965
3.506,-0.015748792579865965
3.507,0.017515637475612477
3.508,0.013819589691670428
3.509,-0.015748792579865965
3.51,-0.015748792579865965
3.511,0.010123541907728378
3.512,0.002731446339844281
3.513,-0.0009646014440977679
3.514,0.00642749412378633
3.515,-0.02683693593169211
3.516,-0.015748792579865965
3.517,-0.008356697011981867
3.518,-0.004660649228039817
3.519,-0.0009646014440977679
3.52,0.017515637475612477
3.521,-0.0009646014440977679
3.522,-0.0009646014440977679
3.523,-0.02683693593169211
3.524,0.00642749412378633
3.525,-0.012052744795923914
3.526,-0.0009646014440977679
3.527,-0.0009646014440977679
3.528,-0.004660649228039817
3.529,-0.004660649228039817
3.53,-0.004660649228039817
3.531,0.00642749412378633
3.532,-0.012052744795923914
3.533,-0.015748792579865965
3.534,0.002731446339844281
3.535,0.010123541907728378
3.536,-0.02683693593169211
3.537,-0.008356697011981867
3.538,-0.02314088814775006
3.539,-0.004660649228039817
3.54,-0.0009646014440977679
3.541,-0.03422903149957621
3.542,-0.015748792579865965
3.543,-0.012052744795923914
3.544,0.002731446339844281
3.545,-0.012052744795923914
3.546,-0.02314088814775006
3.547,-0.004660649228039817
3.548,0.010123541907728378
3.549,-0.008356697011981867
3.55,-0.015748792579865965
3.551,-0.015748792579865965
3.552,-0.004660649228039817
3.553,-0.012052744795923914
3.554,-0.004660649228039817
3.555,-0.02314088814775006
3.556,-0.015748792579865965
3.557,-0.015748792579865965
3.558,-0.012052744795923914
3.559,-0.015748792579865965
3.56,-0.004660649228039817
3.561,0.00642749412378633
3.562,0.002731446339844281
3.563,-0.008356697011981867
3.564,0.002731446339844281
3.565,-0.012052744795923914
3.566,-0.0009646014440977679
3.567,-0.015748792579865965
3.568,0.013819589691670428
3.569,0.002731446339844281
3.57,-0.004660649228039817
3.571,-0.0009646014440977679
3.572,-0.03053298371563416
3.573,-0.02683693593169211
3.574,-0.02683693593169211
3.575,0.013819589691670428
3.576,-0.02683693593169211
3.577,-0.019444840363808013
3.578,-0.012052744795923914
3.579,-0.008356697011981867
3.58,-0.0009646014440977679
3.581,-0.012052744795923914
3.582,-0.012052744795923914
3.583,-0.008356697011981867
3.584,-0.012052744795923914
3.585,-0.015748792579865965
3.586,-0.008356697011981867
3.587,-0.02314088814775006
3.588,-0.02683693593169211
3.589,-0.008356697011981867
3.59,-0.0009646014440977679
3.591,0.010123541907728378
3.592,-0.004660649228039817
3.593,0.00642749412378633
3.594,-0.012052744795923914
3.595,-0.0009646014440977679
3.596,-0.03422903149957621
3.597,-0.004660649228039817
3.598,-0.019444840363808013
3.599,-0.0009646014440977679
3.6,-0.019444840363808013
3.601,-0.012052744795923914
3.602,0.00642749412378633
3.603,0.00642749412378633
3.604,-0.019444840363808013
3.605,0.013819589691670428
3.606,-0.015748792579865965
3.607,-0.02314088814775006
3.608,0.010123541907728378
3.609,-0.004660649228039817
3.61,-0.019444840363808013
3.611,-0.02314088814775006
3.612,-0.008356697011981867
3.613,-0.02314088814775006
3.614,0.013819589691670428
3.615,-0.015748792579865965
3.616,-0.0009646014440977679
3.617,-0.0009646014440977679
3.618,-0.0009646014440977679
3.619,-0.012052744795923914
3.62,-0.004660649228039817
3.621,0.017515637475612477
3.622,-0.03053298371563416
3.623,-0.019444840363808013
3.624,-0.012052744795923914
3.625,-0.008356697011981867
3.626,-0.008356697011981867
3.627,-0.008356697011981867
3.628,-0.03792507928351826
3.629,-0.004660649228039817
3.63,-0.012052744795923914
3.631,0.010123541907728378
3.632,0.00642749412378633
3.633,0.010123541907728378
3.634,-0.008356697011981867
3.635,-0.015748792579865965
3.636,0.021211685259554525
3.637,-0.008356697011981867
3.638,-0.008356697011981867
3.639,-0.0009646014440977679
3.64,-0.0009646014440977679
3.641,-0.0009646014440977679
3.642,-0.015748792579865965
3.643,-0.0009646014440977679
3.644,-0.008356697011981867
3.645,-0.0009646014440977679
3.646,-0.02683693593169211
3.647,-0.012052744795923914
3.648,0.010123541907728378
3.649,0.010123541907728378
3.65,-0.008356697011981867
3.651,-0.004660649228039817
3.652,-0.015748792579865965
3.653,-0.02683693593169211
3.654,-0.008356697011981867
3.655,-0.008356697011981867
3.656,0.010123541907728378
3.657,0.00642749412378633
3.658,0.017515637475612477
3.659,0.010123541907728378
3.66,0.002731446339844281
3.661,-0.015748792579865965
3.662,0.002731446339844281
3.663,0.017515637475612477
3.664,0.013819589691670428
3.665,-0.004660649228039817
3.666,-0.008356697011981867
3.667,0.013819589691670428
3.668,0.002731446339844281
3.669,-0.019444840363808013
3.67,-0.008356697011981867
3.671,-0.02314088814775006
3.672,-0.015748792579865965
3.673,-0.0009646014440977679
3.674,0.013819589691670428
3.675,0.010123541907728378
3.676,-0.015748792579865965
3.677,-0.008356697011981867
3.678,0.010123541907728378
3.679,0.028603780827438623
3.68,0.013819589691670428
3.681,-0.004660649228039817
3.682,-0.02683693593169211
3.683,-0.012052744795923914
3.684,0.024907733043496576
3.685,-0.015748792579865965
3.686,-0.019444840363808013
3.687,-0.008356697011981867
3.688,-0.012052744795923914
3.689,0.017515637475612477
3.69,-0.015748792579865965
3.691,-0.06010136598717055
3.692,-0.008356697011981867
3.693,-0.012052744795923914
3.694,0.013819589691670428
3.695,-0.015748792579865965
3.696,-0.0009646014440977679
3.697,-0.004660649228039817
3.698,-0.004660649228039817
3.699,-0.019444840363808013
3.7,-0.004660649228039817
3.701,0.013819589691670428
3.702,-0.012052744795923914
3.703,-0.015748792579865965
3.704,-0.0009646014440977679
3.705,-0.019444840363808013
3.706,-0.015748792579865965
3.707,0.002731446339844281
3.708,-0.019444840363808013
3.709,-0.015748792579865965
3.71,-0.004660649228039817
3.711,-0.02314088814775006
3.712,-0.015748792579865965
3.713,-0.0009646014440977679
3.714,-0.02683693593169211
3.715,-0.015748792579865965
3.716,-0.012052744795923914
3.717,0.00642749412378633
3.718,-0.0009646014440977679
3.719,-0.008356697011981867
3.72,-0.004660649228039817
3.721,-0.012052744795923914
3.722,-0.012052744795923914
3.723,-0.004660649228039817
3.724,-0.015748792579865965
3.725,-0.004660649228039817
3.726,0.00642749412378633
3.727,0.013819589691670428
3.728,-0.03422903149957621
3.729,-0.02314088814775006
3.73,0.00642749412378633
3.731,-0.0009646014440977679
3.732,-0.012052744795923914
3.733,-0.008356697011981867
3.734,-0.0009646014440977679
3.735,-0.008356697011981867
3.736,-0.019444840363808013
3.737,-0.012052744795923914
3.738,-0.0009646014440977679
3.739,-0.015748792579865965
3.74,-0.015748792579865965
3.741,-0.008356697011981867
3.742,-0.008356697011981867
3.743,-0.015748792579865965
3.744,-0.015748792579865965
3.745,-0.015748792579865965
3.746,-0.019444840363808013
3.747,-0.0009646014440977679
3.748,-0.012052744795923914
3.749,-0.012052744795923914
3.75,0.010123541907728378
3.751,0.002731446339844281
3.752,-0.012052744795923914
3.753,-0.008356697011981867
3.754,-0.012052744795923914
3.755,-0.02683693593169211
3.756,-0.004660649228039817
3.757,-0.015748792579865965
3.758,0.00642749412378633
3.759,-0.004660649228039817
3.76,-0.02314088814775006
3.761,-0.03053298371563416
3.762,-0.02683693593169211
3.763,-0.02314088814775006
3.764,-0.012052744795923914
3.765,-0.004660649228039817
3.766,-0.0009646014440977679
3.767,0.002731446339844281
3.768,-0.008356697011981867
3.769,-0.015748792579865965
3.77,0.00642749412378633
3.771,-0.0009646014440977679
3.772,-0.008356697011981867
3.773,-0.03053298371563416
3.774,0.017515637475612477
3.775,-0.012052744795923914
3.776,-0.02314088814775006
3.777,-0.0009646014440977679
3.778,-0.02683693593169211
3.779,0.010123541907728378
3.78,-0.015748792579865965
3.781,0.013819589691670428
3.782,-0.019444840363808013
3.783,-0.008356697011981867
3.784,-0.02683693593169211
3.785,-0.008356697011981867
3.786,-0.004660649228039817
3.787,0.024907733043496576
3.788,-0.004660649228039817
3.789,-0.008356697011981867
3.79,-0.008356697011981867
3.791,-0.004660649228039817
3.792,-0.015748792579865965
3.793,-0.015748792579865965
3.794,-0.008356697011981867
3.795,0.002731446339844281
3.796,0.010123541907728378
3.797,-0.02314088814775006
3.798,-0.008356697011981867
3.799,0.002731446339844281
3.8,-0.02683693593169211
3.801,-0.019444840363808013
3.802,-0.008356697011981867
3.803,-0.0009646014440977679
3.804,0.002731446339844281
3.805,-0.019444840363808013
3.806,-0.004660649228039817
3.807,-0.004660649228039817
3.808,-0.0009646014440977679
3.809,0.00642749412378633
3.81,-0.0009646014440977679
3.811,-0.012052744795923914
3.812,-0.015748792579865965
3.813,-0.03053298371563416
3.814,-0.019444840363808013
3.815,-0.012052744795923914
3.816,-0.004660649228039817
3.817,-0.004660649228039817
3.818,-0.008356697011981867
3.819,-0.008356697011981867
3.82,-0.008356697011981867
3.821,-0.02683693593169211
3.822,-0.0009646014440977679
3.823,0.002731446339844281
3.824,0.013819589691670428
3.825,-0.02314088814775006
3.826,-0.008356697011981867
3.827,-0.012052744795923914
3.828,-0.019444840363808013
3.829,-0.019444840363808013
3.83,-0.02683693593169211
3.831,-0.0009646014440977679
3.832,-0.02314088814775006
3.833,-0.012052744795923914
3.834,0.021211685259554525
3.835,0.021211685259554525
3.836,-0.008356697011981867
3.837,0.010123541907728378
3.838,-0.008356697011981867
3.839,-0.004660649228039817
3.84,-0.012052744795923914
3.841,-0.02314088814775006
3.842,-0.02683693593169211
3.843,-0.012052744795923914
3.844,-0.0009646014440977679
3.845,-0.008356697011981867
3.846,-0.008356697011981867
3.847,-0.008356697011981867
3.848,-0.004660649228039817
3.849,0.010123541907728378
3.85,0.017515637475612477
3.851,-0.0009646014440977679
3.852,-0.008356697011981867
3.853,0.00642749412378633
3.854,0.002731446339844281
3.855,-0.0009646014440977679
3.856,0.00642749412378633
3.857,-0.015748792579865965
3.858,-0.015748792579865965
3.859,-0.02683693593169211
3.86,-0.004660649228039817
3.861,-0.008356697011981867
3.862,-0.004660649228039817
3.863,-0.008356697011981867
3.864,-0.019444840363808013
3.865,-0.004660649228039817
3.866,0.002731446339844281
3.867,0.017515637475612477
3.868,0.00642749412378633
3.869,-0.012052744795923914
3.87,0.017515637475612477
3.871,0.010123541907728378
3.872,-0.012052744795923914
3.873,-0.02683693593169211
3.874,0.024907733043496576
3.875,-0.019444840363808013
3.876,0.00642749412378633
3.877,-0.004660649228039817
3.878,-0.012052744795923914
3.879,-0.03422903149957621
3.88,-0.012052744795923914
3.881,-0.008356697011981867
3.882,-0.019444840363808013
3.883,-0.012052744795923914
3.884,-0.0009646014440977679
3.885,-0.004660649228039817
3.886,-0.015748792579865965
3.887,-0.008356697011981867
3.888,-0.019444840363808013
3.889,-0.008356697011981867
3.89,-0.019444840363808013
3.891,-0.015748792579865965
3.892,-0.015748792579865965
3.893,0.010123541907728378
3.894,-0.015748792579865965
3.895,0.002731446339844281
3.896,-0.019444840363808013
3.897,-0.008356697011981867
3.898,0.013819589691670428
3.899,0.010123541907728378
3.9,-0.012052744795923914
3.901,-0.004660649228039817
3.902,-0.02314088814775006
3.903,-0.0009646014440977679
3.904,-0.008356697011981867
3.905,-0.004660649228039817
3.906,-0.004660649228039817
3.907,-0.008356697011981867
3.908,-0.004660649228039817
3.909,-0.0009646014440977679
3.91,-0.004660649228039817
3.911,-0.012052744795923914
3.912,0.00642749412378633
3.913,0.00642749412378633
3.914,-0.0009646014440977679
3.915,-0.02314088814775006
3.916,-0.004660649228039817
3.917,-0.004660649228039817
3.918,-0.0009646014440977679
3.919,-0.03422903149957621
3.92,-0.02314088814775006
3.921,-0.004660649228039817
3.922,-0.004660649228039817
3.923,-0.008356697011981867
3.924,0.002731446339844281
3.925,-0.015748792579865965
3.926,-0.02314088814775006
3.927,-0.004660649228039817
3.928,0.010123541907728378
3.929,-0.008356697011981867
3.93,-0.008356697011981867
3.931,-0.02314088814775006
3.932,0.00642749412378633
3.933,-0.0009646014440977679
3.934,-0.008356697011981867
3.935,-0.0009646014440977679
3.936,-0.008356697011981867
3.937,0.002731446339844281
3.938,0.00642749412378633
3.939,-0.019444840363808013
3.94,0.002731446339844281
3.941,-0.008356697011981867
3.942,-0.004660649228039817
3.943,-0.015748792579865965
3.944,-0.0009646014440977679
3.945,-0.019444840363808013
3.946,-0.012052744795923914
3.947,-0.008356697011981867
3.948,0.024907733043496576
3.949,-0.008356697011981867
3.95,-0.019444840363808013
3.951,-0.004660649228039817
3.952,-0.019444840363808013
3.953,-0.012052744795923914
3.954,-0.004660649228039817
3.955,-0.008356697011981867
3.956,0.024907733043496576
3.957,-0.008356697011981867
3.958,0.00642749412378633
3.959,-0.0009646014440977679
3.96,-0.004660649228039817
3.961,0.010123541907728378
3.962,0.013819589691670428
3.963,-0.004660649228039817
3.964,0.002731446339844281
3.965,0.002731446339844281
3.966,-0.0009646014440977679
3.967,0.013819589691670428
3.968,0.010123541907728378
3.969,-0.0009646014440977679
3.97,-0.019444840363808013
3.971,0.00642749412378633
3.972,-0.03422903149957621
3.973,-0.004660649228039817
3.974,-0.004660649228039817
3.975,-0.015748792579865965
3.976,-0.019444840363808013
3.977,-0.004660649228039817
3.978,-0.015748792579865965
3.979,-0.008356697011981867
3.98,0.010123541907728378
3.981,-0.0009646014440977679
3.982,-0.012052744795923914
3.983,-0.015748792579865965
3.984,0.00642749412378633
3.985,-0.015748792579865965
3.986,-0.008356697011981867
3.987,0.002731446339844281
3.988,-0.015748792579865965
3.989,-0.012052744795923914
3.99,-0.0009646014440977679
3.991,-0.008356697011981867
3.992,-0.008356697011981867
3.993,-0.04531717485140235
3.994,-0.03053298371563416
3.995,-0.004660649228039817
3.996,-0.015748792579865965
3.997,-0.008356697011981867
3.998,-0.02683693593169211
3.999,-0.008356697011981867
4.0,-0.0009646014440977679
4.001,-0.03053298371563416
4.002,-0.019444840363808013
4.003,0.010123541907728378
4.004,-0.02314088814775006
4.005,-0.004660649228039817
4.006,-0.008356697011981867
4.007,-0.004660649228039817
4.008,-0.0009646014440977679
4.009,0.028603780827438623
4.01,-0.03422903149957621
4.011,0.00642749412378633
4.012,-0.015748792579865965
4.013,-0.015748792579865965
4.014,-0.02314088814775006
4.015,0.013819589691670428
4.016,-0.008356697011981867
4.017,-0.008356697011981867
4.018,-0.012052744795923914
4.019,-0.008356697011981867
4.02,-0.015748792579865965
4.021,-0.012052744795923914
4.022,-0.015748792579865965
4.023,-0.0009646014440977679
4.024,-0.012052744795923914
4.025,-0.019444840363808013
4.026,0.017515637475612477
4.027,0.002731446339844281
4.028,0.00642749412378633
4.029,-0.03053298371563416
4.03,-0.008356697011981867
4.031,0.00642749412378633
4.032,-0.015748792579865965
4.033,-0.0009646014440977679
4.034,-0.004660649228039817
4.035,0.002731446339844281
4.036,-0.004660649228039817
4.037,-0.008356697011981867
4.038,-0.019444840363808013
4.039,-0.004660649228039817
4.04,-0.0009646014440977679
4.041,-0.004660649228039817
4.042,-0.015748792579865965
4.043,0.024907733043496576
4.044,0.002731446339844281
4.045,-0.019444840363808013
4.046,0.00642749412378633
4.047,-0.008356697011981867
4.048,-0.012052744795923914
4.049,-0.02314088814775006
4.05,-0.02683693593169211
4.051,0.010123541907728378
4.052,-0.0009646014440977679
4.053,-0.02314088814775006
4.054,-0.015748792579865965
4.055,-0.012052744795923914
4.056,0.00642749412378633
4.057,-0.008356697011981867
4.058,0.00642749412378633
4.059,-0.004660649228039817
4.06,-0.008356697011981867
4.061,0.002731446339844281
4.062,0.00642749412378633
4.063,-0.02314088814775006
4.064,0.002731446339844281
4.065,-0.004660649228039817
4.066,-0.004660649228039817
4.067,-0.03053298371563416
4.068,-0.008356697011981867
4.069,-0.008356697011981867
4.07,-0.004660649228039817
4.071,-0.012052744795923914
4.072,-0.0009646014440977679
4.073,-0.019444840363808013
4.074,0.010123541907728378
4.075,-0.008356697011981867
4.076,-0.02314088814775006
4.077,-0.019444840363808013
4.078,-0.008356697011981867
4.079,-0.008356697011981867
4.08,-0.02683693593169211
4.081,-0.015748792579865965
4.082,0.010123541907728378
4.083,-0.012052744795923914
4.084,-0.012052744795923914
4.085,-0.008356697011981867
4.086,-0.012052744795923914
4.087,-0.008356697011981867
4.088,0.002731446339844281
4.089,0.00642749412378633
4.09,0.010123541907728378
4.091,-0.004660649228039817
4.092,-0.008356697011981867
4.093,-0.004660649228039817
4.094,-0.0009646014440977679
4.095,-0.015748792579865965
4.096,0.002731446339844281
4.097,0.002731446339844281
4.098,0.021211685259554525
4.099,0.00642749412378633
4.1,0.021211685259554525
4.101,-0.0009646014440977679
4.102,-0.004660649228039817
4.103,-0.008356697011981867
4.104,0.013819589691670428
4.105,0.002731446339844281
4.106,-0.02314088814775006
4.107,0.002731446339844281
4.108,0.017515637475612477
4.109,-0.012052744795923914
4.11,-0.019444840363808013
4.111,-0.008356697011981867
4.112,-0.015748792579865965
4.113,-0.008356697011981867
4.114,-0.004660649228039817
4.115,-0.012052744795923914
4.116,0.010123541907728378
4.117,-0.015748792579865965
4.118,-0.004660649228039817
4.119,-0.015748792579865965
4.12,-0.0009646014440977679
4.121,-0.004660649228039817
4.122,0.002731446339844281
4.123,-0.008356697011981867
4.124,-0.008356697011981867
4.125,0.00642749412378633
4.126,-0.015748792579865965
4.127,-0.008356697011981867
4.128,-0.008356697011981867
4.129,-0.008356697011981867
4.13,0.002731446339844281
4.131,-0.008356697011981867
4.132,-0.015748792579865965
4.133,-0.0009646014440977679
4.134,-0.008356697011981867
4.135,-0.019444840363808013
4.136,-0.008356697011981867
4.137,-0.008356697011981867
4.138,-0.008356697011981867
4.139,-0.012052744795923914
4.14,0.010123541907728378
4.141,0.002731446339844281
4.142,0.002731446339844281
4.143,-0.03422903149957621
4.144,-0.03053298371563416
4.145,-0.019444840363808013
4.146,-0.008356697011981867
4.147,-0.015748792579865965
4.148,-0.004660649228039817
4.149,-0.0009646014440977679
4.15,-0.008356697011981867
4.151,-0.008356697011981867
4.152,-0.015748792579865965
4.153,-0.012052744795923914
4.154,-0.02683693593169211
4.155,-0.015748792579865965
4.156,-0.0009646014440977679
4.157,-0.04531717485140235
4.158,-0.0009646014440977679
4.159,-0.015748792579865965
4.16,-0.008356697011981867
4.161,-0.004660649228039817
4.162,-0.019444840363808013
4.163,0.017515637475612477
4.164,0.010123541907728378
4.165,-0.019444840363808013
4.166,0.013819589691670428
4.167,-0.008356697011981867
4.168,-0.012052744795923914
4.169,-0.004660649228039817
4.17,0.002731446339844281
4.171,-0.012052744795923914
4.172,0.002731446339844281
4.173,0.002731446339844281
4.174,-0.02314088814775006
4.175,-0.02314088814775006
4.176,-0.004660649228039817
4.177,-0.0009646014440977679
4.178,0.010123541907728378
4.179,0.00642749412378633
4.18,-0.012052744795923914
4.181,-0.019444840363808013
4.182,-0.012052744795923914
4.183,-0.02314088814775006
4.184,0.010123541907728378
4.185,0.017515637475612477
4.186,-0.0009646014440977679
4.187,0.00642749412378633
4.188,-0.008356697011981867
4.189,-0.012052744795923914
4.19,-0.015748792579865965
4.191,-0.004660649228039817
4.192,-0.03053298371563416
4.193,-0.0009646014440977679
4.194,-0.012052744795923914
4.195,-0.015748792579865965
4.196,0.010123541907728378
4.197,-0.008356697011981867
4.198,-0.0009646014440977679
4.199,-0.004660649228039817
4.2,0.013819589691670428
4.201,-0.004660649228039817
4.202,-0.02314088814775006
4.203,-0.0009646014440977679
4.204,-0.012052744795923914
4.205,-0.008356697011981867
4.206,0.002731446339844281
4.207,-0.012052744795923914
4.208,-0.02683693593169211
4.209,-0.0009646014440977679
4.21,0.002731446339844281
4.211,-0.012052744795923914
4.212,0.002731446339844281
4.213,0.002731446339844281
4.214,-0.012052744795923914
4.215,-0.0009646014440977679
4.216,0.017515637475612477
4.217,-0.02683693593169211
4.218,0.013819589691670428
4.219,-0.004660649228039817
4.22,-0.008356697011981867
4.221,-0.012052744795923914
4.222,-0.0009646014440977679
4.223,-0.008356697011981867
4.224,-0.012052744795923914
4.225,-0.012052744795923914
4.226,-0.0009646014440977679
4.227,-0.012052744795923914
4.228,-0.004660649228039817
4.229,-0.02683693593169211
4.23,-0.0009646014440977679
4.231,-0.019444840363808013
4.232,-0.015748792579865965
4.233,-0.015748792579865965
4.234,-0.02683693593169211
4.235,-0.0009646014440977679
4.236,-0.015748792579865965
4.237,-0.008356697011981867
4.238,-0.012052744795923914
4.239,-0.0009646014440977679
4.24,-0.015748792579865965
4.241,-0.004660649228039817
4.242,-0.0009646014440977679
4.243,-0.0009646014440977679
4.244,-0.019444840363808013
4.245,-0.012052744795923914
4.246,-0.008356697011981867
4.247,-0.012052744795923914
4.248,-0.004660649228039817
4.249,-0.012052744795923914
4.25,-0.004660649228039817
4.251,-0.019444840363808013
4.252,0.00642749412378633
4.253,-0.012052744795923914
4.254,-0.004660649228039817
4.255,-0.008356697011981867
4.256,-0.012052744795923914
4.257,-0.015748792579865965
4.258,-0.008356697011981867
4.259,-0.02314088814775006
4.26,0.024907733043496576
4.261,-0.004660649228039817
4.262,-0.02314088814775006
4.263,-0.012052744795923914
4.264,0.002731446339844281
4.265,0.013819589691670428
4.266,0.002731446339844281
4.267,0.013819589691670428
4.268,0.00642749412378633
4.269,-0.015748792579865965
4.27,-0.03053298371563416
4.271,-0.03053298371563416
4.272,0.00642749412378633
4.273,-0.004660649228039817
4.274,-0.019444840363808013
4.275,-0.004660649228039817
4.276,0.002731446339844281
4.277,-0.0009646014440977679
4.278,-0.012052744795923914
4.279,0.00642749412378633
4.28,-0.004660649228039817
4.281,0.021211685259554525
4.282,-0.008356697011981867
4.283,0.010123541907728378
4.284,-0.019444840363808013
4.285,0.00642749412378633
4.286,0.00642749412378633
4.287,0.017515637475612477
4.288,-0.02314088814775006
4.289,0.002731446339844281
4.29,-0.019444840363808013
4.291,-0.02683693593169211
4.292,-0.02314088814775006
4.293,-0.0009646014440977679
4.294,-0.04531717485140235
4.295,0.010123541907728378
4.296,-0.03053298371563416
4.297,-0.015748792579865965
4.298,-0.012052744795923914
4.299,0.013819589691670428
4.3,-0.012052744795923914
4.301,-0.0009646014440977679
4.302,-0.004660649228039817
4.303,-0.015748792579865965
4.304,-0.0009646014440977679
4.305,-0.004660649228039817
4.306,0.017515637475612477
4.307,-0.019444840363808013
4.308,-0.008356697011981867
4.309,-0.015748792579865965
4.31,-0.004660649228039817
4.311,-0.004660649228039817
4.312,0.010123541907728378
4.313,-0.0009646014440977679
4.314,-0.012052744795923914
4.315,0.010123541907728378
4.316,-0.015748792579865965
4.317,-0.008356697011981867
4.318,0.010123541907728378
4.319,0.002731446339844281
4.32,-0.012052744795923914
4.321,-0.02683693593169211
4.322,0.00642749412378633
4.323,-0.015748792579865965
4.324,0.013819589691670428
4.325,-0.019444840363808013
4.326,-0.008356697011981867
4.327,0.00642749412378633
4.328,-0.012052744795923914
4.329,0.002731446339844281
4.33,0.002731446339844281
4.331,-0.004660649228039817
4.332,-0.019444840363808013
4.333,-0.015748792579865965
4.334,-0.02314088814775006
4.335,-0.015748792579865965
4.336,-0.012052744795923914
4.337,0.002731446339844281
4.338,0.024907733043496576
4.339,-0.0009646014440977679
4.34,0.002731446339844281
4.341,-0.012052744795923914
4.342,-0.008356697011981867
4.343,-0.004660649228039817
4.344,-0.008356697011981867
4.345,-0.015748792579865965
4.346,-0.02314088814775006
4.347,-0.012052744795923914
4.348,0.017515637475612477
4.349,-0.004660649228039817
4.35,-0.02314088814775006
4.351,-0.019444840363808013
4.352,0.021211685259554525
4.353,-0.012052744795923914
4.354,0.002731446339844281
4.355,-0.008356697011981867
4.356,0.00642749412378633
4.357,-0.012052744795923914
4.358,-0.015748792579865965
4.359,0.010123541907728378
4.36,0.021211685259554525
4.361,-0.0009646014440977679
4.362,-0.0009646014440977679
4.363,-0.015748792579865965
4.364,-0.004660649228039817
4.365,-0.008356697011981867
4.366,-0.004660649228039817
4.367,-0.008356697011981867
4.368,-0.015748792579865965
4.369,0.00642749412378633
4.37,-0.015748792579865965
4.371,-0.008356697011981867
4.372,-0.019444840363808013
4.373,-0.008356697011981867
4.374,-0.015748792579865965
4.375,0.002731446339844281
4.376,-0.0009646014440977679
4.377,-0.02683693593169211
4.378,0.002731446339844281
4.379,0.002731446339844281
4.38,-0.03053298371563416
4.381,-0.004660649228039817
4.382,-0.02314088814775006
4.383,-0.008356697011981867
4.384,0.002731446339844281
4.385,-0.015748792579865965
4.386,0.013819589691670428
4.387,-0.02314088814775006
4.388,-0.012052744795923914
4.389,-0.019444840363808013
4.39,-0.008356697011981867
4.391,-0.012052744795923914
4.392,-0.0009646014440977679
4.393,-0.008356697011981867
4.394,-0.008356697011981867
4.395,0.002731446339844281
4.396,-0.015748792579865965
4.397,-0.004660649228039817
4.398,-0.004660649228039817
4.399,0.017515637475612477
4.4,-0.008356697011981867
4.401,-0.012052744795923914
4.402,0.010123541907728378
4.403,-0.0009646014440977679
4.404,-0.019444840363808013
4.405,0.021211685259554525
4.406,-0.019444840363808013
4.407,-0.004660649228039817
4.408,-0.015748792579865965
4.409,-0.008356697011981867
4.41,0.017515637475612477
4.411,0.013819589691670428
4.412,0.002731446339844281
4.413,0.024907733043496576
4.414,-0.015748792579865965
4.415,-0.004660649228039817
4.416,-0.012052744795923914
4.417,-0.02314088814775006
4.418,-0.008356697011981867
4.419,-0.019444840363808013
4.42,-0.012052744795923914
4.421,-0.012052744795923914
4.422,-0.049013222635344404
4.423,-0.02314088814775006
4.424,0.00642749412378633
4.425,-0.0009646014440977679
4.426,0.002731446339844281
4.427,0.00642749412378633
4.428,-0.019444840363808013
4.429,-0.0009646014440977679
4.43,0.002731446339844281
4.431,0.013819589691670428
4.432,-0.0009646014440977679
4.433,0.002731446339844281
4.434,-0.004660649228039817
4.435,0.002731446339844281
4.436,-0.008356697011981867
4.437,0.00642749412378633
4.438,0.03229982861138067
4.439,-0.004660649228039817
4.44,-0.015748792579865965
4.441,0.013819589691670428
4.442,-0.02314088814775006
4.443,-0.03053298371563416
4.444,-0.019444840363808013
4.445,-0.004660649228039817
4.446,-0.0009646014440977679
4.447,-0.012052744795923914
4.448,-0.008356697011981867
4.449,-0.004660649228039817
4.45,0.002731446339844281
4.451,-0.02683693593169211
4.452,-0.0009646014440977679
4.453,-0.012052744795923914
4.454,0.013819589691670428
4.455,-0.008356697011981867
4.456,-0.008356697011981867
4.457,-0.015748792579865965
4.458,-0.004660649228039817
4.459,-0.004660649228039817
4.46,-0.008356697011981867
4.461,-0.015748792579865965
4.462,-0.015748792579865965
4.463,-0.0009646014440977679
4.464,-0.008356697011981867
4.465,-0.008356697011981867
4.466,-0.0009646014440977679
4.467,-0.019444840363808013
4.468,-0.0009646014440977679
4.469,-0.008356697011981867
4.47,0.002731446339844281
4.471,-0.02314088814775006
4.472,-0.0009646014440977679
4.473,-0.004660649228039817
4.474,-0.008356697011981867
4.475,-0.012052744795923914
4.476,-0.004660649228039817
4.477,-0.02683693593169211
4.478,-0.015748792579865965
4.479,-0.019444840363808013
4.48,-0.019444840363808013
4.481,-0.008356697011981867
4.482,-0.019444840363808013
4.483,0.00642749412378633
4.484,-0.004660649228039817
4.485,0.010123541907728378
4.486,-0.004660649228039817
4.487,-0.008356697011981867
4.488,0.002731446339844281
4.489,0.013819589691670428
4.49,-0.0009646014440977679
4.491,0.00642749412378633
4.492,-0.015748792579865965
4.493,-0.004660649228039817
4.494,0.002731446339844281
4.495,-0.019444840363808013
4.496,0.013819589691670428
4.497,-0.004660649228039817
4.498,-0.02314088814775006
4.499,-0.008356697011981867
4.5,-0.004660649228039817
4.501,-0.012052744795923914
4.502,0.002731446339844281
4.503,-0.02314088814775006
4.504,0.017515637475612477
4.505,0.002731446339844281
4.506,0.00642749412378633
4.507,-0.0009646014440977679
4.508,-0.019444840363808013
4.509,0.002731446339844281
4.51,0.00642749412378633
4.511,-0.004660649228039817
4.512,-0.0009646014440977679
4.513,-0.012052744795923914
4.514,-0.0009646014440977679
4.515,-0.008356697011981867
4.516,0.010123541907728378
4.517,-0.008356697011981867
4.518,-0.012052744795923914
4.519,-0.015748792579865965
4.52,-0.008356697011981867
4.521,-0.008356697011981867
4.522,-0.015748792579865965
4.523,-0.004660649228039817
4.524,-0.0009646014440977679
4.525,-0.0009646014440977679
4.526,0.002731446339844281
4.527,0.00642749412378633
4.528,-0.02314088814775006
4.529,0.002731446339844281
4.53,-0.004660649228039817
4.531,-0.008356697011981867
4.532,-0.02314088814775006
4.533,-0.0009646014440977679
4.534,-0.0009646014440977679
4.535,0.00642749412378633
4.536,0.010123541907728378
4.537,-0.0009646014440977679
4.538,0.00642749412378633
4.539,-0.0009646014440977679
4.54,0.010123541907728378
4.541,-0.008356697011981867
4.542,-0.019444840363808013
4.543,-0.008356697011981867
4.544,-0.03053298371563416
4.545,-0.02683693593169211
4.546,0.00642749412378633
4.547,-0.02314088814775006
4.548,-0.02683693593169211
4.549,-0.02683693593169211
4.55,-0.012052744795923914
4.551,-0.012052744795923914
4.552,-0.008356697011981867
4.553,-0.004660649228039817
4.554,-0.004660649228039817
4.555,-0.02683693593169211
4.556,-0.008356697011981867
4.557,-0.019444840363808013
4.558,-0.008356697011981867
4.559,-0.012052744795923914
4.56,-0.019444840363808013
4.561,0.010123541907728378
4.562,-0.03053298371563416
4.563,-0.008356697011981867
4.564,-0.0009646014440977679
4.565,0.013819589691670428
4.566,-0.015748792579865965
4.567,-0.02314088814775006
4.568,0.002731446339844281
4.569,-0.004660649228039817
4.57,-0.004660649228039817
4.571,-0.004660649228039817
4.572,-0.004660649228039817
4.573,0.028603780827438623
4.574,-0.019444840363808013
4.575,-0.012052744795923914
4.576,-0.012052744795923914
4.577,-0.0009646014440977679
4.578,-0.008356697011981867
4.579,0.010123541907728378
4.58,-0.008356697011981867
4.581,-0.019444840363808013
4.582,-0.02314088814775006
4.583,-0.012052744795923914
4.584,0.013819589691670428
4.585,-0.008356697011981867
4.586,-0.008356697011981867
4.587,0.002731446339844281
4.588,-0.008356697011981867
4.589,-0.0009646014440977679
4.59,-0.004660649228039817
4.591,-0.008356697011981867
4.592,0.002731446339844281
4.593,-0.004660649228039817
4.594,-0.0009646014440977679
4.595,-0.012052744795923914
4.596,-0.012052744795923914
4.597,-0.015748792579865965
4.598,-0.012052744795923914
4.599,-0.0009646014440977679
4.6,-0.019444840363808013
4.601,0.010123541907728378
4.602,0.010123541907728378
4.603,-0.008356697011981867
4.604,0.002731446339844281
4.605,0.002731446339844281
4.606,-0.019444840363808013
4.607,0.00642749412378633
4.608,0.013819589691670428
4.609,0.010123541907728378
4.61,-0.0009646014440977679
4.611,-0.0009646014440977679
4.612,-0.0009646014440977679
4.613,-0.03053298371563416
4.614,-0.02683693593169211
4.615,-0.03053298371563416
4.616,-0.008356697011981867
4.617,0.002731446339844281
4.618,0.010123541907728378
4.619,-0.03792507928351826
4.62,0.002731446339844281
4.621,-0.015748792579865965
4.622,-0.012052744795923914
4.623,-0.008356697011981867
4.624,-0.015748792579865965
4.625,-0.008356697011981867
4.626,-0.008356697011981867
4.627,0.00642749412378633
4.628,-0.02314088814775006
4.629,0.00642749412378633
4.63,0.021211685259554525
4.631,-0.015748792579865965
4.632,-0.02683693593169211
4.633,0.00642749412378633
4.634,0.00642749412378633
4.635,-0.02314088814775006
4.636,-0.015748792579865965
4.637,-0.004660649228039817
4.638,-0.015748792579865965
4.639,-0.03053298371563416
4.64,-0.012052744795923914
4.641,-0.0009646014440977679
4.642,-0.02683693593169211
4.643,-0.012052744795923914
4.644,0.017515637475612477
4.645,-0.012052744795923914
4.646,-0.02314088814775006
4.647,-0.008356697011981867
4.648,-0.015748792579865965
4.649,-0.008356697011981867
4.65,-0.02314088814775006
4.651,-0.02314088814775006
4.652,-0.0009646014440977679
4.653,-0.015748792579865965
4.654,0.002731446339844281
4.655,-0.012052744795923914
4.656,-0.015748792579865965
4.657,-0.015748792579865965
4.658,-0.012052744795923914
4.659,-0.02683693593169211
4.66,-0.0009646014440977679
4.661,-0.004660649228039817
4.662,0.002731446339844281
4.663,-0.004660649228039817
4.664,-0.02314088814775006
4.665,-0.03422903149957621
4.666,-0.019444840363808013
4.667,-0.012052744795923914
4.668,-0.015748792579865965
4.669,-0.012052744795923914
4.67,-0.015748792579865965
4.671,-0.008356697011981867
4.672,0.00642749412378633
4.673,-0.008356697011981867
4.674,-0.0009646014440977679
4.675,-0.004660649228039817
4.676,-0.004660649228039817
4.677,0.024907733043496576
4.678,0.002731446339844281
4.679,-0.015748792579865965
4.68,-0.012052744795923914
4.681,-0.0009646014440977679
4.682,-0.008356697011981867
4.683,-0.015748792579865965
4.684,-0.019444840363808013
4.685,0.010123541907728378
4.686,0.002731446339844281
4.687,-0.02683693593169211
4.688,0.010123541907728378
4.689,-0.02683693593169211
4.69,0.00642749412378633
4.691,-0.0009646014440977679
4.692,-0.012052744795923914
4.693,-0.019444840363808013
4.694,-0.0009646014440977679
4.695,-0.03422903149957621
4.696,-0.02683693593169211
4.697,0.00642749412378633
4.698,0.00642749412378633
4.699,0.00642749412378633
4.7,-0.015748792579865965
4.701,-0.015748792579865965
4.702,-0.015748792579865965
4.703,0.010123541907728378
4.704,-0.008356697011981867
4.705,0.010123541907728378
4.706,-0.015748792579865965
4.707,0.002731446339844281
4.708,-0.004660649228039817
4.709,-0.012052744795923914
4.71,0.013819589691670428
4.711,0.00642749412378633
4.712,-0.015748792579865965
4.713,-0.004660649228039817
4.714,-0.02314088814775006
4.715,-0.02314088814775006
4.716,-0.004660649228039817
4.717,-0.004660649228039817
4.718,-0.008356697011981867
4.719,0.010123541907728378
4.72,-0.008356697011981867
4.721,-0.012052744795923914
4.722,-0.0009646014440977679
4.723,-0.004660649228039817
4.724,-0.0009646014440977679
4.725,-0.008356697011981867
4.726,0.00642749412378633
4.727,-0.0009646014440977679
4.728,-0.008356697011981867
4.729,-0.019444840363808013
4.73,-0.0009646014440977679
4.731,-0.019444840363808013
4.732,-0.0009646014440977679
4.733,0.002731446339844281
4.734,-0.012052744795923914
4.735,-0.02683693593169211
4.736,-0.0009646014440977679
4.737,-0.008356697011981867
4.738,-0.004660649228039817
4.739,0.00642749412378633
4.74,-0.0009646014440977679
4.741,0.00642749412378633
4.742,-0.015748792579865965
4.743,-0.015748792579865965
4.744,-0.02683693593169211
4.745,-0.012052744795923914
4.746,0.013819589691670428
4.747,-0.008356697011981867
4.748,-0.02314088814775006
4.749,0.00642749412378633
4.75,-0.015748792579865965
4.751,-0.0009646014440977679
4.752,-0.0009646014440977679
4.753,0.021211685259554525
4.754,-0.004660649228039817
4.755,-0.012052744795923914
4.756,0.002731446339844281
4.757,-0.0009646014440977679
4.758,-0.012052744795923914
4.759,-0.008356697011981867
4.76,-0.004660649228039817
4.761,-0.008356697011981867
4.762,0.013819589691670428
4.763,-0.004660649228039817
4.764,-0.015748792579865965
4.765,-0.02314088814775006
4.766,0.00642749412378633
4.767,-0.02314088814775006
4.768,-0.008356697011981867
4.769,-0.02683693593169211
4.77,-0.012052744795923914
4.771,0.002731446339844281
4.772,-0.02314088814775006
4.773,-0.008356697011981867
4.774,0.002731446339844281
4.775,-0.012052744795923914
4.776,-0.02683693593169211
4.777,0.00642749412378633
4.778,0.013819589691670428
4.779,-0.02314088814775006
4.78,-0.019444840363808013
4.781,-0.004660649228039817
4.782,0.002731446339844281
4.783,-0.015748792579865965
4.784,-0.0009646014440977679
4.785,0.002731446339844281
4.786,-0.012052744795923914
4.787,-0.015748792579865965
4.788,-0.015748792579865965
4.789,0.00642749412378633
4.79,-0.012052744795923914
4.791,-0.019444840363808013
4.792,0.017515637475612477
4.793,0.013819589691670428
4.794,-0.012052744795923914
4.795,-0.004660649228039817
4.796,-0.012052744795923914
4.797,0.010123541907728378
4.798,-0.008356697011981867
4.799,-0.008356697011981867
4.8,0.002731446339844281
4.801,-0.004660649228039817
4.802,-0.019444840363808013
4.803,0.002731446339844281
4.804,-0.0009646014440977679
4.805,-0.015748792579865965
4.806,-0.004660649228039817
4.807,-0.0009646014440977679
4.808,0.002731446339844281
4.809,-0.0009646014440977679
4.81,0.00642749412378633
4.811,-0.004660649228039817
4.812,-0.004660649228039817
4.813,-0.0009646014440977679
4.814,-0.015748792579865965
4.815,0.002731446339844281
4.816,0.00642749412378633
4.817,-0.015748792579865965
4.818,-0.012052744795923914
4.819,-0.008356697011981867
4.82,-0.02314088814775006
4.821,-0.019444840363808013
4.822,0.00642749412378633
4.823,-0.015748792579865965
4.824,-0.008356697011981867
4.825,0.010123541907728378
4.826,-0.004660649228039817
4.827,-0.004660649228039817
4.828,0.00642749412378633
4.829,-0.012052744795923914
4.83,-0.019444840363808013
4.831,-0.015748792579865965
4.832,-0.008356697011981867
4.833,-0.0009646014440977679
4.834,-0.0009646014440977679
4.835,-0.0009646014440977679
4.836,-0.0009646014440977679
4.837,-0.004660649228039817
4.838,-0.008356697011981867
4.839,0.013819589691670428
4.84,0.028603780827438623
4.841,0.00642749412378633
4.842,-0.004660649228039817
4.843,0.013819589691670428
4.844,-0.004660649228039817
4.845,-0.012052744795923914
4.846,0.021211685259554525
4.847,-0.02683693593169211
4.848,0.002731446339844281
4.849,0.00642749412378633
4.85,-0.019444840363808013
4.851,-0.0009646014440977679
4.852,-0.008356697011981867
4.853,-0.008356697011981867
4.854,-0.0009646014440977679
4.855,-0.004660649228039817
4.856,-0.004660649228039817
4.857,0.017515637475612477
4.858,-0.02683693593169211
4.859,-0.015748792579865965
4.86,-0.008356697011981867
4.861,-0.008356697011981867
4.862,-0.0009646014440977679
4.863,-0.012052744795923914
4.864,-0.008356697011981867
4.865,-0.015748792579865965
4.866,0.00642749412378633
4.867,-0.012052744795923914
4.868,-0.012052744795923914
4.869,-0.0009646014440977679
4.87,-0.02683693593169211
4.871,-0.004660649228039817
4.872,-0.004660649228039817
4.873,-0.004660649228039817
4.874,0.00642749412378633
4.875,-0.04162112706746031
4.876,-0.0009646014440977679
4.877,-0.019444840363808013
4.878,-0.012052744795923914
4.879,0.013819589691670428
4.88,0.010123541907728378
4.881,-0.03053298371563416
4.882,-0.004660649228039817
4.883,-0.015748792579865965
4.884,0.00642749412378633
4.885,0.00642749412378633
4.886,-0.019444840363808013
4.887,0.017515637475612477
4.888,-0.015748792579865965
4.889,-0.012052744795923914
4.89,-0.004660649228039817
4.891,-0.008356697011981867
4.892,-0.008356697011981867
4.893,-0.02314088814775006
4.894,-0.019444840363808013
4.895,-0.03053298371563416
4.896,-0.008356697011981867
4.897,-0.012052744795923914
4.898,-0.0009646014440977679
4.899,0.010123541907728378
4.9,0.00642749412378633
4.901,-0.012052744795923914
4.902,-0.012052744795923914
4.903,-0.008356697011981867
4.904,0.00642749412378633
4.905,-0.019444840363808013
4.906,-0.008356697011981867
4.907,0.002731446339844281
4.908,-0.004660649228039817
4.909,-0.03053298371563416
4.91,-0.03422903149957621
4.911,-0.008356697011981867
4.912,-0.004660649228039817
4.913,-0.008356697011981867
4.914,-0.012052744795923914
4.915,-0.008356697011981867
4.916,-0.004660649228039817
4.917,0.002731446339844281
4.918,-0.008356697011981867
4.919,-0.008356697011981867
4.92,-0.008356697011981867
4.921,-0.02314088814775006
4.922,-0.004660649228039817
4.923,0.002731446339844281
4.924,-0.004660649228039817
4.925,-0.02683693593169211
4.926,-0.0009646014440977679
4.927,0.021211685259554525
4.928,-0.012052744795923914
4.929,-0.0009646014440977679
4.93,-0.008356697011981867
4.931,-0.015748792579865965
4.932,0.002731446339844281
4.933,-0.008356697011981867
4.934,-0.019444840363808013
4.935,0.002731446339844281
4.936,-0.008356697011981867
4.937,0.002731446339844281
4.938,0.00642749412378633
4.939,-0.015748792579865965
4.94,0.00642749412378633
4.941,-0.0009646014440977679
4.942,-0.019444840363808013
4.943,-0.008356697011981867
4.944,0.00642749412378633
4.945,0.021211685259554525
4.946,-0.012052744795923914
4.947,-0.008356697011981867
4.948,0.010123541907728378
4.949,-0.004660649228039817
4.95,0.002731446339844281
4.951,0.002731446339844281
4.952,-0.004660649228039817
4.953,0.013819589691670428
4.954,0.010123541907728378
4.955,-0.0009646014440977679
4.956,0.013819589691670428
4.957,0.00642749412378633
4.958,-0.004660649228039817
4.959,-0.008356697011981867
4.96,0.002731446339844281
4.961,-0.02314088814775006
4.962,-0.015748792579865965
4.963,-0.015748792579865965
4.964,-0.019444840363808013
4.965,-0.0009646014440977679
4.966,-0.008356697011981867
4.967,0.002731446339844281
4.968,0.010123541907728378
4.969,-0.004660649228039817
4.97,-0.004660649228039817
4.971,0.002731446339844281
4.972,-0.008356697011981867
4.973,-0.004660649228039817
4.974,-0.012052744795923914
4.975,-0.008356697011981867
4.976,-0.03422903149957621
4.977,-0.019444840363808013
4.978,-0.03792507928351826
4.979,-0.0009646014440977679
4.98,-0.0009646014440977679
4.981,0.002731446339844281
4.982,-0.0009646014440977679
4.983,-0.004660649228039817
4.984,0.002731446339844281
4.985,-0.02683693593169211
4.986,-0.004660649228039817
4.987,0.002731446339844281
4.988,-0.015748792579865965
4.989,-0.02683693593169211
4.99,0.002731446339844281
4.991,-0.004660649228039817
4.992,0.010123541907728378
4.993,-0.004660649228039817
4.994,-0.02683693593169211
4.995,-0.019444840363808013
4.996,-0.004660649228039817
4.997,0.021211685259554525
4.998,-0.004660649228039817
4.999,0.002731446339844281
5.0,-0.004660649228039817
5.001,0.00642749412378633
5.002,-0.015748792579865965
5.003,-0.012052744795923914
5.004,0.010123541907728378
5.005,0.00642749412378633
5.006,-0.008356697011981867
5.007,0.002731446339844281
5.008,-0.012052744795923914
5.009,-0.02314088814775006
5.01,0.00642749412378633
5.011,-0.0009646014440977679
5.012,-0.008356697011981867
5.013,0.002731446339844281
5.014,0.010123541907728378
5.015,-0.02314088814775006
5.016,-0.008356697011981867
5.017,-0.0009646014440977679
5.018,-0.012052744795923914
5.019,-0.015748792579865965
5.02,-0.015748792579865965
5.021,-0.004660649228039817
5.022,-0.012052744795923914
5.023,0.002731446339844281
5.024,-0.0009646014440977679
5.025,-0.03053298371563416
5.026,-0.008356697011981867
5.027,-0.008356697011981867
5.028,-0.008356697011981867
5.029,-0.008356697011981867
5.03,-0.02314088814775006
5.031,-0.012052744795923914
5.032,0.010123541907728378
5.033,0.00642749412378633
5.034,-0.004660649228039817
5.035,-0.015748792579865965
5.036,-0.019444840363808013
5.037,-0.019444840363808013
5.038,-0.02314088814775006
5.039,-0.02314088814775006
5.04,-0.008356697011981867
5.041,0.017515637475612477
5.042,-0.02314088814775006
5.043,-0.012052744795923914
5.044,0.013819589691670428
5.045,0.017515637475612477
5.046,-0.019444840363808013
5.047,0.010123541907728378
5.048,-0.008356697011981867
5.049,-0.015748792579865965
5.05,-0.0009646014440977679
5.051,-0.008356697011981867
5.052,-0.03053298371563416
5.053,0.002731446339844281
5.054,-0.0009646014440977679
5.055,-0.015748792579865965
5.056,-0.012052744795923914
5.057,-0.008356697011981867
5.058,-0.004660649228039817
5.059,0.013819589691670428
5.06,0.00642749412378633
5.061,-0.0009646014440977679
5.062,0.002731446339844281
5.063,-0.015748792579865965
5.064,0.010123541907728378
5.065,0.00642749412378633
5.066,-0.019444840363808013
5.067,-0.0009646014440977679
5.068,0.017515637475612477
5.069,-0.015748792579865965
5.07,-0.0009646014440977679
5.071,-0.019444840363808013
5.072,-0.015748792579865965
5.073,0.010123541907728378
5.074,0.002731446339844281
5.075,-0.02314088814775006
5.076,-0.015748792579865965
5.077,-0.015748792579865965
5.078,0.017515637475612477
5.079,-0.004660649228039817
5.08,-0.015748792579865965
5.081,-0.008356697011981867
5.082,0.010123541907728378
5.083,0.002731446339844281
5.084,-0.012052744795923914
5.085,-0.015748792579865965
5.086,0.002731446339844281
5.087,-0.004660649228039817
5.088,-0.004660649228039817
5.089,0.00642749412378633
5.09,0.00642749412378633
5.091,0.013819589691670428
5.092,-0.008356697011981867
5.093,-0.0009646014440977679
5.094,-0.019444840363808013
5.095,-0.015748792579865965
5.096,0.00642749412378633
5.097,0.002731446339844281
5.098,-0.015748792579865965
5.099,-0.004660649228039817
5.1,-0.02314088814775006
5.101,-0.019444840363808013
5.102,-0.004660649228039817
5.103,-0.0009646014440977679
5.104,-0.015748792579865965
5.105,-0.019444840363808013
5.106,-0.0009646014440977679
5.107,-0.02314088814775006
5.108,-0.03053298371563416
5.109,0.017515637475612477
5.11,-0.004660649228039817
5.111,0.002731446339844281
5.112,-0.012052744795923914
5.113,-0.03422903149957621
5.114,0.002731446339844281
5.115,-0.012052744795923914
5.116,-0.019444840363808013
5.117,0.021211685259554525
5.118,0.002731446339844281
5.119,0.00642749412378633
5.12,-0.012052744795923914
5.121,-0.02314088814775006
5.122,0.010123541907728378
5.123,-0.008356697011981867
5.124,-0.0009646014440977679
5.125,-0.015748792579865965
5.126,0.002731446339844281
5.127,0.00642749412378633
5.128,0.021211685259554525
5.129,-0.015748792579865965
5.13,0.002731446339844281
5.131,0.00642749412378633
5.132,-0.008356697011981867
5.133,-0.008356697011981867
5.134,-0.0009646014440977679
5.135,-0.02314088814775006
5.136,-0.004660649228039817
5.137,-0.012052744795923914
5.138,0.002731446339844281
5.139,-0.0009646014440977679
5.14,0.002731446339844281
5.141,-0.0009646014440977679
5.142,0.017515637475612477
5.143,-0.012052744795923914
5.144,-0.012052744795923914
5.145,0.002731446339844281
5.146,-0.008356697011981867
5.147,-0.004660649228039817
5.148,-0.008356697011981867
5.149,-0.015748792579865965
5.15,-0.008356697011981867
5.151,-0.004660649228039817
5.152,-0.019444840363808013
5.153,-0.0009646014440977679
5.154,0.002731446339844281
5.155,-0.02683693593169211
5.156,-0.019444840363808013
5.157,-0.019444840363808013
5.158,-0.004660649228039817
5.159,-0.004660649228039817
5.16,-0.008356697011981867
5.161,-0.02683693593169211
5.162,-0.019444840363808013
5.163,0.013819589691670428
5.164,-0.008356697011981867
5.165,0.002731446339844281
5.166,-0.008356697011981867
5.167,-0.0009646014440977679
5.168,0.013819589691670428
5.169,0.002731446339844281
5.17,-0.008356697011981867
5.171,-0.012052744795923914
5.172,0.010123541907728378
5.173,-0.019444840363808013
5.174,0.002731446339844281
5.175,-0.02314088814775006
5.176,-0.0009646014440977679
5.177,0.002731446339844281
5.178,-0.004660649228039817
5.179,-0.012052744795923914
5.18,-0.004660649228039817
5.181,-0.015748792579865965
5.182,0.002731446339844281
5.183,-0.008356697011981867
5.184,-0.02314088814775006
5.185,-0.004660649228039817
5.186,-0.0009646014440977679
5.187,-0.015748792579865965
5.188,0.010123541907728378
5.189,-0.0009646014440977679
5.19,0.002731446339844281
5.191,0.00642749412378633
5.192,-0.0009646014440977679
5.193,0.002731446339844281
5.194,-0.008356697011981867
5.195,-0.004660649228039817
5.196,-0.02314088814775006
5.197,-0.008356697011981867
5.198,-0.0009646014440977679
5.199,-0.0009646014440977679
5.2,-0.02683693593169211
5.201,0.00642749412378633
5.202,-0.012052744795923914
5.203,0.010123541907728378
5.204,-0.02683693593169211
5.205,-0.008356697011981867
5.206,-0.004660649228039817
5.207,-0.0009646014440977679
5.208,-0.004660649228039817
5.209,-0.02683693593169211
5.21,-0.02314088814775006
5.211,0.00642749412378633
5.212,-0.019444840363808013
5.213,0.002731446339844281
5.214,0.013819589691670428
5.215,-0.015748792579865965
5.216,-0.02314088814775006
5.217,-0.004660649228039817
5.218,-0.0009646014440977679
5.219,-0.015748792579865965
5.22,-0.008356697011981867
5.221,0.013819589691670428
5.222,-0.012052744795923914
5.223,0.00642749412378633
5.224,-0.012052744795923914
5.225,0.03229982861138067
5.226,-0.004660649228039817
5.227,-0.004660649228039817
5.228,-0.019444840363808013
5.229,-0.02314088814775006
5.23,-0.02314088814775006
5.231,-0.02314088814775006
5.232,0.010123541907728378
5.233,0.00642749412378633
5.234,-0.008356697011981867
5.235,0.010123541907728378
5.236,-0.008356697011981867
5.237,0.00642749412378633
5.238,-0.008356697011981867
5.239,-0.004660649228039817
5.24,0.00642749412378633
5.241,-0.008356697011981867
5.242,-0.015748792579865965
5.243,-0.012052744795923914
5.244,-0.004660649228039817
5.245,-0.015748792579865965
5.246,-0.004660649228039817
5.247,-0.02314088814775006
5.248,-0.012052744795923914
5.249,-0.015748792579865965
5.25,-0.019444840363808013
5.251,-0.019444840363808013
5.252,-0.008356697011981867
5.253,0.00642749412378633
5.254,-0.019444840363808013
5.255,-0.019444840363808013
5.256,-0.012052744795923914
5.257,-0.008356697011981867
5.258,0.00642749412378633
5.259,0.002731446339844281
5.26,-0.012052744795923914
5.261,0.00642749412378633
5.262,0.010123541907728378
5.263,-0.012052744795923914
5.264,0.002731446339844281
5.265,0.00642749412378633
5.266,-0.004660649228039817
5.267,-0.008356697011981867
5.268,0.00642749412378633
5.269,-0.012052744795923914
5.27,-0.0009646014440977679
5.271,-0.015748792579865965
5.272,0.002731446339844281
5.273,-0.012052744795923914
5.274,0.010123541907728378
5.275,-0.012052744795923914
5.276,-0.004660649228039817
5.277,-0.02314088814775006
5.278,-0.008356697011981867
5.279,0.002731446339844281
5.28,-0.012052744795923914
5.281,-0.008356697011981867
5.282,0.017515637475612477
5.283,-0.004660649228039817
5.284,0.002731446339844281
5.285,-0.008356697011981867
5.286,-0.004660649228039817
5.287,0.002731446339844281
5.288,0.002731446339844281
5.289,-0.012052744795923914
5.29,0.00642749412378633
5.291,-0.015748792579865965
5.292,-0.008356697011981867
5.293,-0.008356697011981867
5.294,-0.015748792579865965
5.295,-0.0009646014440977679
5.296,-0.0009646014440977679
5.297,-0.004660649228039817
5.298,0.010123541907728378
5.299,0.00642749412378633
5.3,0.002731446339844281
5.301,0.017515637475612477
5.302,-0.004660649228039817
5.303,0.017515637475612477
5.304,-0.019444840363808013
5.305,-0.012052744795923914
5.306,-0.0009646014440977679
5.307,0.002731446339844281
5.308,-0.02314088814775006
5.309,-0.012052744795923914
5.31,-0.02314088814775006
5.311,0.002731446339844281
5.312,-0.012052744795923914
5.313,-0.019444840363808013
5.314,0.021211685259554525
5.315,-0.004660649228039817
5.316,-0.004660649228039817
5.317,-0.03792507928351826
5.318,-0.019444840363808013
5.319,0.013819589691670428
5.32,-0.02314088814775006
5.321,0.010123541907728378
5.322,-0.015748792579865965
5.323,-0.015748792579865965
5.324,-0.004660649228039817
5.325,-0.0009646014440977679
5.326,0.00642749412378633
5.327,-0.02314088814775006
5.328,-0.012052744795923914
5.329,-0.0009646014440977679
5.33,0.00642749412378633
5.331,-0.019444840363808013
5.332,-0.008356697011981867
5.333,-0.004660649228039817
5.334,-0.012052744795923914
5.335,-0.0009646014440977679
5.336,-0.019444840363808013
5.337,-0.0009646014440977679
5.338,-0.012052744795923914
5.339,-0.0009646014440977679
5.34,-0.012052744795923914
5.341,-0.004660649228039817
5.342,-0.0009646014440977679
5.343,-0.004660649228039817
5.344,0.017515637475612477
5.345,-0.008356697011981867
5.346,-0.019444840363808013
5.347,-0.004660649228039817
5.348,0.03229982861138067
5.349,-0.0009646014440977679
5.35,-0.004660649228039817
5.351,-0.015748792579865965
5.352,0.002731446339844281
5.353,0.002731446339844281
5.354,-0.019444840363808013
5.355,-0.008356697011981867
5.356,-0.012052744795923914
5.357,0.021211685259554525
5.358,0.00642749412378633
5.359,-0.0009646014440977679
5.36,-0.02683693593169211
5.361,-0.004660649228039817
5.362,-0.0009646014440977679
5.363,-0.015748792579865965
5.364,0.00642749412378633
5.365,-0.0009646014440977679
5.366,-0.008356697011981867
5.367,0.010123541907728378
5.368,-0.019444840363808013
5.369,-0.004660649228039817
5.37,0.002731446339844281
5.371,-0.015748792579865965
5.372,-0.008356697011981867
5.373,0.021211685259554525
5.374,0.013819589691670428
5.375,-0.008356697011981867
5.376,-0.019444840363808013
5.377,0.010123541907728378
5.378,0.017515637475612477
5.379,0.010123541907728378
5.38,-0.004660649228039817
5.381,-0.015748792579865965
5.382,-0.008356697011981867
5.383,-0.0009646014440977679
5.384,-0.008356697011981867
5.385,-0.02314088814775006
5.386,-0.0009646014440977679
5.387,-0.019444840363808013
5.388,-0.015748792579865965
5.389,0.002731446339844281
5.39,-0.008356697011981867
5.391,0.010123541907728378
5.392,-0.004660649228039817
5.393,-0.004660649228039817
5.394,-0.015748792579865965
5.395,-0.0009646014440977679
5.396,-0.02314088814775006
5.397,0.00642749412378633
5.398,-0.02314088814775006
5.399,-0.008356697011981867
5.4,-0.019444840363808013
5.401,0.021211685259554525
5.402,0.00642749412378633
5.403,-0.012052744795923914
5.404,-0.008356697011981867
5.405,-0.0009646014440977679
5.406,-0.015748792579865965
5.407,0.002731446339844281
5.408,-0.004660649228039817
5.409,0.010123541907728378
5.41,-0.02314088814775006
5.411,-0.0009646014440977679
5.412,0.017515637475612477
5.413,-0.012052744795923914
5.414,-0.012052744795923914
5.415,-0.015748792579865965
5.416,0.010123541907728378
5.417,-0.004660649228039817
5.418,-0.0009646014440977679
5.419,-0.008356697011981867
5.42,-0.02314088814775006
5.421,0.002731446339844281
5.422,-0.03422903149957621
5.423,-0.0009646014440977679
5.424,-0.0009646014440977679
5.425,-0.008356697011981867
5.426,0.002731446339844281
5.427,-0.015748792579865965
5.428,-0.012052744795923914
5.429,0.028603780827438623
5.43,-0.015748792579865965
5.431,-0.008356697011981867
5.432,-0.02314088814775006
5.433,0.00642749412378633
5.434,-0.004660649228039817
5.435,0.010123541907728378
5.436,0.00642749412378633
5.437,-0.02314088814775006
5.438,0.002731446339844281
5.439,-0.008356697011981867
5.44,-0.015748792579865965
5.441,-0.03422903149957621
5.442,-0.015748792579865965
5.443,-0.0009646014440977679
5.444,0.002731446339844281
5.445,-0.0009646014440977679
5.446,-0.012052744795923914
5.447,-0.004660649228039817
5.448,-0.015748792579865965
5.449,0.00642749412378633
5.45,-0.02683693593169211
5.451,-0.02314088814775006
5.452,-0.019444840363808013
5.453,-0.008356697011981867
5.454,0.002731446339844281
5.455,-0.008356697011981867
5.456,-0.0009646014440977679
5.457,0.00642749412378633
5.458,-0.015748792579865965
5.459,-0.0009646014440977679
5.46,-0.004660649228039817
5.461,-0.004660649228039817
5.462,-0.02314088814775006
5.463,0.00642749412378633
5.464,-0.012052744795923914
5.465,0.002731446339844281
5.466,-0.015748792579865965
5.467,0.002731446339844281
5.468,-0.008356697011981867
5.469,0.002731446339844281
5.47,-0.012052744795923914
5.471,-0.015748792579865965
5.472,-0.008356697011981867
5.473,-0.008356697011981867
5.474,-0.0009646014440977679
5.475,-0.008356697011981867
5.476,-0.008356697011981867
5.477,-0.008356697011981867
5.478,-0.004660649228039817
5.479,-0.0009646014440977679
5.48,0.017515637475612477
5.481,-0.019444840363808013
5.482,0.00642749412378633
5.483,0.002731446339844281
5.484,-0.019444840363808013
5.485,-0.015748792579865965
5.486,-0.008356697011981867
5.487,-0.015748792579865965
5.488,-0.02683693593169211
5.489,0.00642749412378633
5.49,-0.008356697011981867
5.491,0.013819589691670428
5.492,-0.004660649228039817
5.493,-0.008356697011981867
5.494,-0.02683693593169211
5.495,-0.008356697011981867
5.496,-0.0009646014440977679
5.497,0.013819589691670428
5.498,0.002731446339844281
5.499,-0.02683693593169211
5.5,-0.019444840363808013
5.501,-0.019444840363808013
5.502,-0.008356697011981867
5.503,0.013819589691670428
5.504,-0.012052744795923914
5.505,-0.019444840363808013
5.506,-0.008356697011981867
5.507,-0.019444840363808013
5.508,-0.012052744795923914
5.509,-0.008356697011981867
5.51,-0.0009646014440977679
5.511,-0.019444840363808013
5.512,-0.008356697011981867
5.513,-0.012052744795923914
5.514,-0.019444840363808013
5.515,-0.004660649228039817
5.516,0.00642749412378633
5.517,0.002731446339844281
5.518,-0.019444840363808013
5.519,-0.0009646014440977679
5.52,0.00642749412378633
5.521,-0.012052744795923914
5.522,-0.03422903149957621
5.523,-0.012052744795923914
5.524,-0.008356697011981867
5.525,-0.004660649228039817
5.526,-0.004660649228039817
5.527,-0.012052744795923914
5.528,-0.004660649228039817
5.529,-0.008356697011981867
5.53,0.00642749412378633
5.531,-0.004660649228039817
5.532,-0.012052744795923914
5.533,-0.008356697011981867
5.534,-0.02683693593169211
5.535,-0.004660649228039817
5.536,-0.004660649228039817
5.537,0.00642749412378633
5.538,-0.008356697011981867
5.539,-0.004660649228039817
5.54,-0.008356697011981867
5.541,-0.008356697011981867
5.542,0.017515637475612477
5.543,-0.004660649228039817
5.544,-0.012052744795923914
5.545,-0.0009646014440977679
5.546,0.00642749412378633
5.547,-0.008356697011981867
5.548,0.010123541907728378
5.549,-0.015748792579865965
5.55,-0.015748792579865965
5.551,-0.015748792579865965
5.552,-0.019444840363808013
5.553,-0.008356697011981867
5.554,0.002731446339844281
5.555,-0.012052744795923914
5.556,-0.008356697011981867
5.557,0.010123541907728378
5.558,-0.004660649228039817
5.559,-0.004660649228039817
5.56,-0.015748792579865965
5.561,-0.02314088814775006
5.562,-0.015748792579865965
5.563,-0.02683693593169211
5.564,0.002731446339844281
5.565,-0.008356697011981867
5.566,0.010123541907728378
5.567,0.00642749412378633
5.568,0.00642749412378633
5.569,-0.015748792579865965
5.57,-0.008356697011981867
5.571,0.002731446339844281
5.572,0.002731446339844281
5.573,0.013819589691670428
5.574,0.013819589691670428
5.575,-0.015748792579865965
5.576,-0.004660649228039817
5.577,-0.02314088814775006
5.578,-0.019444840363808013
5.579,-0.004660649228039817
5.58,0.002731446339844281
5.581,-0.008356697011981867
5.582,0.00642749412378633
5.583,-0.015748792579865965
5.584,-0.015748792579865965
5.585,-0.012052744795923914
5.586,-0.019444840363808013
5.587,-0.019444840363808013
5.588,-0.008356697011981867
5.589,-0.0009646014440977679
5.59,-0.03053298371563416
5.591,-0.004660649228039817
5.592,-0.004660649228039817
5.593,-0.0009646014440977679
5.594,-0.0009646014440977679
5.595,-0.0009646014440977679
5.596,-0.004660649228039817
5.597,-0.03053298371563416
5.598,-0.0009646014440977679
5.599,-0.0009646014440977679
5.6,-0.004660649228039817
5.601,-0.012052744795923914
5.602,0.002731446339844281
5.603,-0.008356697011981867
5.604,-0.008356697011981867
5.605,-0.008356697011981867
5.606,-0.012052744795923914
5.607,-0.008356697011981867
5.608,-0.004660649228039817
5.609,-0.0009646014440977679
5.61,-0.0009646014440977679
5.611,-0.0009646014440977679
5.612,0.002731446339844281
5.613,-0.004660649228039817
5.614,0.00642749412378633
5.615,-0.004660649228039817
5.616,-0.015748792579865965
5.617,-0.0009646014440977679
5.618,0.002731446339844281
5.619,-0.015748792579865965
5.62,0.002731446339844281
5.621,-0.015748792579865965
5.622,-0.004660649228039817
5.623,-0.008356697011981867
5.624,-0.0009646014440977679
5.625,-0.004660649228039817
5.626,-0.015748792579865965
5.627,-0.019444840363808013
5.628,-0.019444840363808013
5.629,-0.004660649228039817
5.63,-0.015748792579865965
5.631,-0.015748792579865965
5.632,-0.004660649228039817
5.633,-0.004660649228039817
5.634,-0.004660649228039817
5.635,-0.004660649228039817
5.636,0.013819589691670428
5.637,-0.0009646014440977679
5.638,-0.008356697011981867
5.639,-0.008356697011981867
5.64,-0.008356697011981867
5.641,-0.0009646014440977679
5.642,-0.004660649228039817
5.643,-0.02314088814775006
5.644,-0.02314088814775006
5.645,-0.015748792579865965
5.646,-0.015748792579865965
5.647,-0.02314088814775006
5.648,-0.015748792579865965
5.649,-0.0009646014440977679
5.65,-0.004660649228039817
5.651,-0.02683693593169211
5.652,-0.015748792579865965
5.653,-0.004660649228039817
5.654,-0.02683693593169211
5.655,-0.02683693593169211
5.656,-0.019444840363808013
5.657,-0.015748792579865965
5.658,-0.015748792579865965
5.659,-0.0009646014440977679
5.66,0.002731446339844281
5.661,-0.0009646014440977679
5.662,-0.0009646014440977679
5.663,-0.012052744795923914
5.664,-0.008356697011981867
5.665,-0.008356697011981867
5.666,0.013819589691670428
5.667,-0.004660649228039817
5.668,-0.012052744795923914
5.669,0.013819589691670428
5.67,-0.004660649228039817
5.671,-0.015748792579865965
5.672,0.002731446339844281
5.673,-0.019444840363808013
5.674,-0.0009646014440977679
5.675,0.021211685259554525
5.676,-0.012052744795923914
5.677,-0.008356697011981867
5.678,-0.0009646014440977679
5.679,-0.012052744795923914
5.68,-0.012052744795923914
5.681,-0.008356697011981867
5.682,-0.008356697011981867
5.683,0.002731446339844281
5.684,-0.004660649228039817
5.685,-0.008356697011981867
5.686,-0.0009646014440977679
5.687,-0.0009646014440977679
5.688,-0.012052744795923914
5.689,-0.012052744795923914
5.69,-0.015748792579865965
5.691,-0.02314088814775006
5.692,-0.019444840363808013
5.693,0.00642749412378633
5.694,0.00642749412378633
5.695,0.021211685259554525
5.696,-0.004660649228039817
5.697,-0.012052744795923914
5.698,0.002731446339844281
5.699,0.010123541907728378
5.7,-0.019444840363808013
5.701,0.002731446339844281
5.702,0.013819589691670428
5.703,-0.019444840363808013
5.704,0.010123541907728378
5.705,0.013819589691670428
5.706,-0.019444840363808013
5.707,0.010123541907728378
5.708,-0.008356697011981867
5.709,-0.004660649228039817
5.71,-0.008356697011981867
5.711,-0.02314088814775006
5.712,-0.008356697011981867
5.713,-0.019444840363808013
5.714,-0.012052744795923914
5.715,-0.019444840363808013
5.716,-0.02314088814775006
5.717,-0.012052744795923914
5.718,-0.004660649228039817
5.719,-0.02314088814775006
5.72,-0.008356697011981867
5.721,-0.02314088814775006
5.722,0.017515637475612477
5.723,-0.008356697011981867
5.724,-0.0009646014440977679
5.725,0.00642749412378633
5.726,-0.015748792579865965
5.727,0.002731446339844281
5.728,-0.0009646014440977679
5.729,-0.0009646014440977679
5.73,0.013819589691670428
5.731,0.002731446339844281
5.732,-0.019444840363808013
5.733,-0.008356697011981867
5.734,-0.004660649228039817
5.735,0.00642749412378633
5.736,-0.019444840363808013
5.737,-0.008356697011981867
5.738,0.002731446339844281
5.739,0.002731446339844281
5.74,-0.004660649228039817
5.741,-0.0009646014440977679
5.742,-0.008356697011981867
5.743,0.002731446339844281
5.744,-0.004660649228039817
5.745,-0.004660649228039817
5.746,0.002731446339844281
5.747,-0.004660649228039817
5.748,-0.008356697011981867
5.749,-0.004660649228039817
5.75,-0.008356697011981867
5.751,-0.008356697011981867
5.752,-0.0009646014440977679
5.753,0.00642749412378633
5.754,-0.02314088814775006
5.755,0.013819589691670428
5.756,-0.02314088814775006
5.757,-0.008356697011981867
5.758,0.002731446339844281
5.759,0.010123541907728378
5.76,-0.015748792579865965
5.761,-0.008356697011981867
5.762,0.002731446339844281
5.763,-0.03053298371563416
5.764,-0.02683693593169211
5.765,0.002731446339844281
5.766,0.00642749412378633
5.767,-0.008356697011981867
5.768,0.017515637475612477
5.769,-0.0009646014440977679
5.77,-0.0009646014440977679
5.771,-0.0009646014440977679
5.772,-0.012052744795923914
5.773,-0.019444840363808013
5.774,-0.03422903149957621
5.775,0.00642749412378633
5.776,0.010123541907728378
5.777,-0.02314088814775006
5.778,-0.004660649228039817
5.779,0.002731446339844281
5.78,-0.02683693593169211
5.781,-0.012052744795923914
5.782,-0.012052744795923914
5.783,-0.004660649228039817
5.784,0.00642749412378633
5.785,0.00642749412378633
5.786,0.00642749412378633
5.787,-0.02314088814775006
5.788,-0.015748792579865965
5.789,-0.015748792579865965
5.79,-0.02683693593169211
5.791,-0.015748792579865965
5.792,-0.008356697011981867
5.793,-0.019444840363808013
5.794,-0.008356697011981867
5.795,-0.02314088814775006
5.796,-0.019444840363808013
5.797,-0.004660649228039817
5.798,-0.012052744795923914
5.799,-0.03053298371563416
5.8,-0.03053298371563416
5.801,-0.012052744795923914
5.802,-0.019444840363808013
5.803,-0.0009646014440977679
5.804,-0.02683693593169211
5.805,-0.0009646014440977679
5.806,0.00642749412378633
5.807,-0.015748792579865965
5.808,0.00642749412378633
5.809,-0.004660649228039817
5.81,-0.019444840363808013
5.811,0.002731446339844281
5.812,-0.02314088814775006
5.813,0.010123541907728378
5.814,-0.012052744795923914
5.815,-0.03422903149957621
5.816,0.002731446339844281
5.817,0.002731446339844281
5.818,0.010123541907728378
5.819,0.010123541907728378
5.82,-0.015748792579865965
5.821,-0.004660649228039817
5.822,-0.015748792579865965
5.823,0.002731446339844281
5.824,-0.015748792579865965
5.825,-0.012052744795923914
5.826,-0.004660649228039817
5.827,0.010123541907728378
5.828,-0.015748792579865965
5.829,0.00642749412378633
5.83,-0.02683693593169211
5.831,0.00642749412378633
5.832,0.00642749412378633
5.833,0.010123541907728378
5.834,-0.004660649228039817
5.835,0.024907733043496576
5.836,0.00642749412378633
5.837,-0.02314088814775006
5.838,0.002731446339844281
5.839,-0.0009646014440977679
5.84,-0.02314088814775006
5.841,-0.004660649228039817
5.842,-0.012052744795923914
5.843,0.002731446339844281
5.844,-0.019444840363808013
5.845,-0.015748792579865965
5.846,-0.0009646014440977679
5.847,0.013819589691670428
5.848,0.00642749412378633
5.849,0.010123541907728378
5.85,-0.012052744795923914
5.851,-0.03422903149957621
5.852,-0.008356697011981867
5.853,-0.012052744795923914
5.854,-0.012052744795923914
5.855,0.002731446339844281
5.856,0.002731446339844281
5.857,-0.019444840363808013
5.858,0.002731446339844281
5.859,-0.03053298371563416
5.86,-0.03422903149957621
5.861,-0.012052744795923914
5.862,-0.004660649228039817
5.863,-0.008356697011981867
5.864,-0.0009646014440977679
5.865,0.002731446339844281
5.866,-0.008356697011981867
5.867,0.002731446339844281
5.868,-0.02314088814775006
5.869,0.010123541907728378
5.87,-0.004660649228039817
5.871,-0.0009646014440977679
5.872,-0.019444840363808013
5.873,-0.012052744795923914
5.874,0.00642749412378633
5.875,-0.0009646014440977679
5.876,-0.03053298371563416
5.877,0.010123541907728378
5.878,-0.0009646014440977679
5.879,-0.015748792579865965
5.88,-0.004660649228039817
5.881,0.00642749412378633
5.882,-0.008356697011981867
5.883,-0.02314088814775006
5.884,-0.019444840363808013
5.885,-0.02314088814775006
5.886,-0.02683693593169211
5.887,0.010123541907728378
5.888,-0.015748792579865965
5.889,-0.008356697011981867
5.89,-0.004660649228039817
5.891,-0.02683693593169211
5.892,-0.0009646014440977679
5.893,-0.02314088814775006
5.894,-0.019444840363808013
5.895,0.00642749412378633
5.896,-0.008356697011981867
5.897,-0.02683693593169211
5.898,-0.04162112706746031
5.899,-0.03422903149957621
5.9,0.010123541907728378
5.901,-0.012052744795923914
5.902,0.010123541907728378
5.903,-0.012052744795923914
5.904,-0.02683693593169211
5.905,-0.008356697011981867
5.906,-0.0009646014440977679
5.907,-0.012052744795923914
5.908,-0.02683693593169211
5.909,-0.0009646014440977679
5.91,-0.012052744795923914
5.911,0.00642749412378633
5.912,0.017515637475612477
5.913,-0.019444840363808013
5.914,0.002731446339844281
5.915,-0.012052744795923914
5.916,0.017515637475612477
5.917,-0.008356697011981867
5.918,-0.004660649228039817
5.919,-0.004660649228039817
5.92,0.00642749412378633
5.921,-0.004660649228039817
5.922,-0.015748792579865965
5.923,-0.015748792579865965
5.924,-0.012052744795923914
5.925,0.00642749412378633
5.926,-0.004660649228039817
5.927,-0.0009646014440977679
5.928,0.017515637475612477
5.929,0.013819589691670428
5.93,-0.015748792579865965
5.931,-0.008356697011981867
5.932,-0.019444840363808013
5.933,0.002731446339844281
5.934,0.00642749412378633
5.935,-0.0009646014440977679
5.936,-0.008356697011981867
5.937,-0.019444840363808013
5.938,-0.03792507928351826
5.939,0.00642749412378633
5.94,0.00642749412378633
5.941,-0.0009646014440977679
5.942,0.013819589691670428
5.943,-0.015748792579865965
5.944,-0.0009646014440977679
5.945,-0.019444840363808013
5.946,0.010123541907728378
5.947,-0.008356697011981867
5.948,-0.019444840363808013
5.949,-0.02683693593169211
5.95,0.013819589691670428
5.951,-0.019444840363808013
5.952,-0.015748792579865965
5.953,-0.004660649228039817
5.954,0.002731446339844281
5.955,-0.012052744795923914
5.956,-0.0009646014440977679
5.957,0.002731446339844281
5.958,-0.02314088814775006
5.959,-0.004660649228039817
5.96,-0.019444840363808013
5.961,-0.008356697011981867
5.962,0.002731446339844281
5.963,-0.019444840363808013
5.964,-0.008356697011981867
5.965,0.002731446339844281
5.966,0.013819589691670428
5.967,0.00642749412378633
5.968,-0.02314088814775006
5.969,-0.0009646014440977679
5.97,-0.0009646014440977679
5.971,0.013819589691670428
5.972,0.013819589691670428
5.973,-0.02314088814775006
5.974,-0.019444840363808013
5.975,-0.019444840363808013
5.976,-0.0009646014440977679
5.977,-0.004660649228039817
5.978,-0.008356697011981867
5.979,0.013819589691670428
5.98,-0.004660649228039817
5.981,-0.019444840363808013
5.982,-0.004660649228039817
5.983,0.002731446339844281
5.984,0.010123541907728378
5.985,-0.012052744795923914
5.986,-0.008356697011981867
5.987,-0.019444840363808013
5.988,0.002731446339844281
5.989,-0.012052744795923914
5.99,-0.0009646014440977679
5.991,-0.012052744795923914
5.992,-0.02683693593169211
5.993,-0.019444840363808013
5.994,0.013819589691670428
5.995,-0.012052744795923914
5.996,-0.012052744795923914
5.997,-0.015748792579865965
5.998,-0.004660649228039817
5.999,-0.004660649228039817
6.0,-0.03053298371563416
6.001,-0.03053298371563416
6.002,-0.019444840363808013
6.003,-0.019444840363808013
6.004,-0.012052744795923914
6.005,-0.0009646014440977679
6.006,-0.004660649228039817
6.007,-0.008356697011981867
6.008,0.002731446339844281
6.009,-0.012052744795923914
6.01,0.00642749412378633
6.011,-0.004660649228039817
6.012,0.002731446339844281
6.013,-0.015748792579865965
6.014,-0.02683693593169211
6.015,-0.004660649228039817
6.016,-0.012052744795923914
6.017,-0.004660649228039817
6.018,-0.015748792579865965
6.019,-0.012052744795923914
6.02,-0.012052744795923914
6.021,-0.012052744795923914
6.022,-0.012052744795923914
6.023,-0.015748792579865965
6.024,-0.015748792579865965
6.025,-0.015748792579865965
6.026,-0.019444840363808013
6.027,-0.004660649228039817
6.028,-0.0009646014440977679
6.029,0.002731446339844281
6.03,-0.012052744795923914
6.031,0.013819589691670428
6.032,-0.015748792579865965
6.033,-0.008356697011981867
6.034,0.002731446339844281
6.035,-0.012052744795923914
6.036,-0.03422903149957621
6.037,-0.03422903149957621
6.038,0.002731446339844281
6.039,0.002731446339844281
6.04,0.010123541907728378
6.041,0.002731446339844281
6.042,-0.012052744795923914
6.043,0.013819589691670428
6.044,-0.02314088814775006
6.045,-0.019444840363808013
6.046,0.03229982861138067
6.047,-0.03053298371563416
6.048,-0.0009646014440977679
6.049,-0.012052744795923914
6.05,-0.012052744795923914
6.051,-0.004660649228039817
6.052,0.00642749412378633
6.053,0.002731446339844281
6.054,-0.02683693593169211
6.055,-0.015748792579865965
6.056,-0.0009646014440977679
6.057,0.021211685259554525
6.058,-0.015748792579865965
6.059,-0.02683693593169211
6.06,0.010123541907728378
6.061,-0.008356697011981867
6.062,-0.015748792579865965
6.063,-0.008356697011981867
6.064,0.010123541907728378
6.065,-0.0009646014440977679
6.066,-0.004660649228039817
6.067,-0.008356697011981867
6.068,-0.02314088814775006
6.069,-0.015748792579865965
6.07,-0.015748792579865965
6.071,-0.0009646014440977679
6.072,0.010123541907728378
6.073,-0.015748792579865965
6.074,-0.015748792579865965
6.075,-0.015748792579865965
6.076,-0.019444840363808013
6.077,-0.004660649228039817
6.078,-0.012052744795923914
6.079,-0.004660649228039817
6.08,-0.004660649228039817
6.081,-0.012052744795923914
6.082,0.002731446339844281
6.083,-0.004660649228039817
6.084,-0.02314088814775006
6.085,0.002731446339844281
6.086,-0.008356697011981867
6.087,-0.0009646014440977679
6.088,0.010123541907728378
6.089,-0.0009646014440977679
6.09,-0.008356697011981867
6.091,-0.004660649228039817
6.092,-0.02314088814775006
6.093,-0.004660649228039817
6.094,-0.02683693593169211
6.095,-0.012052744795923914
6.096,0.010123541907728378
6.097,0.010123541907728378
6.098,-0.004660649228039817
6.099,-0.0009646014440977679
6.1,-0.0009646014440977679
6.101,-0.0009646014440977679
6.102,-0.008356697011981867
6.103,-0.008356697011981867
6.104,0.002731446339844281
6.105,0.002731446339844281
6.106,-0.008356697011981867
6.107,-0.03053298371563416
6.108,-0.019444840363808013
6.109,-0.008356697011981867
6.11,-0.02314088814775006
6.111,0.002731446339844281
6.112,-0.015748792579865965
6.113,-0.019444840363808013
6.114,-0.03053298371563416
6.115,-0.0009646014440977679
6.116,-0.019444840363808013
6.117,-0.004660649228039817
6.118,0.00642749412378633
6.119,-0.02314088814775006
6.12,0.002731446339844281
6.121,-0.012052744795923914
6.122,-0.019444840363808013
6.123,0.002731446339844281
6.124,-0.008356697011981867
6.125,-0.008356697011981867
6.126,0.002731446339844281
6.127,-0.015748792579865965
6.128,-0.015748792579865965
6.129,-0.004660649228039817
6.13,-0.019444840363808013
6.131,-0.015748792579865965
6.132,-0.015748792579865965
6.133,0.002731446339844281
6.134,-0.0009646014440977679
6.135,-0.008356697011981867
6.136,-0.012052744795923914
6.137,-0.019444840363808013
6.138,0.013819589691670428
6.139,0.013819589691670428
6.14,-0.0009646014440977679
6.141,-0.015748792579865965
6.142,-0.008356697011981867
6.143,-0.004660649228039817
6.144,-0.015748792579865965
6.145,-0.0009646014440977679
6.146,-0.0009646014440977679
6.147,-0.019444840363808013
6.148,-0.0009646014440977679
6.149,0.002731446339844281
6.15,0.010123541907728378
6.151,-0.02314088814775006
6.152,-0.004660649228039817
6.153,0.00642749412378633
6.154,-0.02314088814775006
6.155,-0.019444840363808013
6.156,-0.004660649228039817
6.157,-0.0009646014440977679
6.158,-0.008356697011981867
6.159,0.00642749412378633
6.16,0.013819589691670428
6.161,-0.008356697011981867
6.162,0.00642749412378633
6.163,-0.004660649228039817
6.164,-0.004660649228039817
6.165,-0.004660649228039817
6.166,0.002731446339844281
6.167,0.010123541907728378
6.168,-0.012052744795923914
6.169,0.021211685259554525
6.17,-0.008356697011981867
6.171,-0.0009646014440977679
6.172,0.002731446339844281
6.173,-0.004660649228039817
6.174,0.017515637475612477
6.175,-0.012052744795923914
6.176,-0.004660649228039817
6.177,-0.015748792579865965
6.178,-0.008356697011981867
6.179,-0.012052744795923914
6.18,-0.008356697011981867
6.181,-0.004660649228039817
6.182,0.002731446339844281
6.183,-0.0009646014440977679
6.184,-0.008356697011981867
6.185,-0.0009646014440977679
6.186,0.010123541907728378
6.187,-0.004660649228039817
6.188,0.017515637475612477
6.189,-0.008356697011981867
6.19,-0.019444840363808013
6.191,-0.012052744795923914
6.192,-0.02314088814775006
6.193,-0.004660649228039817
6.194,0.03229982861138067
6.195,-0.015748792579865965
6.196,-0.012052744795923914
6.197,-0.02314088814775006
6.198,-0.015748792579865965
6.199,-0.012052744795923914
6.2,0.013819589691670428
6.201,-0.03422903149957621
6.202,0.00642749412378633
6.203,-0.03053298371563416
6.204,0.002731446339844281
6.205,0.013819589691670428
6.206,0.00642749412378633
6.207,-0.019444840363808013
6.208,-0.008356697011981867
6.209,-0.012052744795923914
6.21,-0.012052744795923914
6.211,-0.012052744795923914
6.212,-0.0009646014440977679
6.213,-0.019444840363808013
6.214,-0.015748792579865965
6.215,0.017515637475612477
6.216,0.00642749412378633
6.217,-0.012052744795923914
6.218,-0.008356697011981867
6.219,-0.012052744795923914
6.22,-0.008356697011981867
6.221,-0.019444840363808013
6.222,-0.008356697011981867
6.223,-0.015748792579865965
6.224,-0.008356697011981867
6.225,0.013819589691670428
6.226,-0.019444840363808013
6.227,-0.004660649228039817
6.228,0.010123541907728378
6.229,-0.019444840363808013
6.23,-0.008356697011981867
6.231,-0.019444840363808013
6.232,0.002731446339844281
6.233,0.002731446339844281
6.234,0.00642749412378633
6.235,0.010123541907728378
6.236,-0.015748792579865965
6.237,0.002731446339844281
6.238,-0.015748792579865965
6.239,-0.008356697011981867
6.24,-0.004660649228039817
6.241,-0.004660649228039817
6.242,0.010123541907728378
6.243,0.002731446339844281
6.244,-0.004660649228039817
6.245,-0.008356697011981867
6.246,-0.008356697011981867
6.247,-0.0009646014440977679
6.248,0.00642749412378633
6.249,0.010123541907728378
6.25,-0.0009646014440977679
6.251,-0.004660649228039817
6.252,-0.02314088814775006
6.253,0.00642749412378633
6.254,-0.03422903149957621
6.255,0.013819589691670428
6.256,-0.012052744795923914
6.257,-0.004660649228039817
6.258,-0.008356697011981867
6.259,-0.008356697011981867
6.26,0.00642749412378633
6.261,-0.004660649228039817
6.262,-0.015748792579865965
6.263,-0.004660649228039817
6.264,0.002731446339844281
6.265,-0.008356697011981867
6.266,-0.0009646014440977679
6.267,0.00642749412378633
6.268,0.00642749412378633
6.269,-0.012052744795923914
6.27,0.00642749412378633
6.271,-0.008356697011981867
6.272,-0.0009646014440977679
6.273,0.021211685259554525
6.274,0.017515637475612477
6.275,-0.012052744795923914
6.276,-0.012052744795923914
6.277,-0.004660649228039817
6.278,-0.02314088814775006
6.279,-0.03422903149957621
6.28,0.021211685259554525
6.281,-0.015748792579865965
6.282,-0.019444840363808013
6.283,-0.012052744795923914
6.284,0.002731446339844281
6.285,-0.008356697011981867
6.286,-0.008356697011981867
6.287,-0.015748792579865965
6.288,-0.004660649228039817
6.289,-0.019444840363808013
6.29,-0.0009646014440977679
6.291,-0.012052744795923914
6.292,-0.015748792579865965
6.293,-0.012052744795923914
6.294,0.010123541907728378
6.295,-0.012052744795923914
6.296,0.002731446339844281
6.297,-0.012052744795923914
6.298,0.00642749412378633
6.299,-0.019444840363808013
6.3,0.013819589691670428
6.301,-0.02683693593169211
6.302,-0.012052744795923914
6.303,-0.004660649228039817
6.304,-0.012052744795923914
6.305,-0.008356697011981867
6.306,0.002731446339844281
6.307,-0.008356697011981867
6.308,0.010123541907728378
6.309,-0.019444840363808013
6.31,-0.012052744795923914
6.311,-0.008356697011981867
6.312,-0.019444840363808013
6.313,-0.008356697011981867
6.314,-0.008356697011981867
6.315,-0.008356697011981867
6.316,-0.0009646014440977679
6.317,0.010123541907728378
6.318,-0.0009646014440977679
6.319,-0.004660649228039817
6.32,0.002731446339844281
6.321,0.010123541907728378
6.322,-0.012052744795923914
6.323,-0.019444840363808013
6.324,-0.008356697011981867
6.325,-0.0009646014440977679
6.326,-0.012052744795923914
6.327,-0.012052744795923914
6.328,-0.012052744795923914
6.329,-0.004660649228039817
6.33,0.017515637475612477
6.331,-0.012052744795923914
6.332,-0.004660649228039817
6.333,-0.004660649228039817
6.334,-0.019444840363808013
6.335,-0.008356697011981867
6.336,-0.008356697011981867
6.337,-0.019444840363808013
6.338,-0.019444840363808013
6.339,-0.02683693593169211
6.34,-0.008356697011981867
6.341,-0.03053298371563416
6.342,-0.004660649228039817
6.343,-0.012052744795923914
6.344,-0.012052744795923914
6.345,-0.012052744795923914
6.346,-0.004660649228039817
6.347,-0.0009646014440977679
6.348,-0.03422903149957621
6.349,-0.0009646014440977679
6.35,-0.0009646014440977679
6.351,-0.004660649228039817
6.352,-0.004660649228039817
6.353,0.002731446339844281
6.354,-0.0009646014440977679
6.355,-0.004660649228039817
6.356,-0.008356697011981867
6.357,0.00642749412378633
6.358,-0.019444840363808013
6.359,-0.0009646014440977679
6.36,-0.0009646014440977679
6.361,0.002731446339844281
6.362,0.002731446339844281
6.363,-0.008356697011981867
6.364,-0.004660649228039817
6.365,0.00642749412378633
6.366,-0.019444840363808013
6.367,-0.008356697011981867
6.368,-0.0009646014440977679
6.369,-0.012052744795923914
6.37,-0.004660649228039817
6.371,-0.019444840363808013
6.372,0.002731446339844281
6.373,0.010123541907728378
6.374,0.00642749412378633
6.375,-0.008356697011981867
6.376,-0.004660649228039817
6.377,-0.015748792579865965
6.378,-0.0009646014440977679
6.379,-0.012052744795923914
6.38,-0.012052744795923914
6.381,-0.0009646014440977679
6.382,-0.004660649228039817
6.383,-0.019444840363808013
6.384,-0.015748792579865965
6.385,-0.019444840363808013
6.386,-0.0009646014440977679
6.387,-0.008356697011981867
6.388,-0.008356697011981867
6.389,-0.012052744795923914
6.39,-0.03053298371563416
6.391,-0.0009646014440977679
6.392,0.010123541907728378
6.393,-0.004660649228039817
6.394,-0.03053298371563416
6.395,-0.004660649228039817
6.396,-0.015748792579865965
6.397,0.002731446339844281
6.398,-0.015748792579865965
6.399,-0.02314088814775006
6.4,-0.012052744795923914
6.401,0.00642749412378633
6.402,0.010123541907728378
6.403,-0.02314088814775006
6.404,0.00642749412378633
6.405,-0.02683693593169211
6.406,-0.015748792579865965
6.407,-0.03422903149957621
6.408,-0.0009646014440977679
6.409,-0.0009646014440977679
6.41,-0.004660649228039817
6.411,0.00642749412378633
6.412,-0.004660649228039817
6.413,0.00642749412378633
6.414,-0.015748792579865965
6.415,-0.019444840363808013
6.416,0.013819589691670428
6.417,-0.02683693593169211
6.418,-0.004660649228039817
6.419,-0.02683693593169211
6.42,-0.019444840363808013
6.421,-0.0009646014440977679
6.422,-0.015748792579865965
6.423,-0.012052744795923914
6.424,0.002731446339844281
6.425,0.00642749412378633
6.426,-0.0009646014440977679
6.427,0.002731446339844281
6.428,0.013819589691670428
6.429,-0.008356697011981867
6.43,-0.0009646014440977679
6.431,-0.004660649228039817
6.432,-0.03792507928351826
6.433,-0.015748792579865965
6.434,-0.008356697011981867
6.435,0.002731446339844281
6.436,-0.0009646014440977679
6.437,-0.0009646014440977679
6.438,-0.02683693593169211
6.439,0.002731446339844281
6.44,-0.012052744795923914
6.441,-0.008356697011981867
6.442,-0.03053298371563416
6.443,-0.008356697011981867
6.444,-0.004660649228039817
6.445,-0.0009646014440977679
6.446,-0.0009646014440977679
6.447,-0.0009646014440977679
6.448,-0.004660649228039817
6.449,-0.0009646014440977679
6.45,-0.012052744795923914
6.451,-0.015748792579865965
6.452,-0.015748792579865965
6.453,-0.008356697011981867
6.454,-0.03422903149957621
6.455,-0.008356697011981867
6.456,-0.004660649228039817
6.457,-0.008356697011981867
6.458,-0.004660649228039817
6.459,-0.008356697011981867
6.46,-0.004660649228039817
6.461,0.002731446339844281
6.462,-0.004660649228039817
6.463,0.002731446339844281
6.464,-0.012052744795923914
6.465,-0.015748792579865965
6.466,-0.008356697011981867
6.467,0.013819589691670428
6.468,0.00642749412378633
6.469,-0.012052744795923914
6.47,-0.012052744795923914
6.471,-0.015748792579865965
6.472,-0.015748792579865965
6.473,-0.004660649228039817
6.474,0.002731446339844281
6.475,0.010123541907728378
6.476,-0.015748792579865965
6.477,-0.008356697011981867
6.478,-0.004660649228039817
6.479,-0.012052744795923914
6.48,-0.02314088814775006
6.481,-0.008356697011981867
6.482,-0.008356697011981867
6.483,-0.015748792579865965
6.484,0.002731446339844281
6.485,-0.008356697011981867
6.486,-0.012052744795923914
6.487,-0.02683693593169211
6.488,0.00642749412378633
6.489,-0.012052744795923914
6.49,-0.02683693593169211
6.491,-0.015748792579865965
6.492,-0.004660649228039817
6.493,0.002731446339844281
6.494,-0.012052744795923914
6.495,-0.02314088814775006
6.496,-0.008356697011981867
6.497,0.010123541907728378
6.498,-0.019444840363808013
6.499,-0.008356697011981867
6.5,-0.012052744795923914
6.501,-0.02314088814775006
6.502,-0.004660649228039817
6.503,0.00642749412378633
6.504,0.002731446339844281
6.505,-0.02683693593169211
6.506,-0.02314088814775006
6.507,-0.008356697011981867
6.508,-0.019444840363808013
6.509,-0.03053298371563416
6.51,-0.015748792579865965
6.511,0.010123541907728378
6.512,-0.019444840363808013
6.513,-0.008356697011981867
6.514,-0.02314088814775006
6.515,-0.02314088814775006
6.516,0.017515637475612477
6.517,-0.012052744795923914
6.518,-0.0009646014440977679
6.519,0.002731446339844281
6.52,-0.0009646014440977679
6.521,-0.019444840363808013
6.522,0.010123541907728378
6.523,-0.008356697011981867
6.524,0.013819589691670428
6.525,0.010123541907728378
6.526,-0.019444840363808013
6.527,0.010123541907728378
6.528,-0.019444840363808013
6.529,-0.0009646014440977679
6.53,0.002731446339844281
6.531,-0.02314088814775006
6.532,-0.004660649228039817
6.533,0.002731446339844281
6.534,0.00642749412378633
6.535,-0.004660649228039817
6.536,-0.0009646014440977679
6.537,-0.02314088814775006
6.538,-0.004660649228039817
6.539,-0.04162112706746031
6.54,-0.008356697011981867
6.541,-0.02683693593169211
6.542,-0.008356697011981867
6.543,-0.004660649228039817
6.544,-0.015748792579865965
6.545,0.002731446339844281
6.546,0.013819589691670428
6.547,0.002731446339844281
6.548,0.002731446339844281
6.549,-0.012052744795923914
6.55,-0.015748792579865965
6.551,-0.004660649228039817
6.552,0.00642749412378633
6.553,-0.008356697011981867
6.554,-0.019444840363808013
6.555,0.010123541907728378
6.556,0.00642749412378633
6.557,0.013819589691670428
6.558,-0.03053298371563416
6.559,-0.012052744795923914
6.56,-0.015748792579865965
6.561,-0.019444840363808013
6.562,-0.012052744795923914
6.563,-0.012052744795923914
6.564,-0.008356697011981867
6.565,-0.008356697011981867
6.566,0.017515637475612477
6.567,-0.015748792579865965
6.568,-0.004660649228039817
6.569,-0.0009646014440977679
6.57,-0.019444840363808013
6.571,-0.0009646014440977679
6.572,-0.008356697011981867
6.573,0.00642749412378633
6.574,-0.008356697011981867
6.575,-0.02683693593169211
6.576,0.002731446339844281
6.577,-0.02683693593169211
6.578,-0.0009646014440977679
6.579,-0.03422903149957621
6.58,-0.02683693593169211
6.581,-0.03053298371563416
6.582,0.00642749412378633
6.583,0.021211685259554525
6.584,-0.012052744795923914
6.585,-0.008356697011981867
6.586,-0.015748792579865965
6.587,0.002731446339844281
6.588,-0.02683693593169211
6.589,-0.004660649228039817
6.59,0.00642749412378633
6.591,-0.008356697011981867
6.592,0.021211685259554525
6.593,-0.012052744795923914
6.594,-0.0009646014440977679
6.595,-0.02314088814775006
6.596,-0.0009646014440977679
6.597,-0.019444840363808013
6.598,0.002731446339844281
6.599,-0.015748792579865965
6.6,-0.004660649228039817
6.601,-0.004660649228039817
6.602,-0.012052744795923914
6.603,-0.004660649228039817
6.604,-0.015748792579865965
6.605,-0.012052744795923914
6.606,-0.015748792579865965
6.607,0.002731446339844281
6.608,-0.0009646014440977679
6.609,-0.015748792579865965
6.61,-0.0009646014440977679
6.611,0.002731446339844281
6.612,-0.004660649228039817
6.613,-0.03422903149957621
6.614,-0.019444840363808013
6.615,-0.019444840363808013
6.616,-0.004660649228039817
6.617,-0.012052744795923914
6.618,-0.008356697011981867
6.619,-0.004660649228039817
6.62,-0.012052744795923914
6.621,0.00642749412378633
6.622,0.002731446339844281
6.623,-0.019444840363808013
6.624,-0.015748792579865965
6.625,-0.012052744795923914
6.626,-0.008356697011981867
6.627,-0.0009646014440977679
6.628,-0.008356697011981867
6.629,-0.0009646014440977679
6.63,-0.02314088814775006
6.631,-0.0009646014440977679
6.632,-0.0009646014440977679
6.633,-0.0009646014440977679
6.634,-0.008356697011981867
6.635,0.002731446339844281
6.636,-0.004660649228039817
6.637,-0.008356697011981867
6.638,0.010123541907728378
6.639,0.013819589691670428
6.64,-0.0009646014440977679
6.641,-0.004660649228039817
6.642,-0.015748792579865965
6.643,0.002731446339844281
6.644,-0.015748792579865965
6.645,-0.008356697011981867
6.646,-0.0009646014440977679
6.647,-0.0009646014440977679
6.648,-0.008356697011981867
6.649,-0.008356697011981867
6.65,-0.0009646014440977679
6.651,-0.004660649228039817
6.652,-0.0009646014440977679
6.653,-0.02314088814775006
6.654,-0.019444840363808013
6.655,-0.012052744795923914
6.656,-0.02314088814775006
6.657,-0.0009646014440977679
6.658,-0.004660649228039817
6.659,-0.012052744795923914
6.66,-0.0009646014440977679
6.661,-0.0009646014440977679
6.662,-0.0009646014440977679
6.663,-0.0009646014440977679
6.664,-0.008356697011981867
6.665,-0.019444840363808013
6.666,-0.004660649228039817
6.667,-0.008356697011981867
6.668,-0.03053298371563416
6.669,-0.0009646014440977679
6.67,-0.004660649228039817
6.671,-0.008356697011981867
6.672,-0.012052744795923914
6.673,0.002731446339844281
6.674,-0.004660649228039817
6.675,-0.004660649228039817
6.676,-0.004660649228039817
6.677,-0.012052744795923914
6.678,0.017515637475612477
6.679,0.002731446339844281
6.68,-0.0009646014440977679
6.681,-0.004660649228039817
6.682,0.00642749412378633
6.683,-0.0009646014440977679
6.684,-0.012052744795923914
6.685,0.00642749412378633
6.686,0.028603780827438623
6.687,-0.012052744795923914
6.688,-0.008356697011981867
6.689,0.002731446339844281
6.69,-0.004660649228039817
6.691,-0.019444840363808013
6.692,-0.008356697011981867
6.693,-0.012052744795923914
6.694,-0.019444840363808013
6.695,0.013819589691670428
6.696,-0.02683693593169211
6.697,0.002731446339844281
6.698,0.002731446339844281
6.699,0.00642749412378633
6.7,-0.008356697011981867
6.701,-0.012052744795923914
6.702,-0.008356697011981867
6.703,-0.0009646014440977679
6.704,-0.02683693593169211
6.705,-0.0009646014440977679
6.706,-0.012052744795923914
6.707,-0.0009646014440977679
6.708,-0.015748792579865965
6.709,-0.0009646014440977679
6.71,0.024907733043496576
6.711,-0.004660649228039817
6.712,0.002731446339844281
6.713,-0.008356697011981867
6.714,-0.015748792579865965
6.715,-0.0009646014440977679
6.716,-0.004660649228039817
6.717,-0.0009646014440977679
6.718,-0.004660649228039817
6.719,-0.012052744795923914
6.72,-0.0009646014440977679
6.721,0.00642749412378633
6.722,0.010123541907728378
6.723,-0.008356697011981867
6.724,-0.03053298371563416
6.725,-0.0009646014440977679
6.726,0.010123541907728378
6.727,-0.008356697011981867
6.728,-0.012052744795923914
6.729,-0.004660649228039817
6.73,-0.0009646014440977679
6.731,0.00642749412378633
6.732,-0.012052744795923914
6.733,-0.0009646014440977679
6.734,-0.0009646014440977679
6.735,-0.0009646014440977679
6.736,-0.004660649228039817
6.737,0.00642749412378633
6.738,-0.015748792579865965
6.739,-0.008356697011981867
6.74,-0.019444840363808013
6.741,-0.02683693593169211
6.742,-0.008356697011981867
6.743,0.013819589691670428
6.744,-0.0009646014440977679
6.745,-0.008356697011981867
6.746,0.00642749412378633
6.747,-0.0009646014440977679
6.748,-0.019444840363808013
6.749,-0.008356697011981867
6.75,-0.019444840363808013
6.751,-0.0009646014440977679
6.752,-0.008356697011981867
6.753,-0.02683693593169211
6.754,-0.004660649228039817
6.755,-0.0009646014440977679
6.756,-0.019444840363808013
6.757,-0.012052744795923914
6.758,-0.004660649228039817
6.759,0.002731446339844281
6.76,-0.008356697011981867
6.761,-0.02314088814775006
6.762,-0.0009646014440977679
6.763,-0.019444840363808013
6.764,0.002731446339844281
6.765,-0.008356697011981867
6.766,-0.019444840363808013
6.767,-0.019444840363808013
6.768,-0.019444840363808013
6.769,-0.02683693593169211
6.77,0.00642749412378633
6.771,-0.019444840363808013
6.772,-0.008356697011981867
6.773,-0.012052744795923914
6.774,-0.004660649228039817
6.775,-0.02683693593169211
6.776,-0.0009646014440977679
6.777,-0.015748792579865965
6.778,-0.008356697011981867
6.779,-0.012052744795923914
6.78,0.013819589691670428
6.781,-0.0009646014440977679
6.782,0.013819589691670428
6.783,-0.012052744795923914
6.784,-0.02314088814775006
6.785,-0.004660649228039817
6.786,-0.012052744795923914
6.787,0.00642749412378633
6.788,-0.015748792579865965
6.789,0.00642749412378633
6.79,0.00642749412378633
6.791,-0.015748792579865965
6.792,0.00642749412378633
6.793,0.00642749412378633
6.794,-0.03422903149957621
6.795,-0.004660649228039817
6.796,-0.0009646014440977679
6.797,0.002731446339844281
6.798,0.013819589691670428
6.799,0.024907733043496576
6.8,-0.008356697011981867
6.801,0.013819589691670428
6.802,-0.02314088814775006
6.803,-0.008356697011981867
6.804,-0.012052744795923914
6.805,0.00642749412378633
6.806,-0.008356697011981867
6.807,-0.019444840363808013
6.808,-0.012052744795923914
6.809,-0.02314088814775006
6.81,-0.008356697011981867
6.811,0.013819589691670428
6.812,-0.008356697011981867
6.813,-0.004660649228039817
6.814,-0.012052744795923914
6.815,-0.015748792579865965
6.816,-0.015748792579865965
6.817,-0.015748792579865965
6.818,-0.019444840363808013
6.819,-0.004660649228039817
6.82,-0.02314088814775006
6.821,-0.008356697011981867
6.822,-0.004660649228039817
6.823,-0.015748792579865965
6.824,-0.019444840363808013
6.825,0.00642749412378633
6.826,-0.012052744795923914
6.827,-0.015748792579865965
6.828,-0.004660649228039817
6.829,-0.0009646014440977679
6.83,-0.004660649228039817
6.831,0.010123541907728378
6.832,-0.02314088814775006
6.833,-0.012052744795923914
6.834,-0.012052744795923914
6.835,0.010123541907728378
6.836,-0.015748792579865965
6.837,-0.03422903149957621
6.838,-0.008356697011981867
6.839,-0.015748792579865965
6.84,-0.015748792579865965
6.841,-0.0009646014440977679
6.842,0.010123541907728378
6.843,-0.02314088814775006
6.844,0.010123541907728378
6.845,-0.012052744795923914
6.846,-0.012052744795923914
6.847,0.010123541907728378
6.848,-0.004660649228039817
6.849,-0.0009646014440977679
6.85,-0.015748792579865965
6.851,-0.015748792579865965
6.852,-0.004660649228039817
6.853,-0.012052744795923914
6.854,-0.004660649228039817
6.855,-0.008356697011981867
6.856,-0.02314088814775006
6.857,-0.004660649228039817
6.858,-0.015748792579865965
6.859,-0.004660649228039817
6.86,0.017515637475612477
6.861,0.013819589691670428
6.862,-0.03422903149957621
6.863,-0.015748792579865965
6.864,0.00642749412378633
6.865,0.010123541907728378
6.866,-0.0009646014440977679
6.867,-0.008356697011981867
6.868,0.002731446339844281
6.869,0.00642749412378633
6.87,0.013819589691670428
6.871,0.021211685259554525
6.872,-0.008356697011981867
6.873,-0.019444840363808013
6.874,-0.015748792579865965
6.875,-0.03053298371563416
6.876,-0.004660649228039817
6.877,0.002731446339844281
6.878,-0.004660649228039817
6.879,-0.004660649228039817
6.88,0.013819589691670428
6.881,-0.019444840363808013
6.882,-0.019444840363808013
6.883,-0.0009646014440977679
6.884,-0.012052744795923914
6.885,-0.0009646014440977679
6.886,-0.004660649228039817
6.887,0.010123541907728378
6.888,-0.02314088814775006
6.889,-0.03053298371563416
6.89,-0.0009646014440977679
6.891,0.002731446339844281
6.892,0.002731446339844281
6.893,0.002731446339844281
6.894,-0.03053298371563416
6.895,-0.02683693593169211
6.896,0.00642749412378633
6.897,-0.012052744795923914
6.898,-0.02683693593169211
6.899,0.00642749412378633
6.9,-0.008356697011981867
6.901,-0.019444840363808013
6.902,-0.004660649228039817
6.903,0.002731446339844281
6.904,0.002731446339844281
6.905,-0.0009646014440977679
6.906,-0.004660649228039817
6.907,0.017515637475612477
6.908,0.017515637475612477
6.909,-0.012052744795923914
6.91,-0.019444840363808013
6.911,0.00642749412378633
6.912,-0.004660649228039817
6.913,-0.0009646014440977679
6.914,0.00642749412378633
6.915,-0.008356697011981867
6.916,-0.015748792579865965
6.917,-0.004660649228039817
6.918,0.010123541907728378
6.919,0.00642749412378633
6.92,0.002731446339844281
6.921,0.002731446339844281
6.922,-0.012052744795923914
6.923,-0.015748792579865965
6.924,0.00642749412378633
6.925,0.002731446339844281
6.926,0.017515637475612477
6.927,-0.008356697011981867
6.928,-0.015748792579865965
6.929,-0.015748792579865965
6.93,-0.015748792579865965
6.931,0.002731446339844281
6.932,-0.008356697011981867
6.933,-0.008356697011981867
6.934,0.002731446339844281
6.935,-0.0009646014440977679
6.936,-0.03053298371563416
6.937,-0.004660649228039817
6.938,0.00642749412378633
6.939,-0.03422903149957621
6.94,-0.012052744795923914
6.941,0.010123541907728378
6.942,0.002731446339844281
6.943,-0.03053298371563416
6.944,-0.0009646014440977679
6.945,-0.012052744795923914
6.946,0.00642749412378633
6.947,-0.0009646014440977679
6.948,-0.015748792579865965
6.949,0.002731446339844281
6.95,0.00642749412378633
6.951,-0.004660649228039817
6.952,-0.02683693593169211
6.953,-0.019444840363808013
6.954,-0.004660649228039817
6.955,-0.004660649228039817
6.956,-0.008356697011981867
6.957,-0.004660649228039817
6.958,-0.008356697011981867
6.959,-0.008356697011981867
6.96,-0.008356697011981867
6.961,-0.02314088814775006
6.962,-0.0009646014440977679
6.963,-0.004660649228039817
6.964,-0.0009646014440977679
6.965,-0.008356697011981867
6.966,-0.015748792579865965
6.967,0.002731446339844281
6.968,-0.012052744795923914
6.969,0.024907733043496576
6.97,-0.004660649228039817
6.971,-0.012052744795923914
6.972,-0.02314088814775006
6.973,0.010123541907728378
6.974,-0.004660649228039817
6.975,-0.019444840363808013
6.976,-0.015748792579865965
6.977,-0.012052744795923914
6.978,0.002731446339844281
6.979,0.00642749412378633
6.98,-0.008356697011981867
6.981,0.024907733043496576
6.982,-0.019444840363808013
6.983,-0.004660649228039817
6.984,-0.0009646014440977679
6.985,-0.012052744795923914
6.986,-0.004660649228039817
6.987,-0.03053298371563416
6.988,-0.02683693593169211
6.989,-0.008356697011981867
6.99,-0.008356697011981867
6.991,-0.015748792579865965
6.992,-0.008356697011981867
6.993,-0.004660649228039817
6.994,-0.008356697011981867
6.995,-0.008356697011981867
6.996,0.002731446339844281
6.997,0.002731446339844281
6.998,0.002731446339844281
6.999,-0.015748792579865965
7.0,0.013819589691670428
7.001,0.021211685259554525
7.002,-0.012052744795923914
7.003,-0.015748792579865965
7.004,-0.02314088814775006
7.005,-0.0009646014440977679
7.006,0.00642749412378633
7.007,-0.004660649228039817
7.008,0.013819589691670428
7.009,-0.0009646014440977679
7.01,-0.019444840363808013
7.011,-0.0009646014440977679
7.012,-0.019444840363808013
7.013,-0.004660649228039817
7.014,-0.0009646014440977679
7.015,-0.012052744795923914
7.016,-0.015748792579865965
7.017,0.00642749412378633
7.018,0.010123541907728378
7.019,-0.012052744795923914
7.02,0.00642749412378633
7.021,-0.004660649228039817
7.022,-0.015748792579865965
7.023,-0.03053298371563416
7.024,-0.008356697011981867
7.025,0.010123541907728378
7.026,-0.02683693593169211
7.027,-0.004660649228039817
7.028,-0.0009646014440977679
7.029,-0.0009646014440977679
7.03,-0.02314088814775006
7.031,-0.004660649228039817
7.032,-0.019444840363808013
7.033,0.00642749412378633
7.034,-0.008356697011981867
7.035,-0.0009646014440977679
7.036,0.00642749412378633
7.037,-0.0009646014440977679
7.038,-0.008356697011981867
7.039,-0.02683693593169211
7.04,-0.019444840363808013
7.041,-0.015748792579865965
7.042,0.002731446339844281
7.043,-0.019444840363808013
7.044,-0.02683693593169211
7.045,-0.02314088814775006
7.046,-0.0009646014440977679
7.047,-0.019444840363808013
7.048,-0.004660649228039817
7.049,-0.008356697011981867
7.05,-0.015748792579865965
7.051,-0.02314088814775006
7.052,-0.008356697011981867
7.053,-0.004660649228039817
7.054,-0.004660649228039817
7.055,-0.019444840363808013
7.056,-0.012052744795923914
7.057,-0.012052744795923914
7.058,-0.019444840363808013
7.059,-0.019444840363808013
7.06,-0.02314088814775006
7.061,-0.012052744795923914
7.062,-0.004660649228039817
7.063,0.002731446339844281
7.064,-0.008356697011981867
7.065,0.002731446339844281
7.066,0.028603780827438623
7.067,0.002731446339844281
7.068,-0.012052744795923914
7.069,-0.004660649228039817
7.07,-0.004660649228039817
7.071,-0.008356697011981867
7.072,-0.03422903149957621
7.073,-0.015748792579865965
7.074,-0.0009646014440977679
7.075,-0.004660649228039817
7.076,-0.004660649228039817
7.077,0.013819589691670428
7.078,-0.008356697011981867
7.079,-0.04162112706746031
7.08,-0.008356697011981867
7.081,0.00642749412378633
7.082,0.002731446339844281
7.083,-0.004660649228039817
7.084,0.010123541907728378
7.085,-0.012052744795923914
7.086,-0.019444840363808013
7.087,-0.004660649228039817
7.088,-0.008356697011981867
7.089,-0.02314088814775006
7.09,-0.008356697011981867
7.091,-0.015748792579865965
7.092,-0.008356697011981867
7.093,0.00642749412378633
7.094,0.00642749412378633
7.095,-0.015748792579865965
7.096,-0.02683693593169211
7.097,-0.019444840363808013
7.098,-0.008356697011981867
7.099,-0.015748792579865965
7.1,-0.015748792579865965
7.101,0.013819589691670428
7.102,-0.004660649228039817
7.103,0.028603780827438623
7.104,0.010123541907728378
7.105,-0.0009646014440977679
7.106,-0.019444840363808013
7.107,-0.015748792579865965
7.108,-0.0009646014440977679
7.109,-0.0009646014440977679
7.11,-0.015748792579865965
7.111,-0.004660649228039817
7.112,-0.015748792579865965
7.113,-0.004660649228039817
7.114,-0.008356697011981867
7.115,-0.012052744795923914
7.116,0.00642749412378633
7.117,-0.0009646014440977679
7.118,-0.004660649228039817
7.119,0.010123541907728378
7.12,-0.0009646014440977679
7.121,0.00642749412378633
7.122,-0.019444840363808013
7.123,-0.008356697011981867
7.124,-0.0009646014440977679
7.125,-0.012052744795923914
7.126,-0.004660649228039817
7.127,-0.008356697011981867
7.128,0.002731446339844281
7.129,-0.015748792579865965
7.13,-0.02314088814775006
7.131,-0.004660649228039817
7.132,-0.012052744795923914
7.133,-0.008356697011981867
7.134,-0.0009646014440977679
7.135,-0.015748792579865965
7.136,-0.012052744795923914
7.137,-0.008356697011981867
7.138,-0.0009646014440977679
7.139,-0.015748792579865965
7.14,0.002731446339844281
7.141,-0.004660649228039817
7.142,-0.008356697011981867
7.143,-0.012052744795923914
7.144,-0.008356697011981867
7.145,0.00642749412378633
7.146,0.010123541907728378
7.147,-0.019444840363808013
7.148,-0.012052744795923914
7.149,-0.03422903149957621
7.15,0.028603780827438623
7.151,0.002731446339844281
7.152,0.010123541907728378
7.153,-0.004660649228039817
7.154,-0.012052744795923914
7.155,-0.02683693593169211
7.156,-0.008356697011981867
7.157,-0.0009646014440977679
7.158,0.002731446339844281
7.159,0.002731446339844281
7.16,0.00642749412378633
7.161,-0.004660649228039817
7.162,0.010123541907728378
7.163,0.024907733043496576
7.164,0.002731446339844281
7.165,0.002731446339844281
7.166,0.010123541907728378
7.167,-0.02683693593169211
7.168,-0.008356697011981867
7.169,0.010123541907728378
7.17,0.010123541907728378
7.171,-0.008356697011981867
7.172,-0.019444840363808013
7.173,-0.004660649228039817
7.174,0.010123541907728378
7.175,0.16905359661723648
7.176,1.1595944027137055
7.177,2.6823660896978296
7.178,4.09056029537975
7.179,5.251119299537554
7.18,5.7833501804252085
7.181,5.7057331769624255
7.182,5.620724077931759
7.183,5.702037129178484
7.184,5.8424869449682815
7.185,5.994024904109906
7.186,6.104906337628167
7.187,6.086426098708457
7.188,6.030985381949326
7.189,5.990328856325964
7.19,6.0198972385975
7.191,6.064249812004804
7.192,6.097514242060283
7.193,6.104906337628167
7.194,6.067945859788747
7.195,6.064249812004804
7.196,6.0753379553566305
7.197,6.086426098708457
7.198,6.090122146492399
7.199,6.115994480979993
7.2,6.082730050924515
7.201,6.023593286381442
7.202,5.362000733055815
7.203,3.8946697628308216
7.204,2.4606032226613066
7.205,1.1669864982815896
7.206,0.435169037061064
7.207,0.39451251143770144
7.208,0.48321765825231067
7.209,0.4573453237647163
7.21,0.3427678424625128
7.211,0.15057335769752625
7.212,0.03599587639532272
7.213,0.03599587639532272
7.214,0.0877405453705114
7.215,0.132093118777816
7.216,0.1247010232099319
7.217,0.058172163098975015
7.218,0.017515637475612477
7.219,0.03229982861138067
7.22,0.061868210882917066
7.221,0.061868210882917066
7.222,0.03969192417926477
7.223,0.021211685259554525
7.224,0.024907733043496576
7.225,0.03229982861138067
7.226,0.002731446339844281
7.227,0.024907733043496576
7.228,0.010123541907728378
7.229,-0.02314088814775006
7.23,-0.012052744795923914
7.231,-0.015748792579865965
7.232,-0.04162112706746031
7.233,-0.049013222635344404
7.234,-0.03422903149957621
7.235,-0.03422903149957621
7.236,-0.049013222635344404
7.237,-0.04162112706746031
7.238,-0.04162112706746031
7.239,-0.06749346155505465
7.24,-0.049013222635344404
7.241,-0.04162112706746031
7.242,-0.04162112706746031
7.243,-0.02683693593169211
7.244,-0.019444840363808013
7.245,-0.015748792579865965
7.246,-0.02683693593169211
7.247,-0.008356697011981867
7.248,-0.012052744795923914
7.249,-0.004660649228039817
7.25,-0.03792507928351826
7.251,0.010123541907728378
7.252,-0.008356697011981867
7.253,-0.0009646014440977679
7.254,0.03229982861138067
7.255,0.024907733043496576
7.256,0.024907733043496576
7.257,0.021211685259554525
7.258,0.04338797196320682
7.259,0.017515637475612477
7.26,0.03969192417926477
7.261,0.024907733043496576
7.262,0.04708401974714887
7.263,0.028603780827438623
7.264,-0.008356697011981867
7.265,0.028603780827438623
7.266,0.04338797196320682
7.267,0.024907733043496576
7.268,0.017515637475612477
7.269,0.010123541907728378
7.27,0.013819589691670428
7.271,-0.004660649228039817
7.272,0.013819589691670428
7.273,-0.0009646014440977679
7.274,-0.015748792579865965
7.275,-0.004660649228039817
7.276,-0.015748792579865965
7.277,-0.03053298371563416
7.278,-0.03053298371563416
7.279,-0.03792507928351826
7.28,-0.03053298371563416
7.281,-0.019444840363808013
7.282,-0.03053298371563416
7.283,-0.06010136598717055
7.284,-0.03422903149957621
7.285,-0.02683693593169211
7.286,-0.015748792579865965
7.287,-0.03792507928351826
7.288,-0.012052744795923914
7.289,-0.03053298371563416
7.29,-0.004660649228039817
7.291,-0.02683693593169211
7.292,-0.015748792579865965
7.293,-0.008356697011981867
7.294,-0.0009646014440977679
7.295,0.021211685259554525
7.296,-0.015748792579865965
7.297,-0.0009646014440977679
7.298,-0.019444840363808013
7.299,0.024907733043496576
7.3,0.013819589691670428
7.301,0.010123541907728378
7.302,0.010123541907728378
7.303,0.010123541907728378
7.304,0.024907733043496576
7.305,-0.0009646014440977679
7.306,0.024907733043496576
7.307,0.017515637475612477
7.308,0.021211685259554525
7.309,0.017515637475612477
7.31,0.021211685259554525
7.311,0.013819589691670428
7.312,-0.012052744795923914
7.313,0.010123541907728378
7.314,-0.012052744795923914
7.315,0.002731446339844281
7.316,-0.008356697011981867
7.317,-0.02314088814775006
7.318,0.021211685259554525
7.319,0.00642749412378633
7.32,-0.012052744795923914
7.321,-0.019444840363808013
7.322,-0.03422903149957621
7.323,-0.04531717485140235
7.324,-0.03422903149957621
7.325,-0.04162112706746031
7.326,-0.03053298371563416
7.327,-0.03422903149957621
7.328,-0.06010136598717055
7.329,-0.03053298371563416
7.33,-0.019444840363808013
7.331,-0.015748792579865965
7.332,-0.03792507928351826
7.333,-0.03422903149957621
7.334,-0.019444840363808013
7.335,0.002731446339844281
7.336,-0.04531717485140235
7.337,-0.015748792579865965
7.338,0.00642749412378633
7.339,-0.004660649228039817
7.34,-0.02683693593169211
7.341,0.010123541907728378
7.342,-0.012052744795923914
7.343,-0.004660649228039817
7.344,0.002731446339844281
7.345,0.002731446339844281
7.346,-0.004660649228039817
7.347,0.010123541907728378
7.348,-0.004660649228039817
7.349,0.021211685259554525
7.35,0.024907733043496576
7.351,-0.004660649228039817
7.352,0.00642749412378633
7.353,0.03229982861138067
7.354,0.021211685259554525
7.355,0.017515637475612477
7.356,0.017515637475612477
7.357,0.002731446339844281
7.358,0.00642749412378633
7.359,0.002731446339844281
7.36,-0.012052744795923914
7.361,-0.02314088814775006
7.362,-0.019444840363808013
7.363,-0.02314088814775006
7.364,-0.015748792579865965
7.365,-0.03792507928351826
7.366,-0.03792507928351826
7.367,-0.02314088814775006
7.368,-0.02314088814775006
7.369,-0.019444840363808013
7.37,-0.03792507928351826
7.371,-0.012052744795923914
7.372,-0.0009646014440977679
7.373,-0.015748792579865965
7.374,-0.02314088814775006
7.375,-0.015748792579865965
7.376,-0.008356697011981867
7.377,-0.03053298371563416
7.378,-0.0009646014440977679
7.379,-0.019444840363808013
7.38,-0.03053298371563416
7.381,-0.015748792579865965
7.382,-0.019444840363808013
7.383,-0.02683693593169211
7.384,-0.0009646014440977679
7.385,0.00642749412378633
7.386,-0.008356697011981867
7.387,0.002731446339844281
7.388,0.002731446339844281
7.389,-0.0009646014440977679
7.39,-0.02314088814775006
7.391,0.00642749412378633
7.392,-0.015748792579865965
7.393,0.00642749412378633
7.394,-0.02314088814775006
7.395,-0.0009646014440977679
7.396,0.017515637475612477
7.397,-0.015748792579865965
7.398,-0.004660649228039817
7.399,-0.019444840363808013
7.4,0.021211685259554525
7.401,0.021211685259554525
7.402,-0.015748792579865965
7.403,0.002731446339844281
7.404,0.010123541907728378
7.405,-0.012052744795923914
7.406,0.002731446339844281
7.407,0.010123541907728378
7.408,0.00642749412378633
7.409,-0.02314088814775006
7.41,0.010123541907728378
7.411,-0.019444840363808013
7.412,-0.0009646014440977679
7.413,0.010123541907728378
7.414,-0.004660649228039817
7.415,-0.004660649228039817
7.416,-0.004660649228039817
7.417,-0.015748792579865965
7.418,-0.04162112706746031
7.419,-0.012052744795923914
7.42,-0.049013222635344404
7.421,-0.019444840363808013
7.422,-0.0009646014440977679
7.423,-0.019444840363808013
7.424,-0.019444840363808013
7.425,-0.02314088814775006
7.426,-0.004660649228039817
7.427,-0.03422903149957621
7.428,-0.019444840363808013
7.429,-0.0009646014440977679
7.43,0.010123541907728378
7.431,0.010123541907728378
7.432,-0.0009646014440977679
7.433,-0.004660649228039817
7.434,0.017515637475612477
7.435,-0.004660649228039817
7.436,-0.015748792579865965
7.437,-0.008356697011981867
7.438,-0.008356697011981867
7.439,-0.004660649228039817
7.44,0.013819589691670428
7.441,-0.004660649228039817
7.442,-0.012052744795923914
7.443,-0.012052744795923914
7.444,-0.0009646014440977679
7.445,-0.004660649228039817
7.446,-0.0009646014440977679
7.447,-0.02314088814775006
7.448,0.002731446339844281
7.449,-0.004660649228039817
7.45,-0.019444840363808013
7.451,-0.012052744795923914
7.452,-0.015748792579865965
7.453,0.002731446339844281
7.454,-0.015748792579865965
7.455,-0.015748792579865965
7.456,-0.008356697011981867
7.457,-0.004660649228039817
7.458,-0.019444840363808013
7.459,0.002731446339844281
7.46,0.002731446339844281
7.461,0.00642749412378633
7.462,-0.015748792579865965
7.463,-0.015748792579865965
7.464,-0.0009646014440977679
7.465,-0.004660649228039817
7.466,0.002731446339844281
7.467,-0.02683693593169211
7.468,-0.008356697011981867
7.469,-0.008356697011981867
7.47,-0.012052744795923914
7.471,-0.019444840363808013
7.472,-0.015748792579865965
7.473,0.002731446339844281
7.474,-0.012052744795923914
7.475,-0.012052744795923914
7.476,-0.0009646014440977679
7.477,-0.02683693593169211
7.478,-0.019444840363808013
7.479,-0.012052744795923914
7.48,-0.004660649228039817
7.481,-0.012052744795923914
7.482,0.013819589691670428
7.483,-0.0009646014440977679
7.484,-0.02314088814775006
7.485,-0.02683693593169211
7.486,-0.0009646014440977679
7.487,-0.03422903149957621
7.488,0.010123541907728378
7.489,-0.012052744795923914
7.49,-0.008356697011981867
7.491,-0.012052744795923914
7.492,-0.019444840363808013
7.493,0.013819589691670428
7.494,-0.019444840363808013
7.495,-0.012052744795923914
7.496,-0.004660649228039817
7.497,0.013819589691670428
7.498,-0.008356697011981867
7.499,-0.015748792579865965
7.5,-0.02314088814775006
7.501,-0.008356697011981867
7.502,0.013819589691670428
7.503,-0.02314088814775006
7.504,-0.03422903149957621
7.505,0.021211685259554525
7.506,0.002731446339844281
7.507,-0.03422903149957621
7.508,0.010123541907728378
7.509,-0.0009646014440977679
7.51,-0.004660649228039817
7.511,-0.04162112706746031
7.512,-0.008356697011981867
7.513,-0.019444840363808013
7.514,-0.019444840363808013
7.515,-0.02683693593169211
7.516,-0.008356697011981867
7.517,-0.02314088814775006
7.518,-0.012052744795923914
7.519,-0.0009646014440977679
7.52,0.002731446339844281
7.521,-0.012052744795923914
7.522,-0.0009646014440977679
7.523,-0.015748792579865965
7.524,-0.012052744795923914
7.525,-0.008356697011981867
7.526,-0.02314088814775006
7.527,-0.008356697011981867
7.528,-0.02683693593169211
7.529,-0.0009646014440977679
7.53,0.013819589691670428
7.531,0.002731446339844281
7.532,0.00642749412378633
7.533,0.013819589691670428
7.534,-0.03053298371563416
7.535,0.00642749412378633
7.536,-0.012052744795923914
7.537,-0.015748792579865965
7.538,-0.008356697011981867
7.539,-0.004660649228039817
7.54,-0.004660649228039817
7.541,-0.0009646014440977679
7.542,-0.02314088814775006
7.543,-0.004660649228039817
7.544,-0.019444840363808013
7.545,-0.004660649228039817
7.546,-0.02314088814775006
7.547,-0.012052744795923914
7.548,-0.019444840363808013
7.549,0.013819589691670428
7.55,0.010123541907728378
7.551,-0.004660649228039817
7.552,0.010123541907728378
7.553,-0.015748792579865965
7.554,-0.0009646014440977679
7.555,0.00642749412378633
7.556,-0.019444840363808013
7.557,0.013819589691670428
7.558,-0.015748792579865965
7.559,-0.0009646014440977679
7.56,-0.004660649228039817
7.561,-0.019444840363808013
7.562,-0.008356697011981867
7.563,0.010123541907728378
7.564,-0.004660649228039817
7.565,-0.015748792579865965
7.566,-0.012052744795923914
7.567,-0.012052744795923914
7.568,-0.008356697011981867
7.569,-0.004660649228039817
7.57,-0.012052744795923914
7.571,-0.0009646014440977679
7.572,-0.0009646014440977679
7.573,-0.03422903149957621
7.574,0.021211685259554525
7.575,-0.004660649228039817
7.576,-0.008356697011981867
7.577,-0.03792507928351826
7.578,-0.015748792579865965
7.579,-0.012052744795923914
7.58,-0.019444840363808013
7.581,-0.004660649228039817
7.582,-0.008356697011981867
7.583,0.013819589691670428
7.584,0.00642749412378633
7.585,-0.019444840363808013
7.586,-0.019444840363808013
7.587,-0.004660649228039817
7.588,-0.03053298371563416
7.589,-0.012052744795923914
7.59,-0.004660649228039817
7.591,-0.008356697011981867
7.592,-0.012052744795923914
7.593,-0.0009646014440977679
7.594,0.017515637475612477
7.595,-0.015748792579865965
7.596,-0.02683693593169211
7.597,0.013819589691670428
7.598,-0.004660649228039817
7.599,-0.012052744795923914
7.6,-0.0009646014440977679
7.601,-0.004660649228039817
7.602,-0.004660649228039817
7.603,-0.015748792579865965
7.604,-0.0009646014440977679
7.605,-0.02314088814775006
7.606,-0.004660649228039817
7.607,-0.004660649228039817
7.608,-0.0009646014440977679
7.609,0.021211685259554525
7.61,-0.004660649228039817
7.611,-0.012052744795923914
7.612,-0.008356697011981867
7.613,0.00642749412378633
7.614,-0.015748792579865965
7.615,-0.02314088814775006
7.616,0.00642749412378633
7.617,-0.008356697011981867
7.618,-0.008356697011981867
7.619,-0.0009646014440977679
7.62,-0.015748792579865965
7.621,-0.012052744795923914
7.622,0.010123541907728378
7.623,0.00642749412378633
7.624,-0.019444840363808013
7.625,0.010123541907728378
7.626,-0.012052744795923914
7.627,0.010123541907728378
7.628,-0.008356697011981867
7.629,-0.015748792579865965
7.63,0.002731446339844281
7.631,-0.02683693593169211
7.632,-0.019444840363808013
7.633,-0.019444840363808013
7.634,-0.019444840363808013
7.635,-0.004660649228039817
7.636,-0.0009646014440977679
7.637,-0.008356697011981867
7.638,-0.004660649228039817
7.639,-0.012052744795923914
7.64,-0.008356697011981867
7.641,-0.012052744795923914
7.642,-0.015748792579865965
7.643,-0.02683693593169211
7.644,-0.012052744795923914
7.645,-0.015748792579865965
7.646,-0.03422903149957621
7.647,-0.019444840363808013
7.648,-0.04162112706746031
7.649,-0.008356697011981867
7.65,-0.015748792579865965
7.651,0.00642749412378633
7.652,0.00642749412378633
7.653,-0.004660649228039817
7.654,-0.008356697011981867
7.655,-0.019444840363808013
7.656,-0.02314088814775006
7.657,-0.008356697011981867
7.658,0.00642749412378633
7.659,-0.004660649228039817
7.66,-0.019444840363808013
7.661,0.00642749412378633
7.662,-0.0009646014440977679
7.663,-0.008356697011981867
7.664,0.010123541907728378
7.665,-0.0009646014440977679
7.666,0.002731446339844281
7.667,-0.012052744795923914
7.668,-0.015748792579865965
7.669,-0.015748792579865965
7.67,-0.004660649228039817
7.671,-0.008356697011981867
7.672,-0.008356697011981867
7.673,-0.008356697011981867
7.674,-0.008356697011981867
7.675,0.013819589691670428
7.676,0.017515637475612477
7.677,-0.02683693593169211
7.678,-0.02683693593169211
7.679,0.002731446339844281
7.68,0.010123541907728378
7.681,0.017515637475612477
7.682,-0.004660649228039817
7.683,-0.019444840363808013
7.684,0.010123541907728378
7.685,0.00642749412378633
7.686,-0.008356697011981867
7.687,-0.012052744795923914
7.688,-0.02683693593169211
7.689,-0.012052744795923914
7.69,-0.008356697011981867
7.691,-0.012052744795923914
7.692,0.017515637475612477
7.693,-0.004660649228039817
7.694,0.002731446339844281
7.695,-0.008356697011981867
7.696,0.010123541907728378
7.697,-0.02683693593169211
7.698,-0.008356697011981867
7.699,-0.0009646014440977679
7.7,-0.015748792579865965
7.701,-0.004660649228039817
7.702,-0.0009646014440977679
7.703,-0.004660649228039817
7.704,-0.019444840363808013
7.705,-0.02683693593169211
7.706,0.00642749412378633
7.707,-0.019444840363808013
7.708,-0.015748792579865965
7.709,-0.0009646014440977679
7.71,-0.004660649228039817
7.711,-0.004660649228039817
7.712,0.002731446339844281
7.713,-0.008356697011981867
7.714,-0.004660649228039817
7.715,-0.02683693593169211
7.716,-0.008356697011981867
7.717,0.00642749412378633
7.718,0.010123541907728378
7.719,0.002731446339844281
7.72,-0.004660649228039817
7.721,-0.019444840363808013
7.722,-0.015748792579865965
7.723,-0.012052744795923914
7.724,-0.02314088814775006
7.725,-0.008356697011981867
7.726,-0.02314088814775006
7.727,-0.008356697011981867
7.728,-0.02683693593169211
7.729,0.010123541907728378
7.73,-0.012052744795923914
7.731,-0.012052744795923914
7.732,-0.004660649228039817
7.733,-0.015748792579865965
7.734,-0.004660649228039817
7.735,-0.015748792579865965
7.736,-0.019444840363808013
7.737,-0.012052744795923914
7.738,-0.015748792579865965
7.739,0.010123541907728378
7.74,-0.012052744795923914
7.741,-0.004660649228039817
7.742,-0.0009646014440977679
7.743,-0.015748792579865965
7.744,-0.0009646014440977679
7.745,-0.012052744795923914
7.746,-0.008356697011981867
7.747,-0.0009646014440977679
7.748,-0.012052744795923914
7.749,-0.02683693593169211
7.75,-0.015748792579865965
7.751,-0.004660649228039817
7.752,-0.0009646014440977679
7.753,-0.012052744795923914
7.754,0.010123541907728378
7.755,0.010123541907728378
7.756,-0.004660649228039817
7.757,-0.0009646014440977679
7.758,0.00642749412378633
7.759,-0.02683693593169211
7.76,-0.0009646014440977679
7.761,-0.008356697011981867
7.762,-0.019444840363808013
7.763,-0.008356697011981867
7.764,0.028603780827438623
7.765,-0.015748792579865965
7.766,-0.012052744795923914
7.767,0.00642749412378633
7.768,-0.008356697011981867
7.769,0.00642749412378633
7.77,0.013819589691670428
7.771,-0.012052744795923914
7.772,-0.012052744795923914
7.773,0.002731446339844281
7.774,-0.02314088814775006
7.775,-0.0009646014440977679
7.776,-0.012052744795923914
7.777,-0.008356697011981867
7.778,-0.015748792579865965
7.779,0.00642749412378633
7.78,-0.012052744795923914
7.781,-0.004660649228039817
7.782,-0.004660649228039817
7.783,-0.004660649228039817
7.784,-0.008356697011981867
7.785,-0.012052744795923914
7.786,-0.008356697011981867
7.787,-0.004660649228039817
7.788,-0.0009646014440977679
7.789,0.021211685259554525
7.79,0.002731446339844281
7.791,-0.008356697011981867
7.792,-0.03053298371563416
7.793,-0.004660649228039817
7.794,0.002731446339844281
7.795,-0.015748792579865965
7.796,-0.008356697011981867
7.797,-0.012052744795923914
7.798,-0.008356697011981867
7.799,0.010123541907728378
7.8,-0.015748792579865965
7.801,-0.012052744795923914
7.802,0.00642749412378633
7.803,-0.0009646014440977679
7.804,-0.008356697011981867
7.805,0.010123541907728378
7.806,-0.0009646014440977679
7.807,-0.02683693593169211
7.808,0.017515637475612477
7.809,0.010123541907728378
7.81,-0.008356697011981867
7.811,0.013819589691670428
7.812,-0.0009646014440977679
7.813,-0.008356697011981867
7.814,-0.012052744795923914
7.815,-0.012052744795923914
7.816,0.010123541907728378
7.817,0.00642749412378633
7.818,0.002731446339844281
7.819,-0.008356697011981867
7.82,-0.004660649228039817
7.821,-0.0009646014440977679
7.822,-0.012052744795923914
7.823,-0.004660649228039817
7.824,0.00642749412378633
7.825,0.002731446339844281
7.826,0.002731446339844281
7.827,0.002731446339844281
7.828,0.00642749412378633
7.829,-0.008356697011981867
7.83,-0.0009646014440977679
7.831,-0.012052744795923914
7.832,-0.0009646014440977679
7.833,-0.02314088814775006
7.834,-0.0009646014440977679
7.835,-0.012052744795923914
7.836,0.00642749412378633
7.837,-0.004660649228039817
7.838,-0.02314088814775006
7.839,-0.008356697011981867
7.84,-0.012052744795923914
7.841,-0.004660649228039817
7.842,-0.012052744795923914
7.843,-0.015748792579865965
7.844,0.010123541907728378
7.845,-0.02683693593169211
7.846,0.002731446339844281
7.847,-0.008356697011981867
7.848,-0.008356697011981867
7.849,-0.015748792579865965
7.85,0.013819589691670428
7.851,-0.004660649228039817
7.852,-0.03053298371563416
7.853,-0.02314088814775006
7.854,0.002731446339844281
7.855,0.002731446339844281
7.856,-0.008356697011981867
7.857,0.00642749412378633
7.858,0.017515637475612477
7.859,0.002731446339844281
7.86,-0.015748792579865965
7.861,0.00642749412378633
7.862,-0.015748792579865965
7.863,-0.015748792579865965
7.864,-0.03422903149957621
7.865,-0.008356697011981867
7.866,-0.02314088814775006
7.867,-0.008356697011981867
7.868,0.00642749412378633
7.869,-0.0009646014440977679
7.87,0.00642749412378633
7.871,-0.019444840363808013
7.872,-0.02314088814775006
7.873,-0.0009646014440977679
7.874,0.021211685259554525
7.875,-0.015748792579865965
7.876,-0.03053298371563416
7.877,0.013819589691670428
7.878,-0.008356697011981867
7.879,-0.012052744795923914
7.88,0.002731446339844281
7.881,0.002731446339844281
7.882,-0.008356697011981867
7.883,0.002731446339844281
7.884,-0.012052744795923914
7.885,0.010123541907728378
7.886,-0.02683693593169211
7.887,-0.004660649228039817
7.888,-0.008356697011981867
7.889,0.00642749412378633
7.89,-0.008356697011981867
7.891,0.002731446339844281
7.892,-0.02314088814775006
7.893,-0.008356697011981867
7.894,-0.0009646014440977679
7.895,-0.015748792579865965
7.896,-0.008356697011981867
7.897,0.017515637475612477
7.898,-0.008356697011981867
7.899,0.00642749412378633
7.9,-0.02314088814775006
7.901,-0.004660649228039817
7.902,0.010123541907728378
7.903,-0.0009646014440977679
7.904,-0.008356697011981867
7.905,-0.004660649228039817
7.906,-0.004660649228039817
7.907,0.013819589691670428
7.908,-0.004660649228039817
7.909,-0.0009646014440977679
7.91,-0.019444840363808013
7.911,-0.0009646014440977679
7.912,0.013819589691670428
7.913,-0.008356697011981867
7.914,-0.004660649228039817
7.915,0.013819589691670428
7.916,-0.008356697011981867
7.917,-0.004660649228039817
7.918,-0.019444840363808013
7.919,-0.008356697011981867
7.92,-0.0009646014440977679
7.921,-0.012052744795923914
7.922,-0.0009646014440977679
7.923,0.00642749412378633
7.924,0.013819589691670428
7.925,-0.012052744795923914
7.926,0.013819589691670428
7.927,-0.03792507928351826
7.928,-0.02314088814775006
7.929,-0.004660649228039817
7.93,0.002731446339844281
7.931,-0.02683693593169211
7.932,0.002731446339844281
7.933,-0.03053298371563416
7.934,-0.0009646014440977679
7.935,-0.019444840363808013
7.936,-0.012052744795923914
7.937,-0.004660649228039817
7.938,-0.012052744795923914
7.939,0.00642749412378633
7.94,-0.0009646014440977679
7.941,-0.012052744795923914
7.942,0.013819589691670428
7.943,0.013819589691670428
7.944,-0.0009646014440977679
7.945,-0.015748792579865965
7.946,-0.019444840363808013
7.947,0.010123541907728378
7.948,0.010123541907728378
7.949,0.028603780827438623
7.95,0.010123541907728378
7.951,0.00642749412378633
7.952,-0.004660649228039817
7.953,-0.004660649228039817
7.954,-0.019444840363808013
7.955,-0.012052744795923914
7.956,-0.0009646014440977679
7.957,-0.008356697011981867
7.958,-0.008356697011981867
7.959,0.002731446339844281
7.96,-0.02314088814775006
7.961,-0.03422903149957621
7.962,-0.008356697011981867
7.963,-0.008356697011981867
7.964,-0.019444840363808013
7.965,0.002731446339844281
7.966,-0.02314088814775006
7.967,-0.015748792579865965
7.968,0.002731446339844281
7.969,-0.02683693593169211
7.97,-0.015748792579865965
7.971,0.010123541907728378
7.972,-0.019444840363808013
7.973,-0.02683693593169211
7.974,-0.02314088814775006
7.975,-0.012052744795923914
7.976,0.002731446339844281
7.977,-0.02314088814775006
7.978,-0.019444840363808013
7.979,-0.015748792579865965
7.98,-0.0009646014440977679
7.981,-0.004660649228039817
7.982,-0.012052744795923914
7.983,-0.02683693593169211
7.984,-0.008356697011981867
7.985,-0.015748792579865965
7.986,-0.019444840363808013
7.987,-0.012052744795923914
7.988,-0.02683693593169211
7.989,-0.03053298371563416
7.99,0.002731446339844281
7.991,-0.008356697011981867
7.992,-0.012052744795923914
7.993,0.00642749412378633
7.994,-0.015748792579865965
7.995,-0.0009646014440977679
7.996,-0.03792507928351826
7.997,-0.015748792579865965
7.998,-0.02683693593169211
7.999,-0.03053298371563416
8.0,0.013819589691670428
8.001,-0.012052744795923914
8.002,-0.008356697011981867
8.003,-0.015748792579865965
8.004,-0.004660649228039817
8.005,-0.008356697011981867
8.006,-0.008356697011981867
8.007,-0.008356697011981867
8.008,-0.008356697011981867
8.009,0.002731446339844281
8.01,-0.008356697011981867
8.011,-0.015748792579865965
8.012,-0.008356697011981867
8.013,0.002731446339844281
8.014,-0.0009646014440977679
8.015,-0.0009646014440977679
8.016,-0.008356697011981867
8.017,-0.015748792579865965
8.018,0.002731446339844281
8.019,-0.04162112706746031
8.02,-0.012052744795923914
8.021,-0.0009646014440977679
8.022,-0.004660649228039817
8.023,-0.008356697011981867
8.024,0.021211685259554525
8.025,0.002731446339844281
8.026,-0.004660649228039817
8.027,-0.008356697011981867
8.028,0.010123541907728378
8.029,-0.0009646014440977679
8.03,-0.008356697011981867
8.031,-0.019444840363808013
8.032,-0.004660649228039817
8.033,-0.008356697011981867
8.034,-0.012052744795923914
8.035,-0.012052744795923914
8.036,0.028603780827438623
8.037,-0.02683693593169211
8.038,-0.0009646014440977679
8.039,-0.0009646014440977679
8.04,-0.0009646014440977679
8.041,-0.02314088814775006
8.042,-0.008356697011981867
8.043,-0.008356697011981867
8.044,-0.004660649228039817
8.045,-0.019444840363808013
8.046,-0.019444840363808013
8.047,-0.03792507928351826
8.048,-0.008356697011981867
8.049,-0.008356697011981867
8.05,0.010123541907728378
8.051,0.010123541907728378
8.052,-0.008356697011981867
8.053,-0.004660649228039817
8.054,0.021211685259554525
8.055,-0.008356697011981867
8.056,-0.02683693593169211
8.057,-0.0009646014440977679
8.058,-0.008356697011981867
8.059,-0.004660649228039817
8.06,0.002731446339844281
8.061,0.00642749412378633
8.062,-0.008356697011981867
8.063,-0.004660649228039817
8.064,-0.019444840363808013
8.065,-0.008356697011981867
8.066,-0.004660649228039817
8.067,-0.019444840363808013
8.068,0.002731446339844281
8.069,-0.008356697011981867
8.07,-0.019444840363808013
8.071,-0.008356697011981867
8.072,0.00642749412378633
8.073,-0.012052744795923914
8.074,-0.004660649228039817
8.075,-0.004660649228039817
8.076,0.010123541907728378
8.077,-0.015748792579865965
8.078,-0.0009646014440977679
8.079,-0.03053298371563416
8.08,-0.004660649228039817
8.081,-0.012052744795923914
8.082,-0.02683693593169211
8.083,-0.004660649228039817
8.084,0.00642749412378633
8.085,0.002731446339844281
8.086,-0.004660649228039817
8.087,0.002731446339844281
8.088,0.010123541907728378
8.089,-0.02683693593169211
8.09,-0.012052744795923914
8.091,-0.008356697011981867
8.092,-0.012052744795923914
8.093,-0.012052744795923914
8.094,0.010123541907728378
8.095,0.010123541907728378
8.096,-0.008356697011981867
8.097,0.00642749412378633
8.098,-0.0009646014440977679
8.099,0.002731446339844281
8.1,-0.004660649228039817
8.101,0.002731446339844281
8.102,-0.004660649228039817
8.103,-0.019444840363808013
8.104,-0.015748792579865965
8.105,-0.008356697011981867
8.106,0.002731446339844281
8.107,-0.008356697011981867
8.108,-0.0009646014440977679
8.109,-0.004660649228039817
8.11,-0.0009646014440977679
8.111,-0.02683693593169211
8.112,-0.015748792579865965
8.113,0.010123541907728378
8.114,-0.019444840363808013
8.115,-0.008356697011981867
8.116,-0.02683693593169211
8.117,0.028603780827438623
8.118,-0.0009646014440977679
8.119,-0.019444840363808013
8.12,-0.019444840363808013
8.121,-0.004660649228039817
8.122,-0.008356697011981867
8.123,-0.0009646014440977679
8.124,-0.008356697011981867
8.125,-0.008356697011981867
8.126,-0.019444840363808013
8.127,0.00642749412378633
8.128,0.00642749412378633
8.129,-0.02683693593169211
8.13,-0.015748792579865965
8.131,-0.015748792579865965
8.132,-0.03053298371563416
8.133,-0.0009646014440977679
8.134,0.00642749412378633
8.135,-0.019444840363808013
8.136,-0.004660649228039817
8.137,0.002731446339844281
8.138,0.002731446339844281
8.139,-0.012052744795923914
8.14,0.010123541907728378
8.141,0.00642749412378633
8.142,0.013819589691670428
8.143,-0.012052744795923914
8.144,-0.012052744795923914
8.145,-0.0009646014440977679
8.146,-0.012052744795923914
8.147,-0.004660649228039817
8.148,-0.004660649228039817
8.149,-0.015748792579865965
8.15,-0.012052744795923914
8.151,-0.012052744795923914
8.152,0.00642749412378633
8.153,-0.012052744795923914
8.154,-0.008356697011981867
8.155,-0.019444840363808013
8.156,-0.008356697011981867
8.157,-0.0009646014440977679
8.158,0.00642749412378633
8.159,-0.012052744795923914
8.16,-0.015748792579865965
8.161,-0.015748792579865965
8.162,-0.015748792579865965
8.163,-0.004660649228039817
8.164,-0.012052744795923914
8.165,-0.012052744795923914
8.166,-0.015748792579865965
8.167,-0.019444840363808013
8.168,-0.0009646014440977679
8.169,-0.008356697011981867
8.17,-0.008356697011981867
8.171,0.002731446339844281
8.172,-0.004660649228039817
8.173,0.002731446339844281
8.174,0.00642749412378633
8.175,0.013819589691670428
8.176,-0.015748792579865965
8.177,-0.0009646014440977679
8.178,-0.004660649228039817
8.179,-0.0009646014440977679
8.18,0.017515637475612477
8.181,0.010123541907728378
8.182,0.00642749412378633
8.183,-0.02683693593169211
8.184,-0.012052744795923914
8.185,-0.015748792579865965
8.186,-0.019444840363808013
8.187,-0.008356697011981867
8.188,-0.004660649228039817
8.189,-0.0009646014440977679
8.19,0.00642749412378633
8.191,-0.0009646014440977679
